current_proposal_id,current_proposer_name,source,match_name,match_score,match_confidence,historical_project_id,historical_title,historical_status,funding_status,amount_ada,amount_original,final_outputs,delivery_flags,ongoing,source_url
69fbc8dd85ddd26899aaf207,2 Lovelaces & Lido Nation,Project Catalyst,2 Lovelaces & Lido Nation (proposal text mention),0.88,medium,f09-swahili-learn-to-earn-f9,Swahili Learn to Earn,complete,approved,,"38,200.00 USD",Marked complete in source data; no closeout artifact captured in interim dataset.,No documented non-delivery signal in dataset.,no,https://www.catalystexplorer.com/en/proposals/swahili-learn-to-earn-f9
69fbc8dd85ddd26899aaf207,2 Lovelaces & Lido Nation,Project Catalyst,2 Lovelaces & Lido Nation (proposal text mention),0.88,medium,f12-catalystexplorercom-for-project-catalyst-research-acceleration-analytics-platform-f12,"catalystexplorer.com for Project Catalyst research, acceleration, & analytics platform",complete,approved,260000.0,"260,000.00 ADA",Marked complete in source data; no closeout artifact captured in interim dataset.,No documented non-delivery signal in dataset.,no,https://www.catalystexplorer.com/en/proposals/catalystexplorercom-for-project-catalyst-research-acceleration-analytics-platform-f12
69fbc8dd85ddd26899aaf207,2 Lovelaces & Lido Nation,Project Catalyst,2 Lovelaces & Lido Nation (proposal text mention),0.88,medium,f13-catalystexplorer-20-ai-powered-exploration-proposal-tinder-funding-transparency-at-your-fingertips-by-lido-nation-f13,"CatalystExplorer 2.0: AI-powered Exploration, Proposal Tinder, & Funding Transparency at your fingertips [by Lido Nation]",in_progress,approved,173000.0,"173,000.00 ADA",No final output captured in interim dataset.,No documented non-delivery signal in dataset.,yes,https://www.catalystexplorer.com/en/proposals/catalystexplorer-20-ai-powered-exploration-proposal-tinder-funding-transparency-at-your-fingertips-by-lido-nation-f13
69fbc8dd85ddd26899aaf207,2 Lovelaces & Lido Nation,Project Catalyst,2 Lovelaces & Lido Nation (proposal text mention),0.88,medium,f13-driving-effective-governance-in-voltaire-cardano-parameters-explorer-by-lido-nation-f13,Driving Effective Governance in Voltaire: Cardano Parameters Explorer [by Lido Nation],in_progress,approved,75000.0,"75,000.00 ADA",No final output captured in interim dataset.,No documented non-delivery signal in dataset.,yes,https://www.catalystexplorer.com/en/proposals/driving-effective-governance-in-voltaire-cardano-parameters-explorer-by-lido-nation-f13
69fbc8dd85ddd26899aaf207,2 Lovelaces & Lido Nation,Project Catalyst,2 Lovelaces & Lido Nation (proposal text mention),0.88,medium,f14-cardano-hub-nbo-grassroot-community-building-by-lidonation-f14,Cardano Hub NBO - Grassroot Community Building by LidoNation,in_progress,approved,11199.99,"11,199.99 ADA",No final output captured in interim dataset.,No documented non-delivery signal in dataset.,yes,https://www.catalystexplorer.com/en/proposals/cardano-hub-nbo-grassroot-community-building-by-lidonation-f14
69fbc8dd85ddd26899aaf207,2 Lovelaces & Lido Nation,Project Catalyst,2 Lovelaces & Lido Nation (proposal text mention),0.88,medium,f14-smart-content-grassroots-growth-for-a-stronger-cardano-f14,Smart Content + Grassroots growth for a Stronger Cardano,in_progress,approved,8000.0,"8,000.00 ADA",No final output captured in interim dataset.,No documented non-delivery signal in dataset.,yes,https://www.catalystexplorer.com/en/proposals/smart-content-grassroots-growth-for-a-stronger-cardano-f14
69f857aed73bae0eb2a99543,BLOXBEAN,Treasury Fund 1,"BLOXBEAN PTE. LTD. via 2025 reconciliation (high, 1.00)",0.92,high,EC-0019-25,BloxBean Java Tools Maintenance and Enhancement,active,contracted,99600.0,"99,600.00 ADA",No Matured milestone output captured; see milestone status counts.,No documented non-delivery signal in dataset.,yes,https://treasury.sundae.fi/budgets/9e65e4ed7d6fd86fc4827d2b45da6d2c601fb920e8bfd794b8ecc619/project/EC-0019-25
69ebc7cdd73bae0eb2a9952d,Cardano Builder DAO,Treasury Fund 1,"Cardano Builder DAO via 2025 reconciliation (high, 0.96)",1.0,high,EMI-0004-25,Rainfire DAO - Cardano Builder DAO ,withdrawn,contracted,12000000.0,"12,000,000.00 ADA",No Matured milestone output captured; see milestone status counts.,"treasury_project_status=withdrawn; {""Withdrawn"": 12000000.0}",no,https://treasury.sundae.fi/budgets/9e65e4ed7d6fd86fc4827d2b45da6d2c601fb920e8bfd794b8ecc619/project/EMI-0004-25
69f70e22ae91c89d30570211,DeltaDeFi,Project Catalyst,DeltaDeFi (proposal text mention),0.82,medium,f12-deltadefi-open-source-libraries-for-high-frequency-trading-f12,DeltaDeFi - Open Source Libraries for High Frequency Trading,complete,approved,200000.0,"200,000.00 ADA",Marked complete in source data; no closeout artifact captured in interim dataset.,No documented non-delivery signal in dataset.,no,https://www.catalystexplorer.com/en/proposals/deltadefi-open-source-libraries-for-high-frequency-trading-f12
69f70e22ae91c89d30570211,DeltaDeFi,Project Catalyst,DeltaDeFi (proposal text mention),0.82,medium,f12-deltadefi-pioneering-high-frequency-trading-on-cardano-f12,DeltaDeFi: Pioneering High-Frequency Trading on Cardano,complete,leftover,300000.0,"300,000.00 ADA",Marked complete in source data; no closeout artifact captured in interim dataset.,No documented non-delivery signal in dataset.,no,https://www.catalystexplorer.com/en/proposals/deltadefi-pioneering-high-frequency-trading-on-cardano-f12
69fd0b20b05ff80adc7d5c55,Eryx,Project Catalyst,Eryx (proposal text mention),0.82,medium,f13-designing-an-api-for-zk-snark-proof-verification-in-aiken-eryx-f13,Designing an API for ZK-Snark proof verification in Aiken - Eryx,complete,approved,200000.0,"200,000.00 ADA",Marked complete in source data; no closeout artifact captured in interim dataset.,No documented non-delivery signal in dataset.,no,https://www.catalystexplorer.com/en/proposals/designing-an-api-for-zk-snark-proof-verification-in-aiken-eryx-f13
69fd0b20b05ff80adc7d5c55,Eryx,Project Catalyst,Eryx (proposal text mention),0.82,medium,f13-zero-knowledge-proof-of-innocence-on-cardano-encoins-modulo-p-eryx-f13,Zero-Knowledge Proof of innocence on Cardano - Encoins + Módulo P + Eryx,complete,leftover,150000.0,"150,000.00 ADA",Marked complete in source data; no closeout artifact captured in interim dataset.,No documented non-delivery signal in dataset.,no,https://www.catalystexplorer.com/en/proposals/zero-knowledge-proof-of-innocence-on-cardano-encoins-modulo-p-eryx-f13
69fd0b20b05ff80adc7d5c55,Eryx,Project Catalyst,Eryx (proposal text mention),0.82,medium,f14-zk-login-in-cardano-eryx-f14,ZK Login in Cardano - Eryx,in_progress,approved,54000.0,"54,000.00 ADA",No final output captured in interim dataset.,No documented non-delivery signal in dataset.,yes,https://www.catalystexplorer.com/en/proposals/zk-login-in-cardano-eryx-f14
69fd0b20b05ff80adc7d5c55,Eryx,Treasury Fund 1,"eryx.co via 2025 reconciliation (high, 0.96)",1.0,high,EC-0017-25,Cooperativa de Trabajo Eryx - ZK Bridge,active,contracted,700000.0,"700,000.00 ADA",No Matured milestone output captured; see milestone status counts.,No documented non-delivery signal in dataset.,yes,https://treasury.sundae.fi/budgets/9e65e4ed7d6fd86fc4827d2b45da6d2c601fb920e8bfd794b8ecc619/project/EC-0017-25
69e63a4ed6a29288536b11fc,Indigo Foundation,Project Catalyst,Indigo Foundation (proposal text mention),0.88,medium,f11-indigo-protocol-v2-audit-f11,Indigo Protocol V2 Audit,complete,approved,450000.0,"450,000.00 ADA",Marked complete in source data; no closeout artifact captured in interim dataset.,No documented non-delivery signal in dataset.,no,https://www.catalystexplorer.com/en/proposals/indigo-protocol-v2-audit-f11
69e7a834d6a29288536b1200,IntersectMBO,Project Catalyst,IntersectMBO (proposal text mention),0.82,medium,f10-for-the-community-by-the-community-optimizing-the-roi-of-catalyst-through-listening-to-builders-expert-analysis-and-assessment-of-cardanos-community-g-f10,"For the community, by the community: Optimizing the ROI of Catalyst through listening to builders, expert analysis and assessment of Cardano’s Community Grants Fund. Brought to you by Catalyst and Intersect MBO Architects.",in_progress,leftover,137428.0,"137,428.00 ADA",No final output captured in interim dataset.,No documented non-delivery signal in dataset.,yes,https://www.catalystexplorer.com/en/proposals/for-the-community-by-the-community-optimizing-the-roi-of-catalyst-through-listening-to-builders-expert-analysis-and-assessment-of-cardanos-community-g-f10
69e7a834d6a29288536b1200,IntersectMBO,Treasury Fund 1,"IntersectMBO via 2025 reconciliation (medium, 0.82)",1.0,high,EG-0002-25,Intersect MBO - A member-based organization for the Cardano ecosystem,paused,contracted,15750000.0,"15,750,000.00 ADA",No Matured milestone output captured; see milestone status counts.,"treasury_project_status=paused; {""Paused"": 1575000.0, ""Withdrawn"": 14175000.0}",yes,https://treasury.sundae.fi/budgets/9e65e4ed7d6fd86fc4827d2b45da6d2c601fb920e8bfd794b8ecc619/project/EG-0002-25
69fcab8de1ab5d003a0cab66,MLabs LTD,Project Catalyst,MLabs LTD (proposal text mention),0.82,medium,f07-mlabs-ddao-f7,MLabs DDAO,complete,approved,,"72,000.00 USD",Marked complete in source data; no closeout artifact captured in interim dataset.,No documented non-delivery signal in dataset.,no,https://www.catalystexplorer.com/en/proposals/mlabs-ddao-f7
69fc919e8a0de51b89857e19,MLabs LTD,Project Catalyst,MLabs LTD (proposal text mention),0.82,medium,f07-mlabs-ddao-f7,MLabs DDAO,complete,approved,,"72,000.00 USD",Marked complete in source data; no closeout artifact captured in interim dataset.,No documented non-delivery signal in dataset.,no,https://www.catalystexplorer.com/en/proposals/mlabs-ddao-f7
69fc8e0989371182537b30a3,MLabs LTD,Project Catalyst,MLabs LTD (proposal text mention),0.82,medium,f07-mlabs-ddao-f7,MLabs DDAO,complete,approved,,"72,000.00 USD",Marked complete in source data; no closeout artifact captured in interim dataset.,No documented non-delivery signal in dataset.,no,https://www.catalystexplorer.com/en/proposals/mlabs-ddao-f7
69fb669185ddd26899aaf203,MLabs LTD,Project Catalyst,MLabs LTD (proposal text mention),0.82,medium,f07-mlabs-ddao-f7,MLabs DDAO,complete,approved,,"72,000.00 USD",Marked complete in source data; no closeout artifact captured in interim dataset.,No documented non-delivery signal in dataset.,no,https://www.catalystexplorer.com/en/proposals/mlabs-ddao-f7
69fb5faab05ff80adc7d5c46,MLabs LTD,Project Catalyst,MLabs LTD (proposal text mention),0.82,medium,f07-mlabs-ddao-f7,MLabs DDAO,complete,approved,,"72,000.00 USD",Marked complete in source data; no closeout artifact captured in interim dataset.,No documented non-delivery signal in dataset.,no,https://www.catalystexplorer.com/en/proposals/mlabs-ddao-f7
69fb450f8a0de51b89857e10,MLabs LTD,Project Catalyst,MLabs LTD (proposal text mention),0.82,medium,f07-mlabs-ddao-f7,MLabs DDAO,complete,approved,,"72,000.00 USD",Marked complete in source data; no closeout artifact captured in interim dataset.,No documented non-delivery signal in dataset.,no,https://www.catalystexplorer.com/en/proposals/mlabs-ddao-f7
69fb2e7485ddd26899aaf1fe,MLabs LTD,Project Catalyst,MLabs LTD (proposal text mention),0.82,medium,f07-mlabs-ddao-f7,MLabs DDAO,complete,approved,,"72,000.00 USD",Marked complete in source data; no closeout artifact captured in interim dataset.,No documented non-delivery signal in dataset.,no,https://www.catalystexplorer.com/en/proposals/mlabs-ddao-f7
69fae404f9ebc26d057f51bf,MLabs LTD,Project Catalyst,MLabs LTD (proposal text mention),0.82,medium,f07-mlabs-ddao-f7,MLabs DDAO,complete,approved,,"72,000.00 USD",Marked complete in source data; no closeout artifact captured in interim dataset.,No documented non-delivery signal in dataset.,no,https://www.catalystexplorer.com/en/proposals/mlabs-ddao-f7
69f8b983e8a58900f4a05a06,MLabs LTD,Project Catalyst,MLabs LTD (proposal text mention),0.82,medium,f07-mlabs-ddao-f7,MLabs DDAO,complete,approved,,"72,000.00 USD",Marked complete in source data; no closeout artifact captured in interim dataset.,No documented non-delivery signal in dataset.,no,https://www.catalystexplorer.com/en/proposals/mlabs-ddao-f7
69fcab8de1ab5d003a0cab66,MLabs LTD,Project Catalyst,MLabs LTD (proposal text mention),0.82,medium,f07-mlabs-dtf-dao-traded-fund-f7,MLabs DTF (Dao-Traded-Fund),complete,approved,,"70,400.00 USD",Marked complete in source data; no closeout artifact captured in interim dataset.,No documented non-delivery signal in dataset.,no,https://www.catalystexplorer.com/en/proposals/mlabs-dtf-dao-traded-fund-f7
69fc919e8a0de51b89857e19,MLabs LTD,Project Catalyst,MLabs LTD (proposal text mention),0.82,medium,f07-mlabs-dtf-dao-traded-fund-f7,MLabs DTF (Dao-Traded-Fund),complete,approved,,"70,400.00 USD",Marked complete in source data; no closeout artifact captured in interim dataset.,No documented non-delivery signal in dataset.,no,https://www.catalystexplorer.com/en/proposals/mlabs-dtf-dao-traded-fund-f7
69fc8e0989371182537b30a3,MLabs LTD,Project Catalyst,MLabs LTD (proposal text mention),0.82,medium,f07-mlabs-dtf-dao-traded-fund-f7,MLabs DTF (Dao-Traded-Fund),complete,approved,,"70,400.00 USD",Marked complete in source data; no closeout artifact captured in interim dataset.,No documented non-delivery signal in dataset.,no,https://www.catalystexplorer.com/en/proposals/mlabs-dtf-dao-traded-fund-f7
69fb669185ddd26899aaf203,MLabs LTD,Project Catalyst,MLabs LTD (proposal text mention),0.82,medium,f07-mlabs-dtf-dao-traded-fund-f7,MLabs DTF (Dao-Traded-Fund),complete,approved,,"70,400.00 USD",Marked complete in source data; no closeout artifact captured in interim dataset.,No documented non-delivery signal in dataset.,no,https://www.catalystexplorer.com/en/proposals/mlabs-dtf-dao-traded-fund-f7
69fb5faab05ff80adc7d5c46,MLabs LTD,Project Catalyst,MLabs LTD (proposal text mention),0.82,medium,f07-mlabs-dtf-dao-traded-fund-f7,MLabs DTF (Dao-Traded-Fund),complete,approved,,"70,400.00 USD",Marked complete in source data; no closeout artifact captured in interim dataset.,No documented non-delivery signal in dataset.,no,https://www.catalystexplorer.com/en/proposals/mlabs-dtf-dao-traded-fund-f7
69fb450f8a0de51b89857e10,MLabs LTD,Project Catalyst,MLabs LTD (proposal text mention),0.82,medium,f07-mlabs-dtf-dao-traded-fund-f7,MLabs DTF (Dao-Traded-Fund),complete,approved,,"70,400.00 USD",Marked complete in source data; no closeout artifact captured in interim dataset.,No documented non-delivery signal in dataset.,no,https://www.catalystexplorer.com/en/proposals/mlabs-dtf-dao-traded-fund-f7
69fb2e7485ddd26899aaf1fe,MLabs LTD,Project Catalyst,MLabs LTD (proposal text mention),0.82,medium,f07-mlabs-dtf-dao-traded-fund-f7,MLabs DTF (Dao-Traded-Fund),complete,approved,,"70,400.00 USD",Marked complete in source data; no closeout artifact captured in interim dataset.,No documented non-delivery signal in dataset.,no,https://www.catalystexplorer.com/en/proposals/mlabs-dtf-dao-traded-fund-f7
69fae404f9ebc26d057f51bf,MLabs LTD,Project Catalyst,MLabs LTD (proposal text mention),0.82,medium,f07-mlabs-dtf-dao-traded-fund-f7,MLabs DTF (Dao-Traded-Fund),complete,approved,,"70,400.00 USD",Marked complete in source data; no closeout artifact captured in interim dataset.,No documented non-delivery signal in dataset.,no,https://www.catalystexplorer.com/en/proposals/mlabs-dtf-dao-traded-fund-f7
69f8b983e8a58900f4a05a06,MLabs LTD,Project Catalyst,MLabs LTD (proposal text mention),0.82,medium,f07-mlabs-dtf-dao-traded-fund-f7,MLabs DTF (Dao-Traded-Fund),complete,approved,,"70,400.00 USD",Marked complete in source data; no closeout artifact captured in interim dataset.,No documented non-delivery signal in dataset.,no,https://www.catalystexplorer.com/en/proposals/mlabs-dtf-dao-traded-fund-f7
69fcab8de1ab5d003a0cab66,MLabs LTD,Project Catalyst,MLabs LTD (proposal text mention),0.82,medium,f08-mlabs-cardano-tx-lib-for-web3-f8,MLabs - Cardano-Tx-Lib for web3,complete,approved,,"71,000.00 USD",Marked complete in source data; no closeout artifact captured in interim dataset.,No documented non-delivery signal in dataset.,no,https://www.catalystexplorer.com/en/proposals/mlabs-cardano-tx-lib-for-web3-f8
69fc919e8a0de51b89857e19,MLabs LTD,Project Catalyst,MLabs LTD (proposal text mention),0.82,medium,f08-mlabs-cardano-tx-lib-for-web3-f8,MLabs - Cardano-Tx-Lib for web3,complete,approved,,"71,000.00 USD",Marked complete in source data; no closeout artifact captured in interim dataset.,No documented non-delivery signal in dataset.,no,https://www.catalystexplorer.com/en/proposals/mlabs-cardano-tx-lib-for-web3-f8
69fc8e0989371182537b30a3,MLabs LTD,Project Catalyst,MLabs LTD (proposal text mention),0.82,medium,f08-mlabs-cardano-tx-lib-for-web3-f8,MLabs - Cardano-Tx-Lib for web3,complete,approved,,"71,000.00 USD",Marked complete in source data; no closeout artifact captured in interim dataset.,No documented non-delivery signal in dataset.,no,https://www.catalystexplorer.com/en/proposals/mlabs-cardano-tx-lib-for-web3-f8
69fb669185ddd26899aaf203,MLabs LTD,Project Catalyst,MLabs LTD (proposal text mention),0.82,medium,f08-mlabs-cardano-tx-lib-for-web3-f8,MLabs - Cardano-Tx-Lib for web3,complete,approved,,"71,000.00 USD",Marked complete in source data; no closeout artifact captured in interim dataset.,No documented non-delivery signal in dataset.,no,https://www.catalystexplorer.com/en/proposals/mlabs-cardano-tx-lib-for-web3-f8
69fb5faab05ff80adc7d5c46,MLabs LTD,Project Catalyst,MLabs LTD (proposal text mention),0.82,medium,f08-mlabs-cardano-tx-lib-for-web3-f8,MLabs - Cardano-Tx-Lib for web3,complete,approved,,"71,000.00 USD",Marked complete in source data; no closeout artifact captured in interim dataset.,No documented non-delivery signal in dataset.,no,https://www.catalystexplorer.com/en/proposals/mlabs-cardano-tx-lib-for-web3-f8
69fb450f8a0de51b89857e10,MLabs LTD,Project Catalyst,MLabs LTD (proposal text mention),0.82,medium,f08-mlabs-cardano-tx-lib-for-web3-f8,MLabs - Cardano-Tx-Lib for web3,complete,approved,,"71,000.00 USD",Marked complete in source data; no closeout artifact captured in interim dataset.,No documented non-delivery signal in dataset.,no,https://www.catalystexplorer.com/en/proposals/mlabs-cardano-tx-lib-for-web3-f8
69fb2e7485ddd26899aaf1fe,MLabs LTD,Project Catalyst,MLabs LTD (proposal text mention),0.82,medium,f08-mlabs-cardano-tx-lib-for-web3-f8,MLabs - Cardano-Tx-Lib for web3,complete,approved,,"71,000.00 USD",Marked complete in source data; no closeout artifact captured in interim dataset.,No documented non-delivery signal in dataset.,no,https://www.catalystexplorer.com/en/proposals/mlabs-cardano-tx-lib-for-web3-f8
69fae404f9ebc26d057f51bf,MLabs LTD,Project Catalyst,MLabs LTD (proposal text mention),0.82,medium,f08-mlabs-cardano-tx-lib-for-web3-f8,MLabs - Cardano-Tx-Lib for web3,complete,approved,,"71,000.00 USD",Marked complete in source data; no closeout artifact captured in interim dataset.,No documented non-delivery signal in dataset.,no,https://www.catalystexplorer.com/en/proposals/mlabs-cardano-tx-lib-for-web3-f8
69f8b983e8a58900f4a05a06,MLabs LTD,Project Catalyst,MLabs LTD (proposal text mention),0.82,medium,f08-mlabs-cardano-tx-lib-for-web3-f8,MLabs - Cardano-Tx-Lib for web3,complete,approved,,"71,000.00 USD",Marked complete in source data; no closeout artifact captured in interim dataset.,No documented non-delivery signal in dataset.,no,https://www.catalystexplorer.com/en/proposals/mlabs-cardano-tx-lib-for-web3-f8
69fcab8de1ab5d003a0cab66,MLabs LTD,Project Catalyst,MLabs LTD (proposal text mention),0.82,medium,f08-mlabs-spec-dsl-for-dapp-security-f8,MLabs - Spec DSL for dApp Security,complete,approved,,"72,000.00 USD",Marked complete in source data; no closeout artifact captured in interim dataset.,No documented non-delivery signal in dataset.,no,https://www.catalystexplorer.com/en/proposals/mlabs-spec-dsl-for-dapp-security-f8
69fc919e8a0de51b89857e19,MLabs LTD,Project Catalyst,MLabs LTD (proposal text mention),0.82,medium,f08-mlabs-spec-dsl-for-dapp-security-f8,MLabs - Spec DSL for dApp Security,complete,approved,,"72,000.00 USD",Marked complete in source data; no closeout artifact captured in interim dataset.,No documented non-delivery signal in dataset.,no,https://www.catalystexplorer.com/en/proposals/mlabs-spec-dsl-for-dapp-security-f8
69fc8e0989371182537b30a3,MLabs LTD,Project Catalyst,MLabs LTD (proposal text mention),0.82,medium,f08-mlabs-spec-dsl-for-dapp-security-f8,MLabs - Spec DSL for dApp Security,complete,approved,,"72,000.00 USD",Marked complete in source data; no closeout artifact captured in interim dataset.,No documented non-delivery signal in dataset.,no,https://www.catalystexplorer.com/en/proposals/mlabs-spec-dsl-for-dapp-security-f8
69fb669185ddd26899aaf203,MLabs LTD,Project Catalyst,MLabs LTD (proposal text mention),0.82,medium,f08-mlabs-spec-dsl-for-dapp-security-f8,MLabs - Spec DSL for dApp Security,complete,approved,,"72,000.00 USD",Marked complete in source data; no closeout artifact captured in interim dataset.,No documented non-delivery signal in dataset.,no,https://www.catalystexplorer.com/en/proposals/mlabs-spec-dsl-for-dapp-security-f8
69fb5faab05ff80adc7d5c46,MLabs LTD,Project Catalyst,MLabs LTD (proposal text mention),0.82,medium,f08-mlabs-spec-dsl-for-dapp-security-f8,MLabs - Spec DSL for dApp Security,complete,approved,,"72,000.00 USD",Marked complete in source data; no closeout artifact captured in interim dataset.,No documented non-delivery signal in dataset.,no,https://www.catalystexplorer.com/en/proposals/mlabs-spec-dsl-for-dapp-security-f8
69fb450f8a0de51b89857e10,MLabs LTD,Project Catalyst,MLabs LTD (proposal text mention),0.82,medium,f08-mlabs-spec-dsl-for-dapp-security-f8,MLabs - Spec DSL for dApp Security,complete,approved,,"72,000.00 USD",Marked complete in source data; no closeout artifact captured in interim dataset.,No documented non-delivery signal in dataset.,no,https://www.catalystexplorer.com/en/proposals/mlabs-spec-dsl-for-dapp-security-f8
69fb2e7485ddd26899aaf1fe,MLabs LTD,Project Catalyst,MLabs LTD (proposal text mention),0.82,medium,f08-mlabs-spec-dsl-for-dapp-security-f8,MLabs - Spec DSL for dApp Security,complete,approved,,"72,000.00 USD",Marked complete in source data; no closeout artifact captured in interim dataset.,No documented non-delivery signal in dataset.,no,https://www.catalystexplorer.com/en/proposals/mlabs-spec-dsl-for-dapp-security-f8
69fae404f9ebc26d057f51bf,MLabs LTD,Project Catalyst,MLabs LTD (proposal text mention),0.82,medium,f08-mlabs-spec-dsl-for-dapp-security-f8,MLabs - Spec DSL for dApp Security,complete,approved,,"72,000.00 USD",Marked complete in source data; no closeout artifact captured in interim dataset.,No documented non-delivery signal in dataset.,no,https://www.catalystexplorer.com/en/proposals/mlabs-spec-dsl-for-dapp-security-f8
69f8b983e8a58900f4a05a06,MLabs LTD,Project Catalyst,MLabs LTD (proposal text mention),0.82,medium,f08-mlabs-spec-dsl-for-dapp-security-f8,MLabs - Spec DSL for dApp Security,complete,approved,,"72,000.00 USD",Marked complete in source data; no closeout artifact captured in interim dataset.,No documented non-delivery signal in dataset.,no,https://www.catalystexplorer.com/en/proposals/mlabs-spec-dsl-for-dapp-security-f8
69fcab8de1ab5d003a0cab66,MLabs LTD,Project Catalyst,MLabs LTD (proposal text mention),0.82,medium,f08-reference-inputs-sdk-mlabsorcfax-f8,Reference Inputs SDK ▶ MLabs+Orcfax,complete,approved,,"112,200.00 USD",Marked complete in source data; no closeout artifact captured in interim dataset.,No documented non-delivery signal in dataset.,no,https://www.catalystexplorer.com/en/proposals/reference-inputs-sdk-mlabsorcfax-f8
69fc919e8a0de51b89857e19,MLabs LTD,Project Catalyst,MLabs LTD (proposal text mention),0.82,medium,f08-reference-inputs-sdk-mlabsorcfax-f8,Reference Inputs SDK ▶ MLabs+Orcfax,complete,approved,,"112,200.00 USD",Marked complete in source data; no closeout artifact captured in interim dataset.,No documented non-delivery signal in dataset.,no,https://www.catalystexplorer.com/en/proposals/reference-inputs-sdk-mlabsorcfax-f8
69fc8e0989371182537b30a3,MLabs LTD,Project Catalyst,MLabs LTD (proposal text mention),0.82,medium,f08-reference-inputs-sdk-mlabsorcfax-f8,Reference Inputs SDK ▶ MLabs+Orcfax,complete,approved,,"112,200.00 USD",Marked complete in source data; no closeout artifact captured in interim dataset.,No documented non-delivery signal in dataset.,no,https://www.catalystexplorer.com/en/proposals/reference-inputs-sdk-mlabsorcfax-f8
69fb669185ddd26899aaf203,MLabs LTD,Project Catalyst,MLabs LTD (proposal text mention),0.82,medium,f08-reference-inputs-sdk-mlabsorcfax-f8,Reference Inputs SDK ▶ MLabs+Orcfax,complete,approved,,"112,200.00 USD",Marked complete in source data; no closeout artifact captured in interim dataset.,No documented non-delivery signal in dataset.,no,https://www.catalystexplorer.com/en/proposals/reference-inputs-sdk-mlabsorcfax-f8
69fb5faab05ff80adc7d5c46,MLabs LTD,Project Catalyst,MLabs LTD (proposal text mention),0.82,medium,f08-reference-inputs-sdk-mlabsorcfax-f8,Reference Inputs SDK ▶ MLabs+Orcfax,complete,approved,,"112,200.00 USD",Marked complete in source data; no closeout artifact captured in interim dataset.,No documented non-delivery signal in dataset.,no,https://www.catalystexplorer.com/en/proposals/reference-inputs-sdk-mlabsorcfax-f8
69fb450f8a0de51b89857e10,MLabs LTD,Project Catalyst,MLabs LTD (proposal text mention),0.82,medium,f08-reference-inputs-sdk-mlabsorcfax-f8,Reference Inputs SDK ▶ MLabs+Orcfax,complete,approved,,"112,200.00 USD",Marked complete in source data; no closeout artifact captured in interim dataset.,No documented non-delivery signal in dataset.,no,https://www.catalystexplorer.com/en/proposals/reference-inputs-sdk-mlabsorcfax-f8
69fb2e7485ddd26899aaf1fe,MLabs LTD,Project Catalyst,MLabs LTD (proposal text mention),0.82,medium,f08-reference-inputs-sdk-mlabsorcfax-f8,Reference Inputs SDK ▶ MLabs+Orcfax,complete,approved,,"112,200.00 USD",Marked complete in source data; no closeout artifact captured in interim dataset.,No documented non-delivery signal in dataset.,no,https://www.catalystexplorer.com/en/proposals/reference-inputs-sdk-mlabsorcfax-f8
69fae404f9ebc26d057f51bf,MLabs LTD,Project Catalyst,MLabs LTD (proposal text mention),0.82,medium,f08-reference-inputs-sdk-mlabsorcfax-f8,Reference Inputs SDK ▶ MLabs+Orcfax,complete,approved,,"112,200.00 USD",Marked complete in source data; no closeout artifact captured in interim dataset.,No documented non-delivery signal in dataset.,no,https://www.catalystexplorer.com/en/proposals/reference-inputs-sdk-mlabsorcfax-f8
69f8b983e8a58900f4a05a06,MLabs LTD,Project Catalyst,MLabs LTD (proposal text mention),0.82,medium,f08-reference-inputs-sdk-mlabsorcfax-f8,Reference Inputs SDK ▶ MLabs+Orcfax,complete,approved,,"112,200.00 USD",Marked complete in source data; no closeout artifact captured in interim dataset.,No documented non-delivery signal in dataset.,no,https://www.catalystexplorer.com/en/proposals/reference-inputs-sdk-mlabsorcfax-f8
69fcab8de1ab5d003a0cab66,MLabs LTD,Project Catalyst,MLabs LTD (proposal text mention),0.82,medium,f09-mlabs-apropos-for-property-tests-f9,MLabs - Apropos for Property Tests,complete,approved,,"62,400.00 USD",Marked complete in source data; no closeout artifact captured in interim dataset.,No documented non-delivery signal in dataset.,no,https://www.catalystexplorer.com/en/proposals/mlabs-apropos-for-property-tests-f9
69fc919e8a0de51b89857e19,MLabs LTD,Project Catalyst,MLabs LTD (proposal text mention),0.82,medium,f09-mlabs-apropos-for-property-tests-f9,MLabs - Apropos for Property Tests,complete,approved,,"62,400.00 USD",Marked complete in source data; no closeout artifact captured in interim dataset.,No documented non-delivery signal in dataset.,no,https://www.catalystexplorer.com/en/proposals/mlabs-apropos-for-property-tests-f9
69fc8e0989371182537b30a3,MLabs LTD,Project Catalyst,MLabs LTD (proposal text mention),0.82,medium,f09-mlabs-apropos-for-property-tests-f9,MLabs - Apropos for Property Tests,complete,approved,,"62,400.00 USD",Marked complete in source data; no closeout artifact captured in interim dataset.,No documented non-delivery signal in dataset.,no,https://www.catalystexplorer.com/en/proposals/mlabs-apropos-for-property-tests-f9
69fb669185ddd26899aaf203,MLabs LTD,Project Catalyst,MLabs LTD (proposal text mention),0.82,medium,f09-mlabs-apropos-for-property-tests-f9,MLabs - Apropos for Property Tests,complete,approved,,"62,400.00 USD",Marked complete in source data; no closeout artifact captured in interim dataset.,No documented non-delivery signal in dataset.,no,https://www.catalystexplorer.com/en/proposals/mlabs-apropos-for-property-tests-f9
69fb5faab05ff80adc7d5c46,MLabs LTD,Project Catalyst,MLabs LTD (proposal text mention),0.82,medium,f09-mlabs-apropos-for-property-tests-f9,MLabs - Apropos for Property Tests,complete,approved,,"62,400.00 USD",Marked complete in source data; no closeout artifact captured in interim dataset.,No documented non-delivery signal in dataset.,no,https://www.catalystexplorer.com/en/proposals/mlabs-apropos-for-property-tests-f9
69fb450f8a0de51b89857e10,MLabs LTD,Project Catalyst,MLabs LTD (proposal text mention),0.82,medium,f09-mlabs-apropos-for-property-tests-f9,MLabs - Apropos for Property Tests,complete,approved,,"62,400.00 USD",Marked complete in source data; no closeout artifact captured in interim dataset.,No documented non-delivery signal in dataset.,no,https://www.catalystexplorer.com/en/proposals/mlabs-apropos-for-property-tests-f9
69fb2e7485ddd26899aaf1fe,MLabs LTD,Project Catalyst,MLabs LTD (proposal text mention),0.82,medium,f09-mlabs-apropos-for-property-tests-f9,MLabs - Apropos for Property Tests,complete,approved,,"62,400.00 USD",Marked complete in source data; no closeout artifact captured in interim dataset.,No documented non-delivery signal in dataset.,no,https://www.catalystexplorer.com/en/proposals/mlabs-apropos-for-property-tests-f9
69fae404f9ebc26d057f51bf,MLabs LTD,Project Catalyst,MLabs LTD (proposal text mention),0.82,medium,f09-mlabs-apropos-for-property-tests-f9,MLabs - Apropos for Property Tests,complete,approved,,"62,400.00 USD",Marked complete in source data; no closeout artifact captured in interim dataset.,No documented non-delivery signal in dataset.,no,https://www.catalystexplorer.com/en/proposals/mlabs-apropos-for-property-tests-f9
69f8b983e8a58900f4a05a06,MLabs LTD,Project Catalyst,MLabs LTD (proposal text mention),0.82,medium,f09-mlabs-apropos-for-property-tests-f9,MLabs - Apropos for Property Tests,complete,approved,,"62,400.00 USD",Marked complete in source data; no closeout artifact captured in interim dataset.,No documented non-delivery signal in dataset.,no,https://www.catalystexplorer.com/en/proposals/mlabs-apropos-for-property-tests-f9
69fcab8de1ab5d003a0cab66,MLabs LTD,Project Catalyst,MLabs LTD (proposal text mention),0.82,medium,f09-mlabs-cardano-dapp-schemas-f9,MLabs - Cardano DApp Schemas,complete,approved,,"115,200.00 USD",Marked complete in source data; no closeout artifact captured in interim dataset.,No documented non-delivery signal in dataset.,no,https://www.catalystexplorer.com/en/proposals/mlabs-cardano-dapp-schemas-f9
69fc919e8a0de51b89857e19,MLabs LTD,Project Catalyst,MLabs LTD (proposal text mention),0.82,medium,f09-mlabs-cardano-dapp-schemas-f9,MLabs - Cardano DApp Schemas,complete,approved,,"115,200.00 USD",Marked complete in source data; no closeout artifact captured in interim dataset.,No documented non-delivery signal in dataset.,no,https://www.catalystexplorer.com/en/proposals/mlabs-cardano-dapp-schemas-f9
69fc8e0989371182537b30a3,MLabs LTD,Project Catalyst,MLabs LTD (proposal text mention),0.82,medium,f09-mlabs-cardano-dapp-schemas-f9,MLabs - Cardano DApp Schemas,complete,approved,,"115,200.00 USD",Marked complete in source data; no closeout artifact captured in interim dataset.,No documented non-delivery signal in dataset.,no,https://www.catalystexplorer.com/en/proposals/mlabs-cardano-dapp-schemas-f9
69fb669185ddd26899aaf203,MLabs LTD,Project Catalyst,MLabs LTD (proposal text mention),0.82,medium,f09-mlabs-cardano-dapp-schemas-f9,MLabs - Cardano DApp Schemas,complete,approved,,"115,200.00 USD",Marked complete in source data; no closeout artifact captured in interim dataset.,No documented non-delivery signal in dataset.,no,https://www.catalystexplorer.com/en/proposals/mlabs-cardano-dapp-schemas-f9
69fb5faab05ff80adc7d5c46,MLabs LTD,Project Catalyst,MLabs LTD (proposal text mention),0.82,medium,f09-mlabs-cardano-dapp-schemas-f9,MLabs - Cardano DApp Schemas,complete,approved,,"115,200.00 USD",Marked complete in source data; no closeout artifact captured in interim dataset.,No documented non-delivery signal in dataset.,no,https://www.catalystexplorer.com/en/proposals/mlabs-cardano-dapp-schemas-f9
69fb450f8a0de51b89857e10,MLabs LTD,Project Catalyst,MLabs LTD (proposal text mention),0.82,medium,f09-mlabs-cardano-dapp-schemas-f9,MLabs - Cardano DApp Schemas,complete,approved,,"115,200.00 USD",Marked complete in source data; no closeout artifact captured in interim dataset.,No documented non-delivery signal in dataset.,no,https://www.catalystexplorer.com/en/proposals/mlabs-cardano-dapp-schemas-f9
69fb2e7485ddd26899aaf1fe,MLabs LTD,Project Catalyst,MLabs LTD (proposal text mention),0.82,medium,f09-mlabs-cardano-dapp-schemas-f9,MLabs - Cardano DApp Schemas,complete,approved,,"115,200.00 USD",Marked complete in source data; no closeout artifact captured in interim dataset.,No documented non-delivery signal in dataset.,no,https://www.catalystexplorer.com/en/proposals/mlabs-cardano-dapp-schemas-f9
69fae404f9ebc26d057f51bf,MLabs LTD,Project Catalyst,MLabs LTD (proposal text mention),0.82,medium,f09-mlabs-cardano-dapp-schemas-f9,MLabs - Cardano DApp Schemas,complete,approved,,"115,200.00 USD",Marked complete in source data; no closeout artifact captured in interim dataset.,No documented non-delivery signal in dataset.,no,https://www.catalystexplorer.com/en/proposals/mlabs-cardano-dapp-schemas-f9
69f8b983e8a58900f4a05a06,MLabs LTD,Project Catalyst,MLabs LTD (proposal text mention),0.82,medium,f09-mlabs-cardano-dapp-schemas-f9,MLabs - Cardano DApp Schemas,complete,approved,,"115,200.00 USD",Marked complete in source data; no closeout artifact captured in interim dataset.,No documented non-delivery signal in dataset.,no,https://www.catalystexplorer.com/en/proposals/mlabs-cardano-dapp-schemas-f9
69fcab8de1ab5d003a0cab66,MLabs LTD,Project Catalyst,MLabs LTD (proposal text mention),0.82,medium,f09-mlabs-cardano-throughput-solution-f9,MLabs - Cardano Throughput Solution,complete,approved,,"81,200.00 USD",Marked complete in source data; no closeout artifact captured in interim dataset.,No documented non-delivery signal in dataset.,no,https://www.catalystexplorer.com/en/proposals/mlabs-cardano-throughput-solution-f9
69fc919e8a0de51b89857e19,MLabs LTD,Project Catalyst,MLabs LTD (proposal text mention),0.82,medium,f09-mlabs-cardano-throughput-solution-f9,MLabs - Cardano Throughput Solution,complete,approved,,"81,200.00 USD",Marked complete in source data; no closeout artifact captured in interim dataset.,No documented non-delivery signal in dataset.,no,https://www.catalystexplorer.com/en/proposals/mlabs-cardano-throughput-solution-f9
69fc8e0989371182537b30a3,MLabs LTD,Project Catalyst,MLabs LTD (proposal text mention),0.82,medium,f09-mlabs-cardano-throughput-solution-f9,MLabs - Cardano Throughput Solution,complete,approved,,"81,200.00 USD",Marked complete in source data; no closeout artifact captured in interim dataset.,No documented non-delivery signal in dataset.,no,https://www.catalystexplorer.com/en/proposals/mlabs-cardano-throughput-solution-f9
69fb669185ddd26899aaf203,MLabs LTD,Project Catalyst,MLabs LTD (proposal text mention),0.82,medium,f09-mlabs-cardano-throughput-solution-f9,MLabs - Cardano Throughput Solution,complete,approved,,"81,200.00 USD",Marked complete in source data; no closeout artifact captured in interim dataset.,No documented non-delivery signal in dataset.,no,https://www.catalystexplorer.com/en/proposals/mlabs-cardano-throughput-solution-f9
69fb5faab05ff80adc7d5c46,MLabs LTD,Project Catalyst,MLabs LTD (proposal text mention),0.82,medium,f09-mlabs-cardano-throughput-solution-f9,MLabs - Cardano Throughput Solution,complete,approved,,"81,200.00 USD",Marked complete in source data; no closeout artifact captured in interim dataset.,No documented non-delivery signal in dataset.,no,https://www.catalystexplorer.com/en/proposals/mlabs-cardano-throughput-solution-f9
69fb450f8a0de51b89857e10,MLabs LTD,Project Catalyst,MLabs LTD (proposal text mention),0.82,medium,f09-mlabs-cardano-throughput-solution-f9,MLabs - Cardano Throughput Solution,complete,approved,,"81,200.00 USD",Marked complete in source data; no closeout artifact captured in interim dataset.,No documented non-delivery signal in dataset.,no,https://www.catalystexplorer.com/en/proposals/mlabs-cardano-throughput-solution-f9
69fb2e7485ddd26899aaf1fe,MLabs LTD,Project Catalyst,MLabs LTD (proposal text mention),0.82,medium,f09-mlabs-cardano-throughput-solution-f9,MLabs - Cardano Throughput Solution,complete,approved,,"81,200.00 USD",Marked complete in source data; no closeout artifact captured in interim dataset.,No documented non-delivery signal in dataset.,no,https://www.catalystexplorer.com/en/proposals/mlabs-cardano-throughput-solution-f9
69fae404f9ebc26d057f51bf,MLabs LTD,Project Catalyst,MLabs LTD (proposal text mention),0.82,medium,f09-mlabs-cardano-throughput-solution-f9,MLabs - Cardano Throughput Solution,complete,approved,,"81,200.00 USD",Marked complete in source data; no closeout artifact captured in interim dataset.,No documented non-delivery signal in dataset.,no,https://www.catalystexplorer.com/en/proposals/mlabs-cardano-throughput-solution-f9
69f8b983e8a58900f4a05a06,MLabs LTD,Project Catalyst,MLabs LTD (proposal text mention),0.82,medium,f09-mlabs-cardano-throughput-solution-f9,MLabs - Cardano Throughput Solution,complete,approved,,"81,200.00 USD",Marked complete in source data; no closeout artifact captured in interim dataset.,No documented non-delivery signal in dataset.,no,https://www.catalystexplorer.com/en/proposals/mlabs-cardano-throughput-solution-f9
69fcab8de1ab5d003a0cab66,MLabs LTD,Project Catalyst,MLabs LTD (proposal text mention),0.82,medium,f09-mlabs-ctl-blockfrost-backend-f9,MLabs - CTL Blockfrost Backend,complete,approved,,"50,000.00 USD",Marked complete in source data; no closeout artifact captured in interim dataset.,No documented non-delivery signal in dataset.,no,https://www.catalystexplorer.com/en/proposals/mlabs-ctl-blockfrost-backend-f9
69fc919e8a0de51b89857e19,MLabs LTD,Project Catalyst,MLabs LTD (proposal text mention),0.82,medium,f09-mlabs-ctl-blockfrost-backend-f9,MLabs - CTL Blockfrost Backend,complete,approved,,"50,000.00 USD",Marked complete in source data; no closeout artifact captured in interim dataset.,No documented non-delivery signal in dataset.,no,https://www.catalystexplorer.com/en/proposals/mlabs-ctl-blockfrost-backend-f9
69fc8e0989371182537b30a3,MLabs LTD,Project Catalyst,MLabs LTD (proposal text mention),0.82,medium,f09-mlabs-ctl-blockfrost-backend-f9,MLabs - CTL Blockfrost Backend,complete,approved,,"50,000.00 USD",Marked complete in source data; no closeout artifact captured in interim dataset.,No documented non-delivery signal in dataset.,no,https://www.catalystexplorer.com/en/proposals/mlabs-ctl-blockfrost-backend-f9
69fb669185ddd26899aaf203,MLabs LTD,Project Catalyst,MLabs LTD (proposal text mention),0.82,medium,f09-mlabs-ctl-blockfrost-backend-f9,MLabs - CTL Blockfrost Backend,complete,approved,,"50,000.00 USD",Marked complete in source data; no closeout artifact captured in interim dataset.,No documented non-delivery signal in dataset.,no,https://www.catalystexplorer.com/en/proposals/mlabs-ctl-blockfrost-backend-f9
69fb5faab05ff80adc7d5c46,MLabs LTD,Project Catalyst,MLabs LTD (proposal text mention),0.82,medium,f09-mlabs-ctl-blockfrost-backend-f9,MLabs - CTL Blockfrost Backend,complete,approved,,"50,000.00 USD",Marked complete in source data; no closeout artifact captured in interim dataset.,No documented non-delivery signal in dataset.,no,https://www.catalystexplorer.com/en/proposals/mlabs-ctl-blockfrost-backend-f9
69fb450f8a0de51b89857e10,MLabs LTD,Project Catalyst,MLabs LTD (proposal text mention),0.82,medium,f09-mlabs-ctl-blockfrost-backend-f9,MLabs - CTL Blockfrost Backend,complete,approved,,"50,000.00 USD",Marked complete in source data; no closeout artifact captured in interim dataset.,No documented non-delivery signal in dataset.,no,https://www.catalystexplorer.com/en/proposals/mlabs-ctl-blockfrost-backend-f9
69fb2e7485ddd26899aaf1fe,MLabs LTD,Project Catalyst,MLabs LTD (proposal text mention),0.82,medium,f09-mlabs-ctl-blockfrost-backend-f9,MLabs - CTL Blockfrost Backend,complete,approved,,"50,000.00 USD",Marked complete in source data; no closeout artifact captured in interim dataset.,No documented non-delivery signal in dataset.,no,https://www.catalystexplorer.com/en/proposals/mlabs-ctl-blockfrost-backend-f9
69fae404f9ebc26d057f51bf,MLabs LTD,Project Catalyst,MLabs LTD (proposal text mention),0.82,medium,f09-mlabs-ctl-blockfrost-backend-f9,MLabs - CTL Blockfrost Backend,complete,approved,,"50,000.00 USD",Marked complete in source data; no closeout artifact captured in interim dataset.,No documented non-delivery signal in dataset.,no,https://www.catalystexplorer.com/en/proposals/mlabs-ctl-blockfrost-backend-f9
69f8b983e8a58900f4a05a06,MLabs LTD,Project Catalyst,MLabs LTD (proposal text mention),0.82,medium,f09-mlabs-ctl-blockfrost-backend-f9,MLabs - CTL Blockfrost Backend,complete,approved,,"50,000.00 USD",Marked complete in source data; no closeout artifact captured in interim dataset.,No documented non-delivery signal in dataset.,no,https://www.catalystexplorer.com/en/proposals/mlabs-ctl-blockfrost-backend-f9
69fcab8de1ab5d003a0cab66,MLabs LTD,Project Catalyst,MLabs LTD (proposal text mention),0.82,medium,f09-mlabs-dev-documentation-drive-f9,MLabs - Dev Documentation Drive,complete,approved,,"60,000.00 USD",Marked complete in source data; no closeout artifact captured in interim dataset.,No documented non-delivery signal in dataset.,no,https://www.catalystexplorer.com/en/proposals/mlabs-dev-documentation-drive-f9
69fc919e8a0de51b89857e19,MLabs LTD,Project Catalyst,MLabs LTD (proposal text mention),0.82,medium,f09-mlabs-dev-documentation-drive-f9,MLabs - Dev Documentation Drive,complete,approved,,"60,000.00 USD",Marked complete in source data; no closeout artifact captured in interim dataset.,No documented non-delivery signal in dataset.,no,https://www.catalystexplorer.com/en/proposals/mlabs-dev-documentation-drive-f9
69fc8e0989371182537b30a3,MLabs LTD,Project Catalyst,MLabs LTD (proposal text mention),0.82,medium,f09-mlabs-dev-documentation-drive-f9,MLabs - Dev Documentation Drive,complete,approved,,"60,000.00 USD",Marked complete in source data; no closeout artifact captured in interim dataset.,No documented non-delivery signal in dataset.,no,https://www.catalystexplorer.com/en/proposals/mlabs-dev-documentation-drive-f9
69fb669185ddd26899aaf203,MLabs LTD,Project Catalyst,MLabs LTD (proposal text mention),0.82,medium,f09-mlabs-dev-documentation-drive-f9,MLabs - Dev Documentation Drive,complete,approved,,"60,000.00 USD",Marked complete in source data; no closeout artifact captured in interim dataset.,No documented non-delivery signal in dataset.,no,https://www.catalystexplorer.com/en/proposals/mlabs-dev-documentation-drive-f9
69fb5faab05ff80adc7d5c46,MLabs LTD,Project Catalyst,MLabs LTD (proposal text mention),0.82,medium,f09-mlabs-dev-documentation-drive-f9,MLabs - Dev Documentation Drive,complete,approved,,"60,000.00 USD",Marked complete in source data; no closeout artifact captured in interim dataset.,No documented non-delivery signal in dataset.,no,https://www.catalystexplorer.com/en/proposals/mlabs-dev-documentation-drive-f9
69fb450f8a0de51b89857e10,MLabs LTD,Project Catalyst,MLabs LTD (proposal text mention),0.82,medium,f09-mlabs-dev-documentation-drive-f9,MLabs - Dev Documentation Drive,complete,approved,,"60,000.00 USD",Marked complete in source data; no closeout artifact captured in interim dataset.,No documented non-delivery signal in dataset.,no,https://www.catalystexplorer.com/en/proposals/mlabs-dev-documentation-drive-f9
69fb2e7485ddd26899aaf1fe,MLabs LTD,Project Catalyst,MLabs LTD (proposal text mention),0.82,medium,f09-mlabs-dev-documentation-drive-f9,MLabs - Dev Documentation Drive,complete,approved,,"60,000.00 USD",Marked complete in source data; no closeout artifact captured in interim dataset.,No documented non-delivery signal in dataset.,no,https://www.catalystexplorer.com/en/proposals/mlabs-dev-documentation-drive-f9
69fae404f9ebc26d057f51bf,MLabs LTD,Project Catalyst,MLabs LTD (proposal text mention),0.82,medium,f09-mlabs-dev-documentation-drive-f9,MLabs - Dev Documentation Drive,complete,approved,,"60,000.00 USD",Marked complete in source data; no closeout artifact captured in interim dataset.,No documented non-delivery signal in dataset.,no,https://www.catalystexplorer.com/en/proposals/mlabs-dev-documentation-drive-f9
69f8b983e8a58900f4a05a06,MLabs LTD,Project Catalyst,MLabs LTD (proposal text mention),0.82,medium,f09-mlabs-dev-documentation-drive-f9,MLabs - Dev Documentation Drive,complete,approved,,"60,000.00 USD",Marked complete in source data; no closeout artifact captured in interim dataset.,No documented non-delivery signal in dataset.,no,https://www.catalystexplorer.com/en/proposals/mlabs-dev-documentation-drive-f9
69fcab8de1ab5d003a0cab66,MLabs LTD,Project Catalyst,MLabs LTD (proposal text mention),0.82,medium,f09-mlabs-embedano-embedded-devices-f9,MLabs - Embedano (Embedded Devices),complete,approved,,"96,000.00 USD",Marked complete in source data; no closeout artifact captured in interim dataset.,No documented non-delivery signal in dataset.,no,https://www.catalystexplorer.com/en/proposals/mlabs-embedano-embedded-devices-f9
69fc919e8a0de51b89857e19,MLabs LTD,Project Catalyst,MLabs LTD (proposal text mention),0.82,medium,f09-mlabs-embedano-embedded-devices-f9,MLabs - Embedano (Embedded Devices),complete,approved,,"96,000.00 USD",Marked complete in source data; no closeout artifact captured in interim dataset.,No documented non-delivery signal in dataset.,no,https://www.catalystexplorer.com/en/proposals/mlabs-embedano-embedded-devices-f9
69fc8e0989371182537b30a3,MLabs LTD,Project Catalyst,MLabs LTD (proposal text mention),0.82,medium,f09-mlabs-embedano-embedded-devices-f9,MLabs - Embedano (Embedded Devices),complete,approved,,"96,000.00 USD",Marked complete in source data; no closeout artifact captured in interim dataset.,No documented non-delivery signal in dataset.,no,https://www.catalystexplorer.com/en/proposals/mlabs-embedano-embedded-devices-f9
69fb669185ddd26899aaf203,MLabs LTD,Project Catalyst,MLabs LTD (proposal text mention),0.82,medium,f09-mlabs-embedano-embedded-devices-f9,MLabs - Embedano (Embedded Devices),complete,approved,,"96,000.00 USD",Marked complete in source data; no closeout artifact captured in interim dataset.,No documented non-delivery signal in dataset.,no,https://www.catalystexplorer.com/en/proposals/mlabs-embedano-embedded-devices-f9
69fb5faab05ff80adc7d5c46,MLabs LTD,Project Catalyst,MLabs LTD (proposal text mention),0.82,medium,f09-mlabs-embedano-embedded-devices-f9,MLabs - Embedano (Embedded Devices),complete,approved,,"96,000.00 USD",Marked complete in source data; no closeout artifact captured in interim dataset.,No documented non-delivery signal in dataset.,no,https://www.catalystexplorer.com/en/proposals/mlabs-embedano-embedded-devices-f9
69fb450f8a0de51b89857e10,MLabs LTD,Project Catalyst,MLabs LTD (proposal text mention),0.82,medium,f09-mlabs-embedano-embedded-devices-f9,MLabs - Embedano (Embedded Devices),complete,approved,,"96,000.00 USD",Marked complete in source data; no closeout artifact captured in interim dataset.,No documented non-delivery signal in dataset.,no,https://www.catalystexplorer.com/en/proposals/mlabs-embedano-embedded-devices-f9
69fb2e7485ddd26899aaf1fe,MLabs LTD,Project Catalyst,MLabs LTD (proposal text mention),0.82,medium,f09-mlabs-embedano-embedded-devices-f9,MLabs - Embedano (Embedded Devices),complete,approved,,"96,000.00 USD",Marked complete in source data; no closeout artifact captured in interim dataset.,No documented non-delivery signal in dataset.,no,https://www.catalystexplorer.com/en/proposals/mlabs-embedano-embedded-devices-f9
69fae404f9ebc26d057f51bf,MLabs LTD,Project Catalyst,MLabs LTD (proposal text mention),0.82,medium,f09-mlabs-embedano-embedded-devices-f9,MLabs - Embedano (Embedded Devices),complete,approved,,"96,000.00 USD",Marked complete in source data; no closeout artifact captured in interim dataset.,No documented non-delivery signal in dataset.,no,https://www.catalystexplorer.com/en/proposals/mlabs-embedano-embedded-devices-f9
69f8b983e8a58900f4a05a06,MLabs LTD,Project Catalyst,MLabs LTD (proposal text mention),0.82,medium,f09-mlabs-embedano-embedded-devices-f9,MLabs - Embedano (Embedded Devices),complete,approved,,"96,000.00 USD",Marked complete in source data; no closeout artifact captured in interim dataset.,No documented non-delivery signal in dataset.,no,https://www.catalystexplorer.com/en/proposals/mlabs-embedano-embedded-devices-f9
69fcab8de1ab5d003a0cab66,MLabs LTD,Project Catalyst,MLabs LTD (proposal text mention),0.82,medium,f09-mlabs-plutarch-v2-f9,MLabs - Plutarch v2,complete,approved,,"73,040.00 USD",Marked complete in source data; no closeout artifact captured in interim dataset.,No documented non-delivery signal in dataset.,no,https://www.catalystexplorer.com/en/proposals/mlabs-plutarch-v2-f9
69fc919e8a0de51b89857e19,MLabs LTD,Project Catalyst,MLabs LTD (proposal text mention),0.82,medium,f09-mlabs-plutarch-v2-f9,MLabs - Plutarch v2,complete,approved,,"73,040.00 USD",Marked complete in source data; no closeout artifact captured in interim dataset.,No documented non-delivery signal in dataset.,no,https://www.catalystexplorer.com/en/proposals/mlabs-plutarch-v2-f9
69fc8e0989371182537b30a3,MLabs LTD,Project Catalyst,MLabs LTD (proposal text mention),0.82,medium,f09-mlabs-plutarch-v2-f9,MLabs - Plutarch v2,complete,approved,,"73,040.00 USD",Marked complete in source data; no closeout artifact captured in interim dataset.,No documented non-delivery signal in dataset.,no,https://www.catalystexplorer.com/en/proposals/mlabs-plutarch-v2-f9
69fb669185ddd26899aaf203,MLabs LTD,Project Catalyst,MLabs LTD (proposal text mention),0.82,medium,f09-mlabs-plutarch-v2-f9,MLabs - Plutarch v2,complete,approved,,"73,040.00 USD",Marked complete in source data; no closeout artifact captured in interim dataset.,No documented non-delivery signal in dataset.,no,https://www.catalystexplorer.com/en/proposals/mlabs-plutarch-v2-f9
69fb5faab05ff80adc7d5c46,MLabs LTD,Project Catalyst,MLabs LTD (proposal text mention),0.82,medium,f09-mlabs-plutarch-v2-f9,MLabs - Plutarch v2,complete,approved,,"73,040.00 USD",Marked complete in source data; no closeout artifact captured in interim dataset.,No documented non-delivery signal in dataset.,no,https://www.catalystexplorer.com/en/proposals/mlabs-plutarch-v2-f9
69fb450f8a0de51b89857e10,MLabs LTD,Project Catalyst,MLabs LTD (proposal text mention),0.82,medium,f09-mlabs-plutarch-v2-f9,MLabs - Plutarch v2,complete,approved,,"73,040.00 USD",Marked complete in source data; no closeout artifact captured in interim dataset.,No documented non-delivery signal in dataset.,no,https://www.catalystexplorer.com/en/proposals/mlabs-plutarch-v2-f9
69fb2e7485ddd26899aaf1fe,MLabs LTD,Project Catalyst,MLabs LTD (proposal text mention),0.82,medium,f09-mlabs-plutarch-v2-f9,MLabs - Plutarch v2,complete,approved,,"73,040.00 USD",Marked complete in source data; no closeout artifact captured in interim dataset.,No documented non-delivery signal in dataset.,no,https://www.catalystexplorer.com/en/proposals/mlabs-plutarch-v2-f9
69fae404f9ebc26d057f51bf,MLabs LTD,Project Catalyst,MLabs LTD (proposal text mention),0.82,medium,f09-mlabs-plutarch-v2-f9,MLabs - Plutarch v2,complete,approved,,"73,040.00 USD",Marked complete in source data; no closeout artifact captured in interim dataset.,No documented non-delivery signal in dataset.,no,https://www.catalystexplorer.com/en/proposals/mlabs-plutarch-v2-f9
69f8b983e8a58900f4a05a06,MLabs LTD,Project Catalyst,MLabs LTD (proposal text mention),0.82,medium,f09-mlabs-plutarch-v2-f9,MLabs - Plutarch v2,complete,approved,,"73,040.00 USD",Marked complete in source data; no closeout artifact captured in interim dataset.,No documented non-delivery signal in dataset.,no,https://www.catalystexplorer.com/en/proposals/mlabs-plutarch-v2-f9
69fcab8de1ab5d003a0cab66,MLabs LTD,Project Catalyst,MLabs LTD (proposal text mention),0.82,medium,f10-ikigai-mlabs-hydra-app-sdk-and-auction-service-f10,Ikigai + MLabs – Hydra app SDK and auction service,complete,approved,1302857.0,"1,302,857.00 ADA",Marked complete in source data; no closeout artifact captured in interim dataset.,No documented non-delivery signal in dataset.,no,https://www.catalystexplorer.com/en/proposals/ikigai-mlabs-hydra-app-sdk-and-auction-service-f10
69fc919e8a0de51b89857e19,MLabs LTD,Project Catalyst,MLabs LTD (proposal text mention),0.82,medium,f10-ikigai-mlabs-hydra-app-sdk-and-auction-service-f10,Ikigai + MLabs – Hydra app SDK and auction service,complete,approved,1302857.0,"1,302,857.00 ADA",Marked complete in source data; no closeout artifact captured in interim dataset.,No documented non-delivery signal in dataset.,no,https://www.catalystexplorer.com/en/proposals/ikigai-mlabs-hydra-app-sdk-and-auction-service-f10
69fc8e0989371182537b30a3,MLabs LTD,Project Catalyst,MLabs LTD (proposal text mention),0.82,medium,f10-ikigai-mlabs-hydra-app-sdk-and-auction-service-f10,Ikigai + MLabs – Hydra app SDK and auction service,complete,approved,1302857.0,"1,302,857.00 ADA",Marked complete in source data; no closeout artifact captured in interim dataset.,No documented non-delivery signal in dataset.,no,https://www.catalystexplorer.com/en/proposals/ikigai-mlabs-hydra-app-sdk-and-auction-service-f10
69fb669185ddd26899aaf203,MLabs LTD,Project Catalyst,MLabs LTD (proposal text mention),0.82,medium,f10-ikigai-mlabs-hydra-app-sdk-and-auction-service-f10,Ikigai + MLabs – Hydra app SDK and auction service,complete,approved,1302857.0,"1,302,857.00 ADA",Marked complete in source data; no closeout artifact captured in interim dataset.,No documented non-delivery signal in dataset.,no,https://www.catalystexplorer.com/en/proposals/ikigai-mlabs-hydra-app-sdk-and-auction-service-f10
69fb5faab05ff80adc7d5c46,MLabs LTD,Project Catalyst,MLabs LTD (proposal text mention),0.82,medium,f10-ikigai-mlabs-hydra-app-sdk-and-auction-service-f10,Ikigai + MLabs – Hydra app SDK and auction service,complete,approved,1302857.0,"1,302,857.00 ADA",Marked complete in source data; no closeout artifact captured in interim dataset.,No documented non-delivery signal in dataset.,no,https://www.catalystexplorer.com/en/proposals/ikigai-mlabs-hydra-app-sdk-and-auction-service-f10
69fb450f8a0de51b89857e10,MLabs LTD,Project Catalyst,MLabs LTD (proposal text mention),0.82,medium,f10-ikigai-mlabs-hydra-app-sdk-and-auction-service-f10,Ikigai + MLabs – Hydra app SDK and auction service,complete,approved,1302857.0,"1,302,857.00 ADA",Marked complete in source data; no closeout artifact captured in interim dataset.,No documented non-delivery signal in dataset.,no,https://www.catalystexplorer.com/en/proposals/ikigai-mlabs-hydra-app-sdk-and-auction-service-f10
69fb2e7485ddd26899aaf1fe,MLabs LTD,Project Catalyst,MLabs LTD (proposal text mention),0.82,medium,f10-ikigai-mlabs-hydra-app-sdk-and-auction-service-f10,Ikigai + MLabs – Hydra app SDK and auction service,complete,approved,1302857.0,"1,302,857.00 ADA",Marked complete in source data; no closeout artifact captured in interim dataset.,No documented non-delivery signal in dataset.,no,https://www.catalystexplorer.com/en/proposals/ikigai-mlabs-hydra-app-sdk-and-auction-service-f10
69fae404f9ebc26d057f51bf,MLabs LTD,Project Catalyst,MLabs LTD (proposal text mention),0.82,medium,f10-ikigai-mlabs-hydra-app-sdk-and-auction-service-f10,Ikigai + MLabs – Hydra app SDK and auction service,complete,approved,1302857.0,"1,302,857.00 ADA",Marked complete in source data; no closeout artifact captured in interim dataset.,No documented non-delivery signal in dataset.,no,https://www.catalystexplorer.com/en/proposals/ikigai-mlabs-hydra-app-sdk-and-auction-service-f10
69f8b983e8a58900f4a05a06,MLabs LTD,Project Catalyst,MLabs LTD (proposal text mention),0.82,medium,f10-ikigai-mlabs-hydra-app-sdk-and-auction-service-f10,Ikigai + MLabs – Hydra app SDK and auction service,complete,approved,1302857.0,"1,302,857.00 ADA",Marked complete in source data; no closeout artifact captured in interim dataset.,No documented non-delivery signal in dataset.,no,https://www.catalystexplorer.com/en/proposals/ikigai-mlabs-hydra-app-sdk-and-auction-service-f10
69fcab8de1ab5d003a0cab66,MLabs LTD,Project Catalyst,MLabs LTD (proposal text mention),0.82,medium,f10-mlabs-browser-based-wallet-for-developers-testers-f10,MLabs - Browser-based Wallet for Developers & Testers,complete,approved,251070.0,"251,070.00 ADA",Marked complete in source data; no closeout artifact captured in interim dataset.,No documented non-delivery signal in dataset.,no,https://www.catalystexplorer.com/en/proposals/mlabs-browser-based-wallet-for-developers-testers-f10
69fc919e8a0de51b89857e19,MLabs LTD,Project Catalyst,MLabs LTD (proposal text mention),0.82,medium,f10-mlabs-browser-based-wallet-for-developers-testers-f10,MLabs - Browser-based Wallet for Developers & Testers,complete,approved,251070.0,"251,070.00 ADA",Marked complete in source data; no closeout artifact captured in interim dataset.,No documented non-delivery signal in dataset.,no,https://www.catalystexplorer.com/en/proposals/mlabs-browser-based-wallet-for-developers-testers-f10
69fc8e0989371182537b30a3,MLabs LTD,Project Catalyst,MLabs LTD (proposal text mention),0.82,medium,f10-mlabs-browser-based-wallet-for-developers-testers-f10,MLabs - Browser-based Wallet for Developers & Testers,complete,approved,251070.0,"251,070.00 ADA",Marked complete in source data; no closeout artifact captured in interim dataset.,No documented non-delivery signal in dataset.,no,https://www.catalystexplorer.com/en/proposals/mlabs-browser-based-wallet-for-developers-testers-f10
69fb669185ddd26899aaf203,MLabs LTD,Project Catalyst,MLabs LTD (proposal text mention),0.82,medium,f10-mlabs-browser-based-wallet-for-developers-testers-f10,MLabs - Browser-based Wallet for Developers & Testers,complete,approved,251070.0,"251,070.00 ADA",Marked complete in source data; no closeout artifact captured in interim dataset.,No documented non-delivery signal in dataset.,no,https://www.catalystexplorer.com/en/proposals/mlabs-browser-based-wallet-for-developers-testers-f10
69fb5faab05ff80adc7d5c46,MLabs LTD,Project Catalyst,MLabs LTD (proposal text mention),0.82,medium,f10-mlabs-browser-based-wallet-for-developers-testers-f10,MLabs - Browser-based Wallet for Developers & Testers,complete,approved,251070.0,"251,070.00 ADA",Marked complete in source data; no closeout artifact captured in interim dataset.,No documented non-delivery signal in dataset.,no,https://www.catalystexplorer.com/en/proposals/mlabs-browser-based-wallet-for-developers-testers-f10
69fb450f8a0de51b89857e10,MLabs LTD,Project Catalyst,MLabs LTD (proposal text mention),0.82,medium,f10-mlabs-browser-based-wallet-for-developers-testers-f10,MLabs - Browser-based Wallet for Developers & Testers,complete,approved,251070.0,"251,070.00 ADA",Marked complete in source data; no closeout artifact captured in interim dataset.,No documented non-delivery signal in dataset.,no,https://www.catalystexplorer.com/en/proposals/mlabs-browser-based-wallet-for-developers-testers-f10
69fb2e7485ddd26899aaf1fe,MLabs LTD,Project Catalyst,MLabs LTD (proposal text mention),0.82,medium,f10-mlabs-browser-based-wallet-for-developers-testers-f10,MLabs - Browser-based Wallet for Developers & Testers,complete,approved,251070.0,"251,070.00 ADA",Marked complete in source data; no closeout artifact captured in interim dataset.,No documented non-delivery signal in dataset.,no,https://www.catalystexplorer.com/en/proposals/mlabs-browser-based-wallet-for-developers-testers-f10
69fae404f9ebc26d057f51bf,MLabs LTD,Project Catalyst,MLabs LTD (proposal text mention),0.82,medium,f10-mlabs-browser-based-wallet-for-developers-testers-f10,MLabs - Browser-based Wallet for Developers & Testers,complete,approved,251070.0,"251,070.00 ADA",Marked complete in source data; no closeout artifact captured in interim dataset.,No documented non-delivery signal in dataset.,no,https://www.catalystexplorer.com/en/proposals/mlabs-browser-based-wallet-for-developers-testers-f10
69f8b983e8a58900f4a05a06,MLabs LTD,Project Catalyst,MLabs LTD (proposal text mention),0.82,medium,f10-mlabs-browser-based-wallet-for-developers-testers-f10,MLabs - Browser-based Wallet for Developers & Testers,complete,approved,251070.0,"251,070.00 ADA",Marked complete in source data; no closeout artifact captured in interim dataset.,No documented non-delivery signal in dataset.,no,https://www.catalystexplorer.com/en/proposals/mlabs-browser-based-wallet-for-developers-testers-f10
69fcab8de1ab5d003a0cab66,MLabs LTD,Project Catalyst,MLabs LTD (proposal text mention),0.82,medium,f10-mlabs-cardano-game-engine-wallet-godot-integration-f10,MLabs – Cardano Game Engine Wallet - Godot Integration,complete,approved,547380.0,"547,380.00 ADA",Marked complete in source data; no closeout artifact captured in interim dataset.,No documented non-delivery signal in dataset.,no,https://www.catalystexplorer.com/en/proposals/mlabs-cardano-game-engine-wallet-godot-integration-f10
69fc919e8a0de51b89857e19,MLabs LTD,Project Catalyst,MLabs LTD (proposal text mention),0.82,medium,f10-mlabs-cardano-game-engine-wallet-godot-integration-f10,MLabs – Cardano Game Engine Wallet - Godot Integration,complete,approved,547380.0,"547,380.00 ADA",Marked complete in source data; no closeout artifact captured in interim dataset.,No documented non-delivery signal in dataset.,no,https://www.catalystexplorer.com/en/proposals/mlabs-cardano-game-engine-wallet-godot-integration-f10
69fc8e0989371182537b30a3,MLabs LTD,Project Catalyst,MLabs LTD (proposal text mention),0.82,medium,f10-mlabs-cardano-game-engine-wallet-godot-integration-f10,MLabs – Cardano Game Engine Wallet - Godot Integration,complete,approved,547380.0,"547,380.00 ADA",Marked complete in source data; no closeout artifact captured in interim dataset.,No documented non-delivery signal in dataset.,no,https://www.catalystexplorer.com/en/proposals/mlabs-cardano-game-engine-wallet-godot-integration-f10
69fb669185ddd26899aaf203,MLabs LTD,Project Catalyst,MLabs LTD (proposal text mention),0.82,medium,f10-mlabs-cardano-game-engine-wallet-godot-integration-f10,MLabs – Cardano Game Engine Wallet - Godot Integration,complete,approved,547380.0,"547,380.00 ADA",Marked complete in source data; no closeout artifact captured in interim dataset.,No documented non-delivery signal in dataset.,no,https://www.catalystexplorer.com/en/proposals/mlabs-cardano-game-engine-wallet-godot-integration-f10
69fb5faab05ff80adc7d5c46,MLabs LTD,Project Catalyst,MLabs LTD (proposal text mention),0.82,medium,f10-mlabs-cardano-game-engine-wallet-godot-integration-f10,MLabs – Cardano Game Engine Wallet - Godot Integration,complete,approved,547380.0,"547,380.00 ADA",Marked complete in source data; no closeout artifact captured in interim dataset.,No documented non-delivery signal in dataset.,no,https://www.catalystexplorer.com/en/proposals/mlabs-cardano-game-engine-wallet-godot-integration-f10
69fb450f8a0de51b89857e10,MLabs LTD,Project Catalyst,MLabs LTD (proposal text mention),0.82,medium,f10-mlabs-cardano-game-engine-wallet-godot-integration-f10,MLabs – Cardano Game Engine Wallet - Godot Integration,complete,approved,547380.0,"547,380.00 ADA",Marked complete in source data; no closeout artifact captured in interim dataset.,No documented non-delivery signal in dataset.,no,https://www.catalystexplorer.com/en/proposals/mlabs-cardano-game-engine-wallet-godot-integration-f10
69fb2e7485ddd26899aaf1fe,MLabs LTD,Project Catalyst,MLabs LTD (proposal text mention),0.82,medium,f10-mlabs-cardano-game-engine-wallet-godot-integration-f10,MLabs – Cardano Game Engine Wallet - Godot Integration,complete,approved,547380.0,"547,380.00 ADA",Marked complete in source data; no closeout artifact captured in interim dataset.,No documented non-delivery signal in dataset.,no,https://www.catalystexplorer.com/en/proposals/mlabs-cardano-game-engine-wallet-godot-integration-f10
69fae404f9ebc26d057f51bf,MLabs LTD,Project Catalyst,MLabs LTD (proposal text mention),0.82,medium,f10-mlabs-cardano-game-engine-wallet-godot-integration-f10,MLabs – Cardano Game Engine Wallet - Godot Integration,complete,approved,547380.0,"547,380.00 ADA",Marked complete in source data; no closeout artifact captured in interim dataset.,No documented non-delivery signal in dataset.,no,https://www.catalystexplorer.com/en/proposals/mlabs-cardano-game-engine-wallet-godot-integration-f10
69f8b983e8a58900f4a05a06,MLabs LTD,Project Catalyst,MLabs LTD (proposal text mention),0.82,medium,f10-mlabs-cardano-game-engine-wallet-godot-integration-f10,MLabs – Cardano Game Engine Wallet - Godot Integration,complete,approved,547380.0,"547,380.00 ADA",Marked complete in source data; no closeout artifact captured in interim dataset.,No documented non-delivery signal in dataset.,no,https://www.catalystexplorer.com/en/proposals/mlabs-cardano-game-engine-wallet-godot-integration-f10
69fcab8de1ab5d003a0cab66,MLabs LTD,Project Catalyst,MLabs LTD (proposal text mention),0.82,medium,f10-mlabs-cardano-onchain-languages-benchmark-f10,MLabs - Cardano Onchain Languages Benchmark,complete,approved,271430.0,"271,430.00 ADA",Marked complete in source data; no closeout artifact captured in interim dataset.,No documented non-delivery signal in dataset.,no,https://www.catalystexplorer.com/en/proposals/mlabs-cardano-onchain-languages-benchmark-f10
69fc919e8a0de51b89857e19,MLabs LTD,Project Catalyst,MLabs LTD (proposal text mention),0.82,medium,f10-mlabs-cardano-onchain-languages-benchmark-f10,MLabs - Cardano Onchain Languages Benchmark,complete,approved,271430.0,"271,430.00 ADA",Marked complete in source data; no closeout artifact captured in interim dataset.,No documented non-delivery signal in dataset.,no,https://www.catalystexplorer.com/en/proposals/mlabs-cardano-onchain-languages-benchmark-f10
69fc8e0989371182537b30a3,MLabs LTD,Project Catalyst,MLabs LTD (proposal text mention),0.82,medium,f10-mlabs-cardano-onchain-languages-benchmark-f10,MLabs - Cardano Onchain Languages Benchmark,complete,approved,271430.0,"271,430.00 ADA",Marked complete in source data; no closeout artifact captured in interim dataset.,No documented non-delivery signal in dataset.,no,https://www.catalystexplorer.com/en/proposals/mlabs-cardano-onchain-languages-benchmark-f10
69fb669185ddd26899aaf203,MLabs LTD,Project Catalyst,MLabs LTD (proposal text mention),0.82,medium,f10-mlabs-cardano-onchain-languages-benchmark-f10,MLabs - Cardano Onchain Languages Benchmark,complete,approved,271430.0,"271,430.00 ADA",Marked complete in source data; no closeout artifact captured in interim dataset.,No documented non-delivery signal in dataset.,no,https://www.catalystexplorer.com/en/proposals/mlabs-cardano-onchain-languages-benchmark-f10
69fb5faab05ff80adc7d5c46,MLabs LTD,Project Catalyst,MLabs LTD (proposal text mention),0.82,medium,f10-mlabs-cardano-onchain-languages-benchmark-f10,MLabs - Cardano Onchain Languages Benchmark,complete,approved,271430.0,"271,430.00 ADA",Marked complete in source data; no closeout artifact captured in interim dataset.,No documented non-delivery signal in dataset.,no,https://www.catalystexplorer.com/en/proposals/mlabs-cardano-onchain-languages-benchmark-f10
69fb450f8a0de51b89857e10,MLabs LTD,Project Catalyst,MLabs LTD (proposal text mention),0.82,medium,f10-mlabs-cardano-onchain-languages-benchmark-f10,MLabs - Cardano Onchain Languages Benchmark,complete,approved,271430.0,"271,430.00 ADA",Marked complete in source data; no closeout artifact captured in interim dataset.,No documented non-delivery signal in dataset.,no,https://www.catalystexplorer.com/en/proposals/mlabs-cardano-onchain-languages-benchmark-f10
69fb2e7485ddd26899aaf1fe,MLabs LTD,Project Catalyst,MLabs LTD (proposal text mention),0.82,medium,f10-mlabs-cardano-onchain-languages-benchmark-f10,MLabs - Cardano Onchain Languages Benchmark,complete,approved,271430.0,"271,430.00 ADA",Marked complete in source data; no closeout artifact captured in interim dataset.,No documented non-delivery signal in dataset.,no,https://www.catalystexplorer.com/en/proposals/mlabs-cardano-onchain-languages-benchmark-f10
69fae404f9ebc26d057f51bf,MLabs LTD,Project Catalyst,MLabs LTD (proposal text mention),0.82,medium,f10-mlabs-cardano-onchain-languages-benchmark-f10,MLabs - Cardano Onchain Languages Benchmark,complete,approved,271430.0,"271,430.00 ADA",Marked complete in source data; no closeout artifact captured in interim dataset.,No documented non-delivery signal in dataset.,no,https://www.catalystexplorer.com/en/proposals/mlabs-cardano-onchain-languages-benchmark-f10
69f8b983e8a58900f4a05a06,MLabs LTD,Project Catalyst,MLabs LTD (proposal text mention),0.82,medium,f10-mlabs-cardano-onchain-languages-benchmark-f10,MLabs - Cardano Onchain Languages Benchmark,complete,approved,271430.0,"271,430.00 ADA",Marked complete in source data; no closeout artifact captured in interim dataset.,No documented non-delivery signal in dataset.,no,https://www.catalystexplorer.com/en/proposals/mlabs-cardano-onchain-languages-benchmark-f10
69fcab8de1ab5d003a0cab66,MLabs LTD,Project Catalyst,MLabs LTD (proposal text mention),0.82,medium,f10-mlabs-cardano-transaction-library-evolution-f10,MLabs - Cardano-Transaction-Library Evolution,complete,approved,226190.0,"226,190.00 ADA",Marked complete in source data; no closeout artifact captured in interim dataset.,No documented non-delivery signal in dataset.,no,https://www.catalystexplorer.com/en/proposals/mlabs-cardano-transaction-library-evolution-f10
69fc919e8a0de51b89857e19,MLabs LTD,Project Catalyst,MLabs LTD (proposal text mention),0.82,medium,f10-mlabs-cardano-transaction-library-evolution-f10,MLabs - Cardano-Transaction-Library Evolution,complete,approved,226190.0,"226,190.00 ADA",Marked complete in source data; no closeout artifact captured in interim dataset.,No documented non-delivery signal in dataset.,no,https://www.catalystexplorer.com/en/proposals/mlabs-cardano-transaction-library-evolution-f10
69fc8e0989371182537b30a3,MLabs LTD,Project Catalyst,MLabs LTD (proposal text mention),0.82,medium,f10-mlabs-cardano-transaction-library-evolution-f10,MLabs - Cardano-Transaction-Library Evolution,complete,approved,226190.0,"226,190.00 ADA",Marked complete in source data; no closeout artifact captured in interim dataset.,No documented non-delivery signal in dataset.,no,https://www.catalystexplorer.com/en/proposals/mlabs-cardano-transaction-library-evolution-f10
69fb669185ddd26899aaf203,MLabs LTD,Project Catalyst,MLabs LTD (proposal text mention),0.82,medium,f10-mlabs-cardano-transaction-library-evolution-f10,MLabs - Cardano-Transaction-Library Evolution,complete,approved,226190.0,"226,190.00 ADA",Marked complete in source data; no closeout artifact captured in interim dataset.,No documented non-delivery signal in dataset.,no,https://www.catalystexplorer.com/en/proposals/mlabs-cardano-transaction-library-evolution-f10
69fb5faab05ff80adc7d5c46,MLabs LTD,Project Catalyst,MLabs LTD (proposal text mention),0.82,medium,f10-mlabs-cardano-transaction-library-evolution-f10,MLabs - Cardano-Transaction-Library Evolution,complete,approved,226190.0,"226,190.00 ADA",Marked complete in source data; no closeout artifact captured in interim dataset.,No documented non-delivery signal in dataset.,no,https://www.catalystexplorer.com/en/proposals/mlabs-cardano-transaction-library-evolution-f10
69fb450f8a0de51b89857e10,MLabs LTD,Project Catalyst,MLabs LTD (proposal text mention),0.82,medium,f10-mlabs-cardano-transaction-library-evolution-f10,MLabs - Cardano-Transaction-Library Evolution,complete,approved,226190.0,"226,190.00 ADA",Marked complete in source data; no closeout artifact captured in interim dataset.,No documented non-delivery signal in dataset.,no,https://www.catalystexplorer.com/en/proposals/mlabs-cardano-transaction-library-evolution-f10
69fb2e7485ddd26899aaf1fe,MLabs LTD,Project Catalyst,MLabs LTD (proposal text mention),0.82,medium,f10-mlabs-cardano-transaction-library-evolution-f10,MLabs - Cardano-Transaction-Library Evolution,complete,approved,226190.0,"226,190.00 ADA",Marked complete in source data; no closeout artifact captured in interim dataset.,No documented non-delivery signal in dataset.,no,https://www.catalystexplorer.com/en/proposals/mlabs-cardano-transaction-library-evolution-f10
69fae404f9ebc26d057f51bf,MLabs LTD,Project Catalyst,MLabs LTD (proposal text mention),0.82,medium,f10-mlabs-cardano-transaction-library-evolution-f10,MLabs - Cardano-Transaction-Library Evolution,complete,approved,226190.0,"226,190.00 ADA",Marked complete in source data; no closeout artifact captured in interim dataset.,No documented non-delivery signal in dataset.,no,https://www.catalystexplorer.com/en/proposals/mlabs-cardano-transaction-library-evolution-f10
69f8b983e8a58900f4a05a06,MLabs LTD,Project Catalyst,MLabs LTD (proposal text mention),0.82,medium,f10-mlabs-cardano-transaction-library-evolution-f10,MLabs - Cardano-Transaction-Library Evolution,complete,approved,226190.0,"226,190.00 ADA",Marked complete in source data; no closeout artifact captured in interim dataset.,No documented non-delivery signal in dataset.,no,https://www.catalystexplorer.com/en/proposals/mlabs-cardano-transaction-library-evolution-f10
69fcab8de1ab5d003a0cab66,MLabs LTD,Project Catalyst,MLabs LTD (proposal text mention),0.82,medium,f10-mlabs-cardanow-rapid-infrastructure-caching-f10,MLabs – CardaNow – Rapid Infrastructure Caching,complete,approved,633330.0,"633,330.00 ADA",Marked complete in source data; no closeout artifact captured in interim dataset.,No documented non-delivery signal in dataset.,no,https://www.catalystexplorer.com/en/proposals/mlabs-cardanow-rapid-infrastructure-caching-f10
69fc919e8a0de51b89857e19,MLabs LTD,Project Catalyst,MLabs LTD (proposal text mention),0.82,medium,f10-mlabs-cardanow-rapid-infrastructure-caching-f10,MLabs – CardaNow – Rapid Infrastructure Caching,complete,approved,633330.0,"633,330.00 ADA",Marked complete in source data; no closeout artifact captured in interim dataset.,No documented non-delivery signal in dataset.,no,https://www.catalystexplorer.com/en/proposals/mlabs-cardanow-rapid-infrastructure-caching-f10
69fc8e0989371182537b30a3,MLabs LTD,Project Catalyst,MLabs LTD (proposal text mention),0.82,medium,f10-mlabs-cardanow-rapid-infrastructure-caching-f10,MLabs – CardaNow – Rapid Infrastructure Caching,complete,approved,633330.0,"633,330.00 ADA",Marked complete in source data; no closeout artifact captured in interim dataset.,No documented non-delivery signal in dataset.,no,https://www.catalystexplorer.com/en/proposals/mlabs-cardanow-rapid-infrastructure-caching-f10
69fb669185ddd26899aaf203,MLabs LTD,Project Catalyst,MLabs LTD (proposal text mention),0.82,medium,f10-mlabs-cardanow-rapid-infrastructure-caching-f10,MLabs – CardaNow – Rapid Infrastructure Caching,complete,approved,633330.0,"633,330.00 ADA",Marked complete in source data; no closeout artifact captured in interim dataset.,No documented non-delivery signal in dataset.,no,https://www.catalystexplorer.com/en/proposals/mlabs-cardanow-rapid-infrastructure-caching-f10
69fb5faab05ff80adc7d5c46,MLabs LTD,Project Catalyst,MLabs LTD (proposal text mention),0.82,medium,f10-mlabs-cardanow-rapid-infrastructure-caching-f10,MLabs – CardaNow – Rapid Infrastructure Caching,complete,approved,633330.0,"633,330.00 ADA",Marked complete in source data; no closeout artifact captured in interim dataset.,No documented non-delivery signal in dataset.,no,https://www.catalystexplorer.com/en/proposals/mlabs-cardanow-rapid-infrastructure-caching-f10
69fb450f8a0de51b89857e10,MLabs LTD,Project Catalyst,MLabs LTD (proposal text mention),0.82,medium,f10-mlabs-cardanow-rapid-infrastructure-caching-f10,MLabs – CardaNow – Rapid Infrastructure Caching,complete,approved,633330.0,"633,330.00 ADA",Marked complete in source data; no closeout artifact captured in interim dataset.,No documented non-delivery signal in dataset.,no,https://www.catalystexplorer.com/en/proposals/mlabs-cardanow-rapid-infrastructure-caching-f10
69fb2e7485ddd26899aaf1fe,MLabs LTD,Project Catalyst,MLabs LTD (proposal text mention),0.82,medium,f10-mlabs-cardanow-rapid-infrastructure-caching-f10,MLabs – CardaNow – Rapid Infrastructure Caching,complete,approved,633330.0,"633,330.00 ADA",Marked complete in source data; no closeout artifact captured in interim dataset.,No documented non-delivery signal in dataset.,no,https://www.catalystexplorer.com/en/proposals/mlabs-cardanow-rapid-infrastructure-caching-f10
69fae404f9ebc26d057f51bf,MLabs LTD,Project Catalyst,MLabs LTD (proposal text mention),0.82,medium,f10-mlabs-cardanow-rapid-infrastructure-caching-f10,MLabs – CardaNow – Rapid Infrastructure Caching,complete,approved,633330.0,"633,330.00 ADA",Marked complete in source data; no closeout artifact captured in interim dataset.,No documented non-delivery signal in dataset.,no,https://www.catalystexplorer.com/en/proposals/mlabs-cardanow-rapid-infrastructure-caching-f10
69f8b983e8a58900f4a05a06,MLabs LTD,Project Catalyst,MLabs LTD (proposal text mention),0.82,medium,f10-mlabs-cardanow-rapid-infrastructure-caching-f10,MLabs – CardaNow – Rapid Infrastructure Caching,complete,approved,633330.0,"633,330.00 ADA",Marked complete in source data; no closeout artifact captured in interim dataset.,No documented non-delivery signal in dataset.,no,https://www.catalystexplorer.com/en/proposals/mlabs-cardanow-rapid-infrastructure-caching-f10
69fcab8de1ab5d003a0cab66,MLabs LTD,Project Catalyst,MLabs LTD (proposal text mention),0.82,medium,f10-mlabs-cemscript-sdk-get-your-dapp-implementation-from-annotated-on-chain-logic-state-machine-f10,MLabs – CEMScript SDK: get your DApp implementation from annotated on-chain logic state-machine,complete,approved,291786.0,"291,786.00 ADA",Marked complete in source data; no closeout artifact captured in interim dataset.,No documented non-delivery signal in dataset.,no,https://www.catalystexplorer.com/en/proposals/mlabs-cemscript-sdk-get-your-dapp-implementation-from-annotated-on-chain-logic-state-machine-f10
69fc919e8a0de51b89857e19,MLabs LTD,Project Catalyst,MLabs LTD (proposal text mention),0.82,medium,f10-mlabs-cemscript-sdk-get-your-dapp-implementation-from-annotated-on-chain-logic-state-machine-f10,MLabs – CEMScript SDK: get your DApp implementation from annotated on-chain logic state-machine,complete,approved,291786.0,"291,786.00 ADA",Marked complete in source data; no closeout artifact captured in interim dataset.,No documented non-delivery signal in dataset.,no,https://www.catalystexplorer.com/en/proposals/mlabs-cemscript-sdk-get-your-dapp-implementation-from-annotated-on-chain-logic-state-machine-f10
69fc8e0989371182537b30a3,MLabs LTD,Project Catalyst,MLabs LTD (proposal text mention),0.82,medium,f10-mlabs-cemscript-sdk-get-your-dapp-implementation-from-annotated-on-chain-logic-state-machine-f10,MLabs – CEMScript SDK: get your DApp implementation from annotated on-chain logic state-machine,complete,approved,291786.0,"291,786.00 ADA",Marked complete in source data; no closeout artifact captured in interim dataset.,No documented non-delivery signal in dataset.,no,https://www.catalystexplorer.com/en/proposals/mlabs-cemscript-sdk-get-your-dapp-implementation-from-annotated-on-chain-logic-state-machine-f10
69fb669185ddd26899aaf203,MLabs LTD,Project Catalyst,MLabs LTD (proposal text mention),0.82,medium,f10-mlabs-cemscript-sdk-get-your-dapp-implementation-from-annotated-on-chain-logic-state-machine-f10,MLabs – CEMScript SDK: get your DApp implementation from annotated on-chain logic state-machine,complete,approved,291786.0,"291,786.00 ADA",Marked complete in source data; no closeout artifact captured in interim dataset.,No documented non-delivery signal in dataset.,no,https://www.catalystexplorer.com/en/proposals/mlabs-cemscript-sdk-get-your-dapp-implementation-from-annotated-on-chain-logic-state-machine-f10
69fb5faab05ff80adc7d5c46,MLabs LTD,Project Catalyst,MLabs LTD (proposal text mention),0.82,medium,f10-mlabs-cemscript-sdk-get-your-dapp-implementation-from-annotated-on-chain-logic-state-machine-f10,MLabs – CEMScript SDK: get your DApp implementation from annotated on-chain logic state-machine,complete,approved,291786.0,"291,786.00 ADA",Marked complete in source data; no closeout artifact captured in interim dataset.,No documented non-delivery signal in dataset.,no,https://www.catalystexplorer.com/en/proposals/mlabs-cemscript-sdk-get-your-dapp-implementation-from-annotated-on-chain-logic-state-machine-f10
69fb450f8a0de51b89857e10,MLabs LTD,Project Catalyst,MLabs LTD (proposal text mention),0.82,medium,f10-mlabs-cemscript-sdk-get-your-dapp-implementation-from-annotated-on-chain-logic-state-machine-f10,MLabs – CEMScript SDK: get your DApp implementation from annotated on-chain logic state-machine,complete,approved,291786.0,"291,786.00 ADA",Marked complete in source data; no closeout artifact captured in interim dataset.,No documented non-delivery signal in dataset.,no,https://www.catalystexplorer.com/en/proposals/mlabs-cemscript-sdk-get-your-dapp-implementation-from-annotated-on-chain-logic-state-machine-f10
69fb2e7485ddd26899aaf1fe,MLabs LTD,Project Catalyst,MLabs LTD (proposal text mention),0.82,medium,f10-mlabs-cemscript-sdk-get-your-dapp-implementation-from-annotated-on-chain-logic-state-machine-f10,MLabs – CEMScript SDK: get your DApp implementation from annotated on-chain logic state-machine,complete,approved,291786.0,"291,786.00 ADA",Marked complete in source data; no closeout artifact captured in interim dataset.,No documented non-delivery signal in dataset.,no,https://www.catalystexplorer.com/en/proposals/mlabs-cemscript-sdk-get-your-dapp-implementation-from-annotated-on-chain-logic-state-machine-f10
69fae404f9ebc26d057f51bf,MLabs LTD,Project Catalyst,MLabs LTD (proposal text mention),0.82,medium,f10-mlabs-cemscript-sdk-get-your-dapp-implementation-from-annotated-on-chain-logic-state-machine-f10,MLabs – CEMScript SDK: get your DApp implementation from annotated on-chain logic state-machine,complete,approved,291786.0,"291,786.00 ADA",Marked complete in source data; no closeout artifact captured in interim dataset.,No documented non-delivery signal in dataset.,no,https://www.catalystexplorer.com/en/proposals/mlabs-cemscript-sdk-get-your-dapp-implementation-from-annotated-on-chain-logic-state-machine-f10
69f8b983e8a58900f4a05a06,MLabs LTD,Project Catalyst,MLabs LTD (proposal text mention),0.82,medium,f10-mlabs-cemscript-sdk-get-your-dapp-implementation-from-annotated-on-chain-logic-state-machine-f10,MLabs – CEMScript SDK: get your DApp implementation from annotated on-chain logic state-machine,complete,approved,291786.0,"291,786.00 ADA",Marked complete in source data; no closeout artifact captured in interim dataset.,No documented non-delivery signal in dataset.,no,https://www.catalystexplorer.com/en/proposals/mlabs-cemscript-sdk-get-your-dapp-implementation-from-annotated-on-chain-logic-state-machine-f10
69fcab8de1ab5d003a0cab66,MLabs LTD,Project Catalyst,MLabs LTD (proposal text mention),0.82,medium,f10-mlabs-congested-testnet-f10,MLabs – Congested Testnet,complete,approved,227140.0,"227,140.00 ADA",Marked complete in source data; no closeout artifact captured in interim dataset.,No documented non-delivery signal in dataset.,no,https://www.catalystexplorer.com/en/proposals/mlabs-congested-testnet-f10
69fc919e8a0de51b89857e19,MLabs LTD,Project Catalyst,MLabs LTD (proposal text mention),0.82,medium,f10-mlabs-congested-testnet-f10,MLabs – Congested Testnet,complete,approved,227140.0,"227,140.00 ADA",Marked complete in source data; no closeout artifact captured in interim dataset.,No documented non-delivery signal in dataset.,no,https://www.catalystexplorer.com/en/proposals/mlabs-congested-testnet-f10
69fc8e0989371182537b30a3,MLabs LTD,Project Catalyst,MLabs LTD (proposal text mention),0.82,medium,f10-mlabs-congested-testnet-f10,MLabs – Congested Testnet,complete,approved,227140.0,"227,140.00 ADA",Marked complete in source data; no closeout artifact captured in interim dataset.,No documented non-delivery signal in dataset.,no,https://www.catalystexplorer.com/en/proposals/mlabs-congested-testnet-f10
69fb669185ddd26899aaf203,MLabs LTD,Project Catalyst,MLabs LTD (proposal text mention),0.82,medium,f10-mlabs-congested-testnet-f10,MLabs – Congested Testnet,complete,approved,227140.0,"227,140.00 ADA",Marked complete in source data; no closeout artifact captured in interim dataset.,No documented non-delivery signal in dataset.,no,https://www.catalystexplorer.com/en/proposals/mlabs-congested-testnet-f10
69fb5faab05ff80adc7d5c46,MLabs LTD,Project Catalyst,MLabs LTD (proposal text mention),0.82,medium,f10-mlabs-congested-testnet-f10,MLabs – Congested Testnet,complete,approved,227140.0,"227,140.00 ADA",Marked complete in source data; no closeout artifact captured in interim dataset.,No documented non-delivery signal in dataset.,no,https://www.catalystexplorer.com/en/proposals/mlabs-congested-testnet-f10
69fb450f8a0de51b89857e10,MLabs LTD,Project Catalyst,MLabs LTD (proposal text mention),0.82,medium,f10-mlabs-congested-testnet-f10,MLabs – Congested Testnet,complete,approved,227140.0,"227,140.00 ADA",Marked complete in source data; no closeout artifact captured in interim dataset.,No documented non-delivery signal in dataset.,no,https://www.catalystexplorer.com/en/proposals/mlabs-congested-testnet-f10
69fb2e7485ddd26899aaf1fe,MLabs LTD,Project Catalyst,MLabs LTD (proposal text mention),0.82,medium,f10-mlabs-congested-testnet-f10,MLabs – Congested Testnet,complete,approved,227140.0,"227,140.00 ADA",Marked complete in source data; no closeout artifact captured in interim dataset.,No documented non-delivery signal in dataset.,no,https://www.catalystexplorer.com/en/proposals/mlabs-congested-testnet-f10
69fae404f9ebc26d057f51bf,MLabs LTD,Project Catalyst,MLabs LTD (proposal text mention),0.82,medium,f10-mlabs-congested-testnet-f10,MLabs – Congested Testnet,complete,approved,227140.0,"227,140.00 ADA",Marked complete in source data; no closeout artifact captured in interim dataset.,No documented non-delivery signal in dataset.,no,https://www.catalystexplorer.com/en/proposals/mlabs-congested-testnet-f10
69f8b983e8a58900f4a05a06,MLabs LTD,Project Catalyst,MLabs LTD (proposal text mention),0.82,medium,f10-mlabs-congested-testnet-f10,MLabs – Congested Testnet,complete,approved,227140.0,"227,140.00 ADA",Marked complete in source data; no closeout artifact captured in interim dataset.,No documented non-delivery signal in dataset.,no,https://www.catalystexplorer.com/en/proposals/mlabs-congested-testnet-f10
69fcab8de1ab5d003a0cab66,MLabs LTD,Project Catalyst,MLabs LTD (proposal text mention),0.82,medium,f10-mlabs-dens-decentralized-name-system-phase-i-f10,MLabs - DeNS (Decentralized Name System): Phase I,complete,approved,257850.0,"257,850.00 ADA",Marked complete in source data; no closeout artifact captured in interim dataset.,No documented non-delivery signal in dataset.,no,https://www.catalystexplorer.com/en/proposals/mlabs-dens-decentralized-name-system-phase-i-f10
69fc919e8a0de51b89857e19,MLabs LTD,Project Catalyst,MLabs LTD (proposal text mention),0.82,medium,f10-mlabs-dens-decentralized-name-system-phase-i-f10,MLabs - DeNS (Decentralized Name System): Phase I,complete,approved,257850.0,"257,850.00 ADA",Marked complete in source data; no closeout artifact captured in interim dataset.,No documented non-delivery signal in dataset.,no,https://www.catalystexplorer.com/en/proposals/mlabs-dens-decentralized-name-system-phase-i-f10
69fc8e0989371182537b30a3,MLabs LTD,Project Catalyst,MLabs LTD (proposal text mention),0.82,medium,f10-mlabs-dens-decentralized-name-system-phase-i-f10,MLabs - DeNS (Decentralized Name System): Phase I,complete,approved,257850.0,"257,850.00 ADA",Marked complete in source data; no closeout artifact captured in interim dataset.,No documented non-delivery signal in dataset.,no,https://www.catalystexplorer.com/en/proposals/mlabs-dens-decentralized-name-system-phase-i-f10
69fb669185ddd26899aaf203,MLabs LTD,Project Catalyst,MLabs LTD (proposal text mention),0.82,medium,f10-mlabs-dens-decentralized-name-system-phase-i-f10,MLabs - DeNS (Decentralized Name System): Phase I,complete,approved,257850.0,"257,850.00 ADA",Marked complete in source data; no closeout artifact captured in interim dataset.,No documented non-delivery signal in dataset.,no,https://www.catalystexplorer.com/en/proposals/mlabs-dens-decentralized-name-system-phase-i-f10
69fb5faab05ff80adc7d5c46,MLabs LTD,Project Catalyst,MLabs LTD (proposal text mention),0.82,medium,f10-mlabs-dens-decentralized-name-system-phase-i-f10,MLabs - DeNS (Decentralized Name System): Phase I,complete,approved,257850.0,"257,850.00 ADA",Marked complete in source data; no closeout artifact captured in interim dataset.,No documented non-delivery signal in dataset.,no,https://www.catalystexplorer.com/en/proposals/mlabs-dens-decentralized-name-system-phase-i-f10
69fb450f8a0de51b89857e10,MLabs LTD,Project Catalyst,MLabs LTD (proposal text mention),0.82,medium,f10-mlabs-dens-decentralized-name-system-phase-i-f10,MLabs - DeNS (Decentralized Name System): Phase I,complete,approved,257850.0,"257,850.00 ADA",Marked complete in source data; no closeout artifact captured in interim dataset.,No documented non-delivery signal in dataset.,no,https://www.catalystexplorer.com/en/proposals/mlabs-dens-decentralized-name-system-phase-i-f10
69fb2e7485ddd26899aaf1fe,MLabs LTD,Project Catalyst,MLabs LTD (proposal text mention),0.82,medium,f10-mlabs-dens-decentralized-name-system-phase-i-f10,MLabs - DeNS (Decentralized Name System): Phase I,complete,approved,257850.0,"257,850.00 ADA",Marked complete in source data; no closeout artifact captured in interim dataset.,No documented non-delivery signal in dataset.,no,https://www.catalystexplorer.com/en/proposals/mlabs-dens-decentralized-name-system-phase-i-f10
69fae404f9ebc26d057f51bf,MLabs LTD,Project Catalyst,MLabs LTD (proposal text mention),0.82,medium,f10-mlabs-dens-decentralized-name-system-phase-i-f10,MLabs - DeNS (Decentralized Name System): Phase I,complete,approved,257850.0,"257,850.00 ADA",Marked complete in source data; no closeout artifact captured in interim dataset.,No documented non-delivery signal in dataset.,no,https://www.catalystexplorer.com/en/proposals/mlabs-dens-decentralized-name-system-phase-i-f10
69f8b983e8a58900f4a05a06,MLabs LTD,Project Catalyst,MLabs LTD (proposal text mention),0.82,medium,f10-mlabs-dens-decentralized-name-system-phase-i-f10,MLabs - DeNS (Decentralized Name System): Phase I,complete,approved,257850.0,"257,850.00 ADA",Marked complete in source data; no closeout artifact captured in interim dataset.,No documented non-delivery signal in dataset.,no,https://www.catalystexplorer.com/en/proposals/mlabs-dens-decentralized-name-system-phase-i-f10
69fcab8de1ab5d003a0cab66,MLabs LTD,Project Catalyst,MLabs LTD (proposal text mention),0.82,medium,f10-mlabs-enhancing-and-evolving-the-plutus-simple-model-psm-test-library-f10,MLabs – Enhancing and Evolving the Plutus Simple Model (PSM) Test Library,complete,approved,352860.0,"352,860.00 ADA",Marked complete in source data; no closeout artifact captured in interim dataset.,No documented non-delivery signal in dataset.,no,https://www.catalystexplorer.com/en/proposals/mlabs-enhancing-and-evolving-the-plutus-simple-model-psm-test-library-f10
69fc919e8a0de51b89857e19,MLabs LTD,Project Catalyst,MLabs LTD (proposal text mention),0.82,medium,f10-mlabs-enhancing-and-evolving-the-plutus-simple-model-psm-test-library-f10,MLabs – Enhancing and Evolving the Plutus Simple Model (PSM) Test Library,complete,approved,352860.0,"352,860.00 ADA",Marked complete in source data; no closeout artifact captured in interim dataset.,No documented non-delivery signal in dataset.,no,https://www.catalystexplorer.com/en/proposals/mlabs-enhancing-and-evolving-the-plutus-simple-model-psm-test-library-f10
69fc8e0989371182537b30a3,MLabs LTD,Project Catalyst,MLabs LTD (proposal text mention),0.82,medium,f10-mlabs-enhancing-and-evolving-the-plutus-simple-model-psm-test-library-f10,MLabs – Enhancing and Evolving the Plutus Simple Model (PSM) Test Library,complete,approved,352860.0,"352,860.00 ADA",Marked complete in source data; no closeout artifact captured in interim dataset.,No documented non-delivery signal in dataset.,no,https://www.catalystexplorer.com/en/proposals/mlabs-enhancing-and-evolving-the-plutus-simple-model-psm-test-library-f10
69fb669185ddd26899aaf203,MLabs LTD,Project Catalyst,MLabs LTD (proposal text mention),0.82,medium,f10-mlabs-enhancing-and-evolving-the-plutus-simple-model-psm-test-library-f10,MLabs – Enhancing and Evolving the Plutus Simple Model (PSM) Test Library,complete,approved,352860.0,"352,860.00 ADA",Marked complete in source data; no closeout artifact captured in interim dataset.,No documented non-delivery signal in dataset.,no,https://www.catalystexplorer.com/en/proposals/mlabs-enhancing-and-evolving-the-plutus-simple-model-psm-test-library-f10
69fb5faab05ff80adc7d5c46,MLabs LTD,Project Catalyst,MLabs LTD (proposal text mention),0.82,medium,f10-mlabs-enhancing-and-evolving-the-plutus-simple-model-psm-test-library-f10,MLabs – Enhancing and Evolving the Plutus Simple Model (PSM) Test Library,complete,approved,352860.0,"352,860.00 ADA",Marked complete in source data; no closeout artifact captured in interim dataset.,No documented non-delivery signal in dataset.,no,https://www.catalystexplorer.com/en/proposals/mlabs-enhancing-and-evolving-the-plutus-simple-model-psm-test-library-f10
69fb450f8a0de51b89857e10,MLabs LTD,Project Catalyst,MLabs LTD (proposal text mention),0.82,medium,f10-mlabs-enhancing-and-evolving-the-plutus-simple-model-psm-test-library-f10,MLabs – Enhancing and Evolving the Plutus Simple Model (PSM) Test Library,complete,approved,352860.0,"352,860.00 ADA",Marked complete in source data; no closeout artifact captured in interim dataset.,No documented non-delivery signal in dataset.,no,https://www.catalystexplorer.com/en/proposals/mlabs-enhancing-and-evolving-the-plutus-simple-model-psm-test-library-f10
69fb2e7485ddd26899aaf1fe,MLabs LTD,Project Catalyst,MLabs LTD (proposal text mention),0.82,medium,f10-mlabs-enhancing-and-evolving-the-plutus-simple-model-psm-test-library-f10,MLabs – Enhancing and Evolving the Plutus Simple Model (PSM) Test Library,complete,approved,352860.0,"352,860.00 ADA",Marked complete in source data; no closeout artifact captured in interim dataset.,No documented non-delivery signal in dataset.,no,https://www.catalystexplorer.com/en/proposals/mlabs-enhancing-and-evolving-the-plutus-simple-model-psm-test-library-f10
69fae404f9ebc26d057f51bf,MLabs LTD,Project Catalyst,MLabs LTD (proposal text mention),0.82,medium,f10-mlabs-enhancing-and-evolving-the-plutus-simple-model-psm-test-library-f10,MLabs – Enhancing and Evolving the Plutus Simple Model (PSM) Test Library,complete,approved,352860.0,"352,860.00 ADA",Marked complete in source data; no closeout artifact captured in interim dataset.,No documented non-delivery signal in dataset.,no,https://www.catalystexplorer.com/en/proposals/mlabs-enhancing-and-evolving-the-plutus-simple-model-psm-test-library-f10
69f8b983e8a58900f4a05a06,MLabs LTD,Project Catalyst,MLabs LTD (proposal text mention),0.82,medium,f10-mlabs-enhancing-and-evolving-the-plutus-simple-model-psm-test-library-f10,MLabs – Enhancing and Evolving the Plutus Simple Model (PSM) Test Library,complete,approved,352860.0,"352,860.00 ADA",Marked complete in source data; no closeout artifact captured in interim dataset.,No documented non-delivery signal in dataset.,no,https://www.catalystexplorer.com/en/proposals/mlabs-enhancing-and-evolving-the-plutus-simple-model-psm-test-library-f10
69fcab8de1ab5d003a0cab66,MLabs LTD,Project Catalyst,MLabs LTD (proposal text mention),0.82,medium,f10-mlabs-lambdabuffers-was-cardano-dapp-schemas-code-generation-backends-for-rust-javascript-and-aiken-f10,"MLabs - LambdaBuffers (was Cardano dApp schemas) code generation backends for Rust, Javascript and Aiken",complete,approved,260571.0,"260,571.00 ADA",Marked complete in source data; no closeout artifact captured in interim dataset.,No documented non-delivery signal in dataset.,no,https://www.catalystexplorer.com/en/proposals/mlabs-lambdabuffers-was-cardano-dapp-schemas-code-generation-backends-for-rust-javascript-and-aiken-f10
69fc919e8a0de51b89857e19,MLabs LTD,Project Catalyst,MLabs LTD (proposal text mention),0.82,medium,f10-mlabs-lambdabuffers-was-cardano-dapp-schemas-code-generation-backends-for-rust-javascript-and-aiken-f10,"MLabs - LambdaBuffers (was Cardano dApp schemas) code generation backends for Rust, Javascript and Aiken",complete,approved,260571.0,"260,571.00 ADA",Marked complete in source data; no closeout artifact captured in interim dataset.,No documented non-delivery signal in dataset.,no,https://www.catalystexplorer.com/en/proposals/mlabs-lambdabuffers-was-cardano-dapp-schemas-code-generation-backends-for-rust-javascript-and-aiken-f10
69fc8e0989371182537b30a3,MLabs LTD,Project Catalyst,MLabs LTD (proposal text mention),0.82,medium,f10-mlabs-lambdabuffers-was-cardano-dapp-schemas-code-generation-backends-for-rust-javascript-and-aiken-f10,"MLabs - LambdaBuffers (was Cardano dApp schemas) code generation backends for Rust, Javascript and Aiken",complete,approved,260571.0,"260,571.00 ADA",Marked complete in source data; no closeout artifact captured in interim dataset.,No documented non-delivery signal in dataset.,no,https://www.catalystexplorer.com/en/proposals/mlabs-lambdabuffers-was-cardano-dapp-schemas-code-generation-backends-for-rust-javascript-and-aiken-f10
69fb669185ddd26899aaf203,MLabs LTD,Project Catalyst,MLabs LTD (proposal text mention),0.82,medium,f10-mlabs-lambdabuffers-was-cardano-dapp-schemas-code-generation-backends-for-rust-javascript-and-aiken-f10,"MLabs - LambdaBuffers (was Cardano dApp schemas) code generation backends for Rust, Javascript and Aiken",complete,approved,260571.0,"260,571.00 ADA",Marked complete in source data; no closeout artifact captured in interim dataset.,No documented non-delivery signal in dataset.,no,https://www.catalystexplorer.com/en/proposals/mlabs-lambdabuffers-was-cardano-dapp-schemas-code-generation-backends-for-rust-javascript-and-aiken-f10
69fb5faab05ff80adc7d5c46,MLabs LTD,Project Catalyst,MLabs LTD (proposal text mention),0.82,medium,f10-mlabs-lambdabuffers-was-cardano-dapp-schemas-code-generation-backends-for-rust-javascript-and-aiken-f10,"MLabs - LambdaBuffers (was Cardano dApp schemas) code generation backends for Rust, Javascript and Aiken",complete,approved,260571.0,"260,571.00 ADA",Marked complete in source data; no closeout artifact captured in interim dataset.,No documented non-delivery signal in dataset.,no,https://www.catalystexplorer.com/en/proposals/mlabs-lambdabuffers-was-cardano-dapp-schemas-code-generation-backends-for-rust-javascript-and-aiken-f10
69fb450f8a0de51b89857e10,MLabs LTD,Project Catalyst,MLabs LTD (proposal text mention),0.82,medium,f10-mlabs-lambdabuffers-was-cardano-dapp-schemas-code-generation-backends-for-rust-javascript-and-aiken-f10,"MLabs - LambdaBuffers (was Cardano dApp schemas) code generation backends for Rust, Javascript and Aiken",complete,approved,260571.0,"260,571.00 ADA",Marked complete in source data; no closeout artifact captured in interim dataset.,No documented non-delivery signal in dataset.,no,https://www.catalystexplorer.com/en/proposals/mlabs-lambdabuffers-was-cardano-dapp-schemas-code-generation-backends-for-rust-javascript-and-aiken-f10
69fb2e7485ddd26899aaf1fe,MLabs LTD,Project Catalyst,MLabs LTD (proposal text mention),0.82,medium,f10-mlabs-lambdabuffers-was-cardano-dapp-schemas-code-generation-backends-for-rust-javascript-and-aiken-f10,"MLabs - LambdaBuffers (was Cardano dApp schemas) code generation backends for Rust, Javascript and Aiken",complete,approved,260571.0,"260,571.00 ADA",Marked complete in source data; no closeout artifact captured in interim dataset.,No documented non-delivery signal in dataset.,no,https://www.catalystexplorer.com/en/proposals/mlabs-lambdabuffers-was-cardano-dapp-schemas-code-generation-backends-for-rust-javascript-and-aiken-f10
69fae404f9ebc26d057f51bf,MLabs LTD,Project Catalyst,MLabs LTD (proposal text mention),0.82,medium,f10-mlabs-lambdabuffers-was-cardano-dapp-schemas-code-generation-backends-for-rust-javascript-and-aiken-f10,"MLabs - LambdaBuffers (was Cardano dApp schemas) code generation backends for Rust, Javascript and Aiken",complete,approved,260571.0,"260,571.00 ADA",Marked complete in source data; no closeout artifact captured in interim dataset.,No documented non-delivery signal in dataset.,no,https://www.catalystexplorer.com/en/proposals/mlabs-lambdabuffers-was-cardano-dapp-schemas-code-generation-backends-for-rust-javascript-and-aiken-f10
69f8b983e8a58900f4a05a06,MLabs LTD,Project Catalyst,MLabs LTD (proposal text mention),0.82,medium,f10-mlabs-lambdabuffers-was-cardano-dapp-schemas-code-generation-backends-for-rust-javascript-and-aiken-f10,"MLabs - LambdaBuffers (was Cardano dApp schemas) code generation backends for Rust, Javascript and Aiken",complete,approved,260571.0,"260,571.00 ADA",Marked complete in source data; no closeout artifact captured in interim dataset.,No documented non-delivery signal in dataset.,no,https://www.catalystexplorer.com/en/proposals/mlabs-lambdabuffers-was-cardano-dapp-schemas-code-generation-backends-for-rust-javascript-and-aiken-f10
69fcab8de1ab5d003a0cab66,MLabs LTD,Project Catalyst,MLabs LTD (proposal text mention),0.82,medium,f10-mlabs-purus-purescript-to-plutus-core-compiler-f10,MLabs - Purus: PureScript to Plutus Core compiler,complete,approved,619761.0,"619,761.00 ADA",Marked complete in source data; no closeout artifact captured in interim dataset.,No documented non-delivery signal in dataset.,no,https://www.catalystexplorer.com/en/proposals/mlabs-purus-purescript-to-plutus-core-compiler-f10
69fc919e8a0de51b89857e19,MLabs LTD,Project Catalyst,MLabs LTD (proposal text mention),0.82,medium,f10-mlabs-purus-purescript-to-plutus-core-compiler-f10,MLabs - Purus: PureScript to Plutus Core compiler,complete,approved,619761.0,"619,761.00 ADA",Marked complete in source data; no closeout artifact captured in interim dataset.,No documented non-delivery signal in dataset.,no,https://www.catalystexplorer.com/en/proposals/mlabs-purus-purescript-to-plutus-core-compiler-f10
69fc8e0989371182537b30a3,MLabs LTD,Project Catalyst,MLabs LTD (proposal text mention),0.82,medium,f10-mlabs-purus-purescript-to-plutus-core-compiler-f10,MLabs - Purus: PureScript to Plutus Core compiler,complete,approved,619761.0,"619,761.00 ADA",Marked complete in source data; no closeout artifact captured in interim dataset.,No documented non-delivery signal in dataset.,no,https://www.catalystexplorer.com/en/proposals/mlabs-purus-purescript-to-plutus-core-compiler-f10
69fb669185ddd26899aaf203,MLabs LTD,Project Catalyst,MLabs LTD (proposal text mention),0.82,medium,f10-mlabs-purus-purescript-to-plutus-core-compiler-f10,MLabs - Purus: PureScript to Plutus Core compiler,complete,approved,619761.0,"619,761.00 ADA",Marked complete in source data; no closeout artifact captured in interim dataset.,No documented non-delivery signal in dataset.,no,https://www.catalystexplorer.com/en/proposals/mlabs-purus-purescript-to-plutus-core-compiler-f10
69fb5faab05ff80adc7d5c46,MLabs LTD,Project Catalyst,MLabs LTD (proposal text mention),0.82,medium,f10-mlabs-purus-purescript-to-plutus-core-compiler-f10,MLabs - Purus: PureScript to Plutus Core compiler,complete,approved,619761.0,"619,761.00 ADA",Marked complete in source data; no closeout artifact captured in interim dataset.,No documented non-delivery signal in dataset.,no,https://www.catalystexplorer.com/en/proposals/mlabs-purus-purescript-to-plutus-core-compiler-f10
69fb450f8a0de51b89857e10,MLabs LTD,Project Catalyst,MLabs LTD (proposal text mention),0.82,medium,f10-mlabs-purus-purescript-to-plutus-core-compiler-f10,MLabs - Purus: PureScript to Plutus Core compiler,complete,approved,619761.0,"619,761.00 ADA",Marked complete in source data; no closeout artifact captured in interim dataset.,No documented non-delivery signal in dataset.,no,https://www.catalystexplorer.com/en/proposals/mlabs-purus-purescript-to-plutus-core-compiler-f10
69fb2e7485ddd26899aaf1fe,MLabs LTD,Project Catalyst,MLabs LTD (proposal text mention),0.82,medium,f10-mlabs-purus-purescript-to-plutus-core-compiler-f10,MLabs - Purus: PureScript to Plutus Core compiler,complete,approved,619761.0,"619,761.00 ADA",Marked complete in source data; no closeout artifact captured in interim dataset.,No documented non-delivery signal in dataset.,no,https://www.catalystexplorer.com/en/proposals/mlabs-purus-purescript-to-plutus-core-compiler-f10
69fae404f9ebc26d057f51bf,MLabs LTD,Project Catalyst,MLabs LTD (proposal text mention),0.82,medium,f10-mlabs-purus-purescript-to-plutus-core-compiler-f10,MLabs - Purus: PureScript to Plutus Core compiler,complete,approved,619761.0,"619,761.00 ADA",Marked complete in source data; no closeout artifact captured in interim dataset.,No documented non-delivery signal in dataset.,no,https://www.catalystexplorer.com/en/proposals/mlabs-purus-purescript-to-plutus-core-compiler-f10
69f8b983e8a58900f4a05a06,MLabs LTD,Project Catalyst,MLabs LTD (proposal text mention),0.82,medium,f10-mlabs-purus-purescript-to-plutus-core-compiler-f10,MLabs - Purus: PureScript to Plutus Core compiler,complete,approved,619761.0,"619,761.00 ADA",Marked complete in source data; no closeout artifact captured in interim dataset.,No documented non-delivery signal in dataset.,no,https://www.catalystexplorer.com/en/proposals/mlabs-purus-purescript-to-plutus-core-compiler-f10
69fcab8de1ab5d003a0cab66,MLabs LTD,Project Catalyst,MLabs LTD (proposal text mention),0.82,medium,f10-mlabs-re-think-cip-30-wallet-interface-standard-f10,MLabs - Re-think CIP-30 wallet interface standard,complete,approved,271430.0,"271,430.00 ADA",Marked complete in source data; no closeout artifact captured in interim dataset.,No documented non-delivery signal in dataset.,no,https://www.catalystexplorer.com/en/proposals/mlabs-re-think-cip-30-wallet-interface-standard-f10
69fc919e8a0de51b89857e19,MLabs LTD,Project Catalyst,MLabs LTD (proposal text mention),0.82,medium,f10-mlabs-re-think-cip-30-wallet-interface-standard-f10,MLabs - Re-think CIP-30 wallet interface standard,complete,approved,271430.0,"271,430.00 ADA",Marked complete in source data; no closeout artifact captured in interim dataset.,No documented non-delivery signal in dataset.,no,https://www.catalystexplorer.com/en/proposals/mlabs-re-think-cip-30-wallet-interface-standard-f10
69fc8e0989371182537b30a3,MLabs LTD,Project Catalyst,MLabs LTD (proposal text mention),0.82,medium,f10-mlabs-re-think-cip-30-wallet-interface-standard-f10,MLabs - Re-think CIP-30 wallet interface standard,complete,approved,271430.0,"271,430.00 ADA",Marked complete in source data; no closeout artifact captured in interim dataset.,No documented non-delivery signal in dataset.,no,https://www.catalystexplorer.com/en/proposals/mlabs-re-think-cip-30-wallet-interface-standard-f10
69fb669185ddd26899aaf203,MLabs LTD,Project Catalyst,MLabs LTD (proposal text mention),0.82,medium,f10-mlabs-re-think-cip-30-wallet-interface-standard-f10,MLabs - Re-think CIP-30 wallet interface standard,complete,approved,271430.0,"271,430.00 ADA",Marked complete in source data; no closeout artifact captured in interim dataset.,No documented non-delivery signal in dataset.,no,https://www.catalystexplorer.com/en/proposals/mlabs-re-think-cip-30-wallet-interface-standard-f10
69fb5faab05ff80adc7d5c46,MLabs LTD,Project Catalyst,MLabs LTD (proposal text mention),0.82,medium,f10-mlabs-re-think-cip-30-wallet-interface-standard-f10,MLabs - Re-think CIP-30 wallet interface standard,complete,approved,271430.0,"271,430.00 ADA",Marked complete in source data; no closeout artifact captured in interim dataset.,No documented non-delivery signal in dataset.,no,https://www.catalystexplorer.com/en/proposals/mlabs-re-think-cip-30-wallet-interface-standard-f10
69fb450f8a0de51b89857e10,MLabs LTD,Project Catalyst,MLabs LTD (proposal text mention),0.82,medium,f10-mlabs-re-think-cip-30-wallet-interface-standard-f10,MLabs - Re-think CIP-30 wallet interface standard,complete,approved,271430.0,"271,430.00 ADA",Marked complete in source data; no closeout artifact captured in interim dataset.,No documented non-delivery signal in dataset.,no,https://www.catalystexplorer.com/en/proposals/mlabs-re-think-cip-30-wallet-interface-standard-f10
69fb2e7485ddd26899aaf1fe,MLabs LTD,Project Catalyst,MLabs LTD (proposal text mention),0.82,medium,f10-mlabs-re-think-cip-30-wallet-interface-standard-f10,MLabs - Re-think CIP-30 wallet interface standard,complete,approved,271430.0,"271,430.00 ADA",Marked complete in source data; no closeout artifact captured in interim dataset.,No documented non-delivery signal in dataset.,no,https://www.catalystexplorer.com/en/proposals/mlabs-re-think-cip-30-wallet-interface-standard-f10
69fae404f9ebc26d057f51bf,MLabs LTD,Project Catalyst,MLabs LTD (proposal text mention),0.82,medium,f10-mlabs-re-think-cip-30-wallet-interface-standard-f10,MLabs - Re-think CIP-30 wallet interface standard,complete,approved,271430.0,"271,430.00 ADA",Marked complete in source data; no closeout artifact captured in interim dataset.,No documented non-delivery signal in dataset.,no,https://www.catalystexplorer.com/en/proposals/mlabs-re-think-cip-30-wallet-interface-standard-f10
69f8b983e8a58900f4a05a06,MLabs LTD,Project Catalyst,MLabs LTD (proposal text mention),0.82,medium,f10-mlabs-re-think-cip-30-wallet-interface-standard-f10,MLabs - Re-think CIP-30 wallet interface standard,complete,approved,271430.0,"271,430.00 ADA",Marked complete in source data; no closeout artifact captured in interim dataset.,No documented non-delivery signal in dataset.,no,https://www.catalystexplorer.com/en/proposals/mlabs-re-think-cip-30-wallet-interface-standard-f10
69fcab8de1ab5d003a0cab66,MLabs LTD,Project Catalyst,MLabs LTD (proposal text mention),0.82,medium,f10-mlabs-spo-anywhere-easy-stake-pool-deployment-with-nixos-f10,MLabs – SPO-anywhere – Easy Stake Pool Deployment with NixOS,complete,approved,287260.0,"287,260.00 ADA",Marked complete in source data; no closeout artifact captured in interim dataset.,No documented non-delivery signal in dataset.,no,https://www.catalystexplorer.com/en/proposals/mlabs-spo-anywhere-easy-stake-pool-deployment-with-nixos-f10
69fc919e8a0de51b89857e19,MLabs LTD,Project Catalyst,MLabs LTD (proposal text mention),0.82,medium,f10-mlabs-spo-anywhere-easy-stake-pool-deployment-with-nixos-f10,MLabs – SPO-anywhere – Easy Stake Pool Deployment with NixOS,complete,approved,287260.0,"287,260.00 ADA",Marked complete in source data; no closeout artifact captured in interim dataset.,No documented non-delivery signal in dataset.,no,https://www.catalystexplorer.com/en/proposals/mlabs-spo-anywhere-easy-stake-pool-deployment-with-nixos-f10
69fc8e0989371182537b30a3,MLabs LTD,Project Catalyst,MLabs LTD (proposal text mention),0.82,medium,f10-mlabs-spo-anywhere-easy-stake-pool-deployment-with-nixos-f10,MLabs – SPO-anywhere – Easy Stake Pool Deployment with NixOS,complete,approved,287260.0,"287,260.00 ADA",Marked complete in source data; no closeout artifact captured in interim dataset.,No documented non-delivery signal in dataset.,no,https://www.catalystexplorer.com/en/proposals/mlabs-spo-anywhere-easy-stake-pool-deployment-with-nixos-f10
69fb669185ddd26899aaf203,MLabs LTD,Project Catalyst,MLabs LTD (proposal text mention),0.82,medium,f10-mlabs-spo-anywhere-easy-stake-pool-deployment-with-nixos-f10,MLabs – SPO-anywhere – Easy Stake Pool Deployment with NixOS,complete,approved,287260.0,"287,260.00 ADA",Marked complete in source data; no closeout artifact captured in interim dataset.,No documented non-delivery signal in dataset.,no,https://www.catalystexplorer.com/en/proposals/mlabs-spo-anywhere-easy-stake-pool-deployment-with-nixos-f10
69fb5faab05ff80adc7d5c46,MLabs LTD,Project Catalyst,MLabs LTD (proposal text mention),0.82,medium,f10-mlabs-spo-anywhere-easy-stake-pool-deployment-with-nixos-f10,MLabs – SPO-anywhere – Easy Stake Pool Deployment with NixOS,complete,approved,287260.0,"287,260.00 ADA",Marked complete in source data; no closeout artifact captured in interim dataset.,No documented non-delivery signal in dataset.,no,https://www.catalystexplorer.com/en/proposals/mlabs-spo-anywhere-easy-stake-pool-deployment-with-nixos-f10
69fb450f8a0de51b89857e10,MLabs LTD,Project Catalyst,MLabs LTD (proposal text mention),0.82,medium,f10-mlabs-spo-anywhere-easy-stake-pool-deployment-with-nixos-f10,MLabs – SPO-anywhere – Easy Stake Pool Deployment with NixOS,complete,approved,287260.0,"287,260.00 ADA",Marked complete in source data; no closeout artifact captured in interim dataset.,No documented non-delivery signal in dataset.,no,https://www.catalystexplorer.com/en/proposals/mlabs-spo-anywhere-easy-stake-pool-deployment-with-nixos-f10
69fb2e7485ddd26899aaf1fe,MLabs LTD,Project Catalyst,MLabs LTD (proposal text mention),0.82,medium,f10-mlabs-spo-anywhere-easy-stake-pool-deployment-with-nixos-f10,MLabs – SPO-anywhere – Easy Stake Pool Deployment with NixOS,complete,approved,287260.0,"287,260.00 ADA",Marked complete in source data; no closeout artifact captured in interim dataset.,No documented non-delivery signal in dataset.,no,https://www.catalystexplorer.com/en/proposals/mlabs-spo-anywhere-easy-stake-pool-deployment-with-nixos-f10
69fae404f9ebc26d057f51bf,MLabs LTD,Project Catalyst,MLabs LTD (proposal text mention),0.82,medium,f10-mlabs-spo-anywhere-easy-stake-pool-deployment-with-nixos-f10,MLabs – SPO-anywhere – Easy Stake Pool Deployment with NixOS,complete,approved,287260.0,"287,260.00 ADA",Marked complete in source data; no closeout artifact captured in interim dataset.,No documented non-delivery signal in dataset.,no,https://www.catalystexplorer.com/en/proposals/mlabs-spo-anywhere-easy-stake-pool-deployment-with-nixos-f10
69f8b983e8a58900f4a05a06,MLabs LTD,Project Catalyst,MLabs LTD (proposal text mention),0.82,medium,f10-mlabs-spo-anywhere-easy-stake-pool-deployment-with-nixos-f10,MLabs – SPO-anywhere – Easy Stake Pool Deployment with NixOS,complete,approved,287260.0,"287,260.00 ADA",Marked complete in source data; no closeout artifact captured in interim dataset.,No documented non-delivery signal in dataset.,no,https://www.catalystexplorer.com/en/proposals/mlabs-spo-anywhere-easy-stake-pool-deployment-with-nixos-f10
69fcab8de1ab5d003a0cab66,MLabs LTD,Project Catalyst,MLabs LTD (proposal text mention),0.82,medium,f10-mlabs-streamlining-cardano-deployment-with-enhanced-nixos-modules-f10,MLabs – Streamlining Cardano Deployment with Enhanced NixOS Modules,complete,approved,217140.0,"217,140.00 ADA",Marked complete in source data; no closeout artifact captured in interim dataset.,No documented non-delivery signal in dataset.,no,https://www.catalystexplorer.com/en/proposals/mlabs-streamlining-cardano-deployment-with-enhanced-nixos-modules-f10
69fc919e8a0de51b89857e19,MLabs LTD,Project Catalyst,MLabs LTD (proposal text mention),0.82,medium,f10-mlabs-streamlining-cardano-deployment-with-enhanced-nixos-modules-f10,MLabs – Streamlining Cardano Deployment with Enhanced NixOS Modules,complete,approved,217140.0,"217,140.00 ADA",Marked complete in source data; no closeout artifact captured in interim dataset.,No documented non-delivery signal in dataset.,no,https://www.catalystexplorer.com/en/proposals/mlabs-streamlining-cardano-deployment-with-enhanced-nixos-modules-f10
69fc8e0989371182537b30a3,MLabs LTD,Project Catalyst,MLabs LTD (proposal text mention),0.82,medium,f10-mlabs-streamlining-cardano-deployment-with-enhanced-nixos-modules-f10,MLabs – Streamlining Cardano Deployment with Enhanced NixOS Modules,complete,approved,217140.0,"217,140.00 ADA",Marked complete in source data; no closeout artifact captured in interim dataset.,No documented non-delivery signal in dataset.,no,https://www.catalystexplorer.com/en/proposals/mlabs-streamlining-cardano-deployment-with-enhanced-nixos-modules-f10
69fb669185ddd26899aaf203,MLabs LTD,Project Catalyst,MLabs LTD (proposal text mention),0.82,medium,f10-mlabs-streamlining-cardano-deployment-with-enhanced-nixos-modules-f10,MLabs – Streamlining Cardano Deployment with Enhanced NixOS Modules,complete,approved,217140.0,"217,140.00 ADA",Marked complete in source data; no closeout artifact captured in interim dataset.,No documented non-delivery signal in dataset.,no,https://www.catalystexplorer.com/en/proposals/mlabs-streamlining-cardano-deployment-with-enhanced-nixos-modules-f10
69fb5faab05ff80adc7d5c46,MLabs LTD,Project Catalyst,MLabs LTD (proposal text mention),0.82,medium,f10-mlabs-streamlining-cardano-deployment-with-enhanced-nixos-modules-f10,MLabs – Streamlining Cardano Deployment with Enhanced NixOS Modules,complete,approved,217140.0,"217,140.00 ADA",Marked complete in source data; no closeout artifact captured in interim dataset.,No documented non-delivery signal in dataset.,no,https://www.catalystexplorer.com/en/proposals/mlabs-streamlining-cardano-deployment-with-enhanced-nixos-modules-f10
69fb450f8a0de51b89857e10,MLabs LTD,Project Catalyst,MLabs LTD (proposal text mention),0.82,medium,f10-mlabs-streamlining-cardano-deployment-with-enhanced-nixos-modules-f10,MLabs – Streamlining Cardano Deployment with Enhanced NixOS Modules,complete,approved,217140.0,"217,140.00 ADA",Marked complete in source data; no closeout artifact captured in interim dataset.,No documented non-delivery signal in dataset.,no,https://www.catalystexplorer.com/en/proposals/mlabs-streamlining-cardano-deployment-with-enhanced-nixos-modules-f10
69fb2e7485ddd26899aaf1fe,MLabs LTD,Project Catalyst,MLabs LTD (proposal text mention),0.82,medium,f10-mlabs-streamlining-cardano-deployment-with-enhanced-nixos-modules-f10,MLabs – Streamlining Cardano Deployment with Enhanced NixOS Modules,complete,approved,217140.0,"217,140.00 ADA",Marked complete in source data; no closeout artifact captured in interim dataset.,No documented non-delivery signal in dataset.,no,https://www.catalystexplorer.com/en/proposals/mlabs-streamlining-cardano-deployment-with-enhanced-nixos-modules-f10
69fae404f9ebc26d057f51bf,MLabs LTD,Project Catalyst,MLabs LTD (proposal text mention),0.82,medium,f10-mlabs-streamlining-cardano-deployment-with-enhanced-nixos-modules-f10,MLabs – Streamlining Cardano Deployment with Enhanced NixOS Modules,complete,approved,217140.0,"217,140.00 ADA",Marked complete in source data; no closeout artifact captured in interim dataset.,No documented non-delivery signal in dataset.,no,https://www.catalystexplorer.com/en/proposals/mlabs-streamlining-cardano-deployment-with-enhanced-nixos-modules-f10
69f8b983e8a58900f4a05a06,MLabs LTD,Project Catalyst,MLabs LTD (proposal text mention),0.82,medium,f10-mlabs-streamlining-cardano-deployment-with-enhanced-nixos-modules-f10,MLabs – Streamlining Cardano Deployment with Enhanced NixOS Modules,complete,approved,217140.0,"217,140.00 ADA",Marked complete in source data; no closeout artifact captured in interim dataset.,No documented non-delivery signal in dataset.,no,https://www.catalystexplorer.com/en/proposals/mlabs-streamlining-cardano-deployment-with-enhanced-nixos-modules-f10
69fcab8de1ab5d003a0cab66,MLabs LTD,Project Catalyst,MLabs LTD (proposal text mention),0.82,medium,f11-charli3-v3-architecture-audit-f11,CHARLi3 - V3 Architecture Audit,complete,approved,485095.0,"485,095.00 ADA",Marked complete in source data; no closeout artifact captured in interim dataset.,No documented non-delivery signal in dataset.,no,https://www.catalystexplorer.com/en/proposals/charli3-v3-architecture-audit-f11
69fc919e8a0de51b89857e19,MLabs LTD,Project Catalyst,MLabs LTD (proposal text mention),0.82,medium,f11-charli3-v3-architecture-audit-f11,CHARLi3 - V3 Architecture Audit,complete,approved,485095.0,"485,095.00 ADA",Marked complete in source data; no closeout artifact captured in interim dataset.,No documented non-delivery signal in dataset.,no,https://www.catalystexplorer.com/en/proposals/charli3-v3-architecture-audit-f11
69fc8e0989371182537b30a3,MLabs LTD,Project Catalyst,MLabs LTD (proposal text mention),0.82,medium,f11-charli3-v3-architecture-audit-f11,CHARLi3 - V3 Architecture Audit,complete,approved,485095.0,"485,095.00 ADA",Marked complete in source data; no closeout artifact captured in interim dataset.,No documented non-delivery signal in dataset.,no,https://www.catalystexplorer.com/en/proposals/charli3-v3-architecture-audit-f11
69fb669185ddd26899aaf203,MLabs LTD,Project Catalyst,MLabs LTD (proposal text mention),0.82,medium,f11-charli3-v3-architecture-audit-f11,CHARLi3 - V3 Architecture Audit,complete,approved,485095.0,"485,095.00 ADA",Marked complete in source data; no closeout artifact captured in interim dataset.,No documented non-delivery signal in dataset.,no,https://www.catalystexplorer.com/en/proposals/charli3-v3-architecture-audit-f11
69fb5faab05ff80adc7d5c46,MLabs LTD,Project Catalyst,MLabs LTD (proposal text mention),0.82,medium,f11-charli3-v3-architecture-audit-f11,CHARLi3 - V3 Architecture Audit,complete,approved,485095.0,"485,095.00 ADA",Marked complete in source data; no closeout artifact captured in interim dataset.,No documented non-delivery signal in dataset.,no,https://www.catalystexplorer.com/en/proposals/charli3-v3-architecture-audit-f11
69fb450f8a0de51b89857e10,MLabs LTD,Project Catalyst,MLabs LTD (proposal text mention),0.82,medium,f11-charli3-v3-architecture-audit-f11,CHARLi3 - V3 Architecture Audit,complete,approved,485095.0,"485,095.00 ADA",Marked complete in source data; no closeout artifact captured in interim dataset.,No documented non-delivery signal in dataset.,no,https://www.catalystexplorer.com/en/proposals/charli3-v3-architecture-audit-f11
69fb2e7485ddd26899aaf1fe,MLabs LTD,Project Catalyst,MLabs LTD (proposal text mention),0.82,medium,f11-charli3-v3-architecture-audit-f11,CHARLi3 - V3 Architecture Audit,complete,approved,485095.0,"485,095.00 ADA",Marked complete in source data; no closeout artifact captured in interim dataset.,No documented non-delivery signal in dataset.,no,https://www.catalystexplorer.com/en/proposals/charli3-v3-architecture-audit-f11
69fae404f9ebc26d057f51bf,MLabs LTD,Project Catalyst,MLabs LTD (proposal text mention),0.82,medium,f11-charli3-v3-architecture-audit-f11,CHARLi3 - V3 Architecture Audit,complete,approved,485095.0,"485,095.00 ADA",Marked complete in source data; no closeout artifact captured in interim dataset.,No documented non-delivery signal in dataset.,no,https://www.catalystexplorer.com/en/proposals/charli3-v3-architecture-audit-f11
69f8b983e8a58900f4a05a06,MLabs LTD,Project Catalyst,MLabs LTD (proposal text mention),0.82,medium,f11-charli3-v3-architecture-audit-f11,CHARLi3 - V3 Architecture Audit,complete,approved,485095.0,"485,095.00 ADA",Marked complete in source data; no closeout artifact captured in interim dataset.,No documented non-delivery signal in dataset.,no,https://www.catalystexplorer.com/en/proposals/charli3-v3-architecture-audit-f11
69fcab8de1ab5d003a0cab66,MLabs LTD,Project Catalyst,MLabs LTD (proposal text mention),0.82,medium,f11-indigo-protocol-v2-audit-f11,Indigo Protocol V2 Audit,complete,approved,450000.0,"450,000.00 ADA",Marked complete in source data; no closeout artifact captured in interim dataset.,No documented non-delivery signal in dataset.,no,https://www.catalystexplorer.com/en/proposals/indigo-protocol-v2-audit-f11
69fc919e8a0de51b89857e19,MLabs LTD,Project Catalyst,MLabs LTD (proposal text mention),0.82,medium,f11-indigo-protocol-v2-audit-f11,Indigo Protocol V2 Audit,complete,approved,450000.0,"450,000.00 ADA",Marked complete in source data; no closeout artifact captured in interim dataset.,No documented non-delivery signal in dataset.,no,https://www.catalystexplorer.com/en/proposals/indigo-protocol-v2-audit-f11
69fc8e0989371182537b30a3,MLabs LTD,Project Catalyst,MLabs LTD (proposal text mention),0.82,medium,f11-indigo-protocol-v2-audit-f11,Indigo Protocol V2 Audit,complete,approved,450000.0,"450,000.00 ADA",Marked complete in source data; no closeout artifact captured in interim dataset.,No documented non-delivery signal in dataset.,no,https://www.catalystexplorer.com/en/proposals/indigo-protocol-v2-audit-f11
69fb669185ddd26899aaf203,MLabs LTD,Project Catalyst,MLabs LTD (proposal text mention),0.82,medium,f11-indigo-protocol-v2-audit-f11,Indigo Protocol V2 Audit,complete,approved,450000.0,"450,000.00 ADA",Marked complete in source data; no closeout artifact captured in interim dataset.,No documented non-delivery signal in dataset.,no,https://www.catalystexplorer.com/en/proposals/indigo-protocol-v2-audit-f11
69fb5faab05ff80adc7d5c46,MLabs LTD,Project Catalyst,MLabs LTD (proposal text mention),0.82,medium,f11-indigo-protocol-v2-audit-f11,Indigo Protocol V2 Audit,complete,approved,450000.0,"450,000.00 ADA",Marked complete in source data; no closeout artifact captured in interim dataset.,No documented non-delivery signal in dataset.,no,https://www.catalystexplorer.com/en/proposals/indigo-protocol-v2-audit-f11
69fb450f8a0de51b89857e10,MLabs LTD,Project Catalyst,MLabs LTD (proposal text mention),0.82,medium,f11-indigo-protocol-v2-audit-f11,Indigo Protocol V2 Audit,complete,approved,450000.0,"450,000.00 ADA",Marked complete in source data; no closeout artifact captured in interim dataset.,No documented non-delivery signal in dataset.,no,https://www.catalystexplorer.com/en/proposals/indigo-protocol-v2-audit-f11
69fb2e7485ddd26899aaf1fe,MLabs LTD,Project Catalyst,MLabs LTD (proposal text mention),0.82,medium,f11-indigo-protocol-v2-audit-f11,Indigo Protocol V2 Audit,complete,approved,450000.0,"450,000.00 ADA",Marked complete in source data; no closeout artifact captured in interim dataset.,No documented non-delivery signal in dataset.,no,https://www.catalystexplorer.com/en/proposals/indigo-protocol-v2-audit-f11
69fae404f9ebc26d057f51bf,MLabs LTD,Project Catalyst,MLabs LTD (proposal text mention),0.82,medium,f11-indigo-protocol-v2-audit-f11,Indigo Protocol V2 Audit,complete,approved,450000.0,"450,000.00 ADA",Marked complete in source data; no closeout artifact captured in interim dataset.,No documented non-delivery signal in dataset.,no,https://www.catalystexplorer.com/en/proposals/indigo-protocol-v2-audit-f11
69f8b983e8a58900f4a05a06,MLabs LTD,Project Catalyst,MLabs LTD (proposal text mention),0.82,medium,f11-indigo-protocol-v2-audit-f11,Indigo Protocol V2 Audit,complete,approved,450000.0,"450,000.00 ADA",Marked complete in source data; no closeout artifact captured in interim dataset.,No documented non-delivery signal in dataset.,no,https://www.catalystexplorer.com/en/proposals/indigo-protocol-v2-audit-f11
69fcab8de1ab5d003a0cab66,MLabs LTD,Project Catalyst,MLabs LTD (proposal text mention),0.82,medium,f11-mlabs-cardano-transaction-library-footprint-reduction-f11,MLabs – Cardano Transaction Library Footprint Reduction,complete,approved,200000.0,"200,000.00 ADA",Marked complete in source data; no closeout artifact captured in interim dataset.,No documented non-delivery signal in dataset.,no,https://www.catalystexplorer.com/en/proposals/mlabs-cardano-transaction-library-footprint-reduction-f11
69fc919e8a0de51b89857e19,MLabs LTD,Project Catalyst,MLabs LTD (proposal text mention),0.82,medium,f11-mlabs-cardano-transaction-library-footprint-reduction-f11,MLabs – Cardano Transaction Library Footprint Reduction,complete,approved,200000.0,"200,000.00 ADA",Marked complete in source data; no closeout artifact captured in interim dataset.,No documented non-delivery signal in dataset.,no,https://www.catalystexplorer.com/en/proposals/mlabs-cardano-transaction-library-footprint-reduction-f11
69fc8e0989371182537b30a3,MLabs LTD,Project Catalyst,MLabs LTD (proposal text mention),0.82,medium,f11-mlabs-cardano-transaction-library-footprint-reduction-f11,MLabs – Cardano Transaction Library Footprint Reduction,complete,approved,200000.0,"200,000.00 ADA",Marked complete in source data; no closeout artifact captured in interim dataset.,No documented non-delivery signal in dataset.,no,https://www.catalystexplorer.com/en/proposals/mlabs-cardano-transaction-library-footprint-reduction-f11
69fb669185ddd26899aaf203,MLabs LTD,Project Catalyst,MLabs LTD (proposal text mention),0.82,medium,f11-mlabs-cardano-transaction-library-footprint-reduction-f11,MLabs – Cardano Transaction Library Footprint Reduction,complete,approved,200000.0,"200,000.00 ADA",Marked complete in source data; no closeout artifact captured in interim dataset.,No documented non-delivery signal in dataset.,no,https://www.catalystexplorer.com/en/proposals/mlabs-cardano-transaction-library-footprint-reduction-f11
69fb5faab05ff80adc7d5c46,MLabs LTD,Project Catalyst,MLabs LTD (proposal text mention),0.82,medium,f11-mlabs-cardano-transaction-library-footprint-reduction-f11,MLabs – Cardano Transaction Library Footprint Reduction,complete,approved,200000.0,"200,000.00 ADA",Marked complete in source data; no closeout artifact captured in interim dataset.,No documented non-delivery signal in dataset.,no,https://www.catalystexplorer.com/en/proposals/mlabs-cardano-transaction-library-footprint-reduction-f11
69fb450f8a0de51b89857e10,MLabs LTD,Project Catalyst,MLabs LTD (proposal text mention),0.82,medium,f11-mlabs-cardano-transaction-library-footprint-reduction-f11,MLabs – Cardano Transaction Library Footprint Reduction,complete,approved,200000.0,"200,000.00 ADA",Marked complete in source data; no closeout artifact captured in interim dataset.,No documented non-delivery signal in dataset.,no,https://www.catalystexplorer.com/en/proposals/mlabs-cardano-transaction-library-footprint-reduction-f11
69fb2e7485ddd26899aaf1fe,MLabs LTD,Project Catalyst,MLabs LTD (proposal text mention),0.82,medium,f11-mlabs-cardano-transaction-library-footprint-reduction-f11,MLabs – Cardano Transaction Library Footprint Reduction,complete,approved,200000.0,"200,000.00 ADA",Marked complete in source data; no closeout artifact captured in interim dataset.,No documented non-delivery signal in dataset.,no,https://www.catalystexplorer.com/en/proposals/mlabs-cardano-transaction-library-footprint-reduction-f11
69fae404f9ebc26d057f51bf,MLabs LTD,Project Catalyst,MLabs LTD (proposal text mention),0.82,medium,f11-mlabs-cardano-transaction-library-footprint-reduction-f11,MLabs – Cardano Transaction Library Footprint Reduction,complete,approved,200000.0,"200,000.00 ADA",Marked complete in source data; no closeout artifact captured in interim dataset.,No documented non-delivery signal in dataset.,no,https://www.catalystexplorer.com/en/proposals/mlabs-cardano-transaction-library-footprint-reduction-f11
69f8b983e8a58900f4a05a06,MLabs LTD,Project Catalyst,MLabs LTD (proposal text mention),0.82,medium,f11-mlabs-cardano-transaction-library-footprint-reduction-f11,MLabs – Cardano Transaction Library Footprint Reduction,complete,approved,200000.0,"200,000.00 ADA",Marked complete in source data; no closeout artifact captured in interim dataset.,No documented non-delivery signal in dataset.,no,https://www.catalystexplorer.com/en/proposals/mlabs-cardano-transaction-library-footprint-reduction-f11
69fcab8de1ab5d003a0cab66,MLabs LTD,Project Catalyst,MLabs LTD (proposal text mention),0.82,medium,f12-kwarxs-mlabs-fracturizing-revolutionize-evolve-f12,"KWARXS + MLabs - ""Fracturizing: Revolutionize, Evolve""",complete,approved,299600.0,"299,600.00 ADA",Marked complete in source data; no closeout artifact captured in interim dataset.,No documented non-delivery signal in dataset.,no,https://www.catalystexplorer.com/en/proposals/kwarxs-mlabs-fracturizing-revolutionize-evolve-f12
69fc919e8a0de51b89857e19,MLabs LTD,Project Catalyst,MLabs LTD (proposal text mention),0.82,medium,f12-kwarxs-mlabs-fracturizing-revolutionize-evolve-f12,"KWARXS + MLabs - ""Fracturizing: Revolutionize, Evolve""",complete,approved,299600.0,"299,600.00 ADA",Marked complete in source data; no closeout artifact captured in interim dataset.,No documented non-delivery signal in dataset.,no,https://www.catalystexplorer.com/en/proposals/kwarxs-mlabs-fracturizing-revolutionize-evolve-f12
69fc8e0989371182537b30a3,MLabs LTD,Project Catalyst,MLabs LTD (proposal text mention),0.82,medium,f12-kwarxs-mlabs-fracturizing-revolutionize-evolve-f12,"KWARXS + MLabs - ""Fracturizing: Revolutionize, Evolve""",complete,approved,299600.0,"299,600.00 ADA",Marked complete in source data; no closeout artifact captured in interim dataset.,No documented non-delivery signal in dataset.,no,https://www.catalystexplorer.com/en/proposals/kwarxs-mlabs-fracturizing-revolutionize-evolve-f12
69fb669185ddd26899aaf203,MLabs LTD,Project Catalyst,MLabs LTD (proposal text mention),0.82,medium,f12-kwarxs-mlabs-fracturizing-revolutionize-evolve-f12,"KWARXS + MLabs - ""Fracturizing: Revolutionize, Evolve""",complete,approved,299600.0,"299,600.00 ADA",Marked complete in source data; no closeout artifact captured in interim dataset.,No documented non-delivery signal in dataset.,no,https://www.catalystexplorer.com/en/proposals/kwarxs-mlabs-fracturizing-revolutionize-evolve-f12
69fb5faab05ff80adc7d5c46,MLabs LTD,Project Catalyst,MLabs LTD (proposal text mention),0.82,medium,f12-kwarxs-mlabs-fracturizing-revolutionize-evolve-f12,"KWARXS + MLabs - ""Fracturizing: Revolutionize, Evolve""",complete,approved,299600.0,"299,600.00 ADA",Marked complete in source data; no closeout artifact captured in interim dataset.,No documented non-delivery signal in dataset.,no,https://www.catalystexplorer.com/en/proposals/kwarxs-mlabs-fracturizing-revolutionize-evolve-f12
69fb450f8a0de51b89857e10,MLabs LTD,Project Catalyst,MLabs LTD (proposal text mention),0.82,medium,f12-kwarxs-mlabs-fracturizing-revolutionize-evolve-f12,"KWARXS + MLabs - ""Fracturizing: Revolutionize, Evolve""",complete,approved,299600.0,"299,600.00 ADA",Marked complete in source data; no closeout artifact captured in interim dataset.,No documented non-delivery signal in dataset.,no,https://www.catalystexplorer.com/en/proposals/kwarxs-mlabs-fracturizing-revolutionize-evolve-f12
69fb2e7485ddd26899aaf1fe,MLabs LTD,Project Catalyst,MLabs LTD (proposal text mention),0.82,medium,f12-kwarxs-mlabs-fracturizing-revolutionize-evolve-f12,"KWARXS + MLabs - ""Fracturizing: Revolutionize, Evolve""",complete,approved,299600.0,"299,600.00 ADA",Marked complete in source data; no closeout artifact captured in interim dataset.,No documented non-delivery signal in dataset.,no,https://www.catalystexplorer.com/en/proposals/kwarxs-mlabs-fracturizing-revolutionize-evolve-f12
69fae404f9ebc26d057f51bf,MLabs LTD,Project Catalyst,MLabs LTD (proposal text mention),0.82,medium,f12-kwarxs-mlabs-fracturizing-revolutionize-evolve-f12,"KWARXS + MLabs - ""Fracturizing: Revolutionize, Evolve""",complete,approved,299600.0,"299,600.00 ADA",Marked complete in source data; no closeout artifact captured in interim dataset.,No documented non-delivery signal in dataset.,no,https://www.catalystexplorer.com/en/proposals/kwarxs-mlabs-fracturizing-revolutionize-evolve-f12
69f8b983e8a58900f4a05a06,MLabs LTD,Project Catalyst,MLabs LTD (proposal text mention),0.82,medium,f12-kwarxs-mlabs-fracturizing-revolutionize-evolve-f12,"KWARXS + MLabs - ""Fracturizing: Revolutionize, Evolve""",complete,approved,299600.0,"299,600.00 ADA",Marked complete in source data; no closeout artifact captured in interim dataset.,No documented non-delivery signal in dataset.,no,https://www.catalystexplorer.com/en/proposals/kwarxs-mlabs-fracturizing-revolutionize-evolve-f12
69fcab8de1ab5d003a0cab66,MLabs LTD,Project Catalyst,MLabs LTD (proposal text mention),0.82,medium,f12-mlabs-efficient-contract-upgrades-with-yielding-tx-pattern-f12,MLabs - Efficient Contract Upgrades with Yielding Tx Pattern,complete,approved,199932.0,"199,932.00 ADA",Marked complete in source data; no closeout artifact captured in interim dataset.,No documented non-delivery signal in dataset.,no,https://www.catalystexplorer.com/en/proposals/mlabs-efficient-contract-upgrades-with-yielding-tx-pattern-f12
69fc919e8a0de51b89857e19,MLabs LTD,Project Catalyst,MLabs LTD (proposal text mention),0.82,medium,f12-mlabs-efficient-contract-upgrades-with-yielding-tx-pattern-f12,MLabs - Efficient Contract Upgrades with Yielding Tx Pattern,complete,approved,199932.0,"199,932.00 ADA",Marked complete in source data; no closeout artifact captured in interim dataset.,No documented non-delivery signal in dataset.,no,https://www.catalystexplorer.com/en/proposals/mlabs-efficient-contract-upgrades-with-yielding-tx-pattern-f12
69fc8e0989371182537b30a3,MLabs LTD,Project Catalyst,MLabs LTD (proposal text mention),0.82,medium,f12-mlabs-efficient-contract-upgrades-with-yielding-tx-pattern-f12,MLabs - Efficient Contract Upgrades with Yielding Tx Pattern,complete,approved,199932.0,"199,932.00 ADA",Marked complete in source data; no closeout artifact captured in interim dataset.,No documented non-delivery signal in dataset.,no,https://www.catalystexplorer.com/en/proposals/mlabs-efficient-contract-upgrades-with-yielding-tx-pattern-f12
69fb669185ddd26899aaf203,MLabs LTD,Project Catalyst,MLabs LTD (proposal text mention),0.82,medium,f12-mlabs-efficient-contract-upgrades-with-yielding-tx-pattern-f12,MLabs - Efficient Contract Upgrades with Yielding Tx Pattern,complete,approved,199932.0,"199,932.00 ADA",Marked complete in source data; no closeout artifact captured in interim dataset.,No documented non-delivery signal in dataset.,no,https://www.catalystexplorer.com/en/proposals/mlabs-efficient-contract-upgrades-with-yielding-tx-pattern-f12
69fb5faab05ff80adc7d5c46,MLabs LTD,Project Catalyst,MLabs LTD (proposal text mention),0.82,medium,f12-mlabs-efficient-contract-upgrades-with-yielding-tx-pattern-f12,MLabs - Efficient Contract Upgrades with Yielding Tx Pattern,complete,approved,199932.0,"199,932.00 ADA",Marked complete in source data; no closeout artifact captured in interim dataset.,No documented non-delivery signal in dataset.,no,https://www.catalystexplorer.com/en/proposals/mlabs-efficient-contract-upgrades-with-yielding-tx-pattern-f12
69fb450f8a0de51b89857e10,MLabs LTD,Project Catalyst,MLabs LTD (proposal text mention),0.82,medium,f12-mlabs-efficient-contract-upgrades-with-yielding-tx-pattern-f12,MLabs - Efficient Contract Upgrades with Yielding Tx Pattern,complete,approved,199932.0,"199,932.00 ADA",Marked complete in source data; no closeout artifact captured in interim dataset.,No documented non-delivery signal in dataset.,no,https://www.catalystexplorer.com/en/proposals/mlabs-efficient-contract-upgrades-with-yielding-tx-pattern-f12
69fb2e7485ddd26899aaf1fe,MLabs LTD,Project Catalyst,MLabs LTD (proposal text mention),0.82,medium,f12-mlabs-efficient-contract-upgrades-with-yielding-tx-pattern-f12,MLabs - Efficient Contract Upgrades with Yielding Tx Pattern,complete,approved,199932.0,"199,932.00 ADA",Marked complete in source data; no closeout artifact captured in interim dataset.,No documented non-delivery signal in dataset.,no,https://www.catalystexplorer.com/en/proposals/mlabs-efficient-contract-upgrades-with-yielding-tx-pattern-f12
69fae404f9ebc26d057f51bf,MLabs LTD,Project Catalyst,MLabs LTD (proposal text mention),0.82,medium,f12-mlabs-efficient-contract-upgrades-with-yielding-tx-pattern-f12,MLabs - Efficient Contract Upgrades with Yielding Tx Pattern,complete,approved,199932.0,"199,932.00 ADA",Marked complete in source data; no closeout artifact captured in interim dataset.,No documented non-delivery signal in dataset.,no,https://www.catalystexplorer.com/en/proposals/mlabs-efficient-contract-upgrades-with-yielding-tx-pattern-f12
69f8b983e8a58900f4a05a06,MLabs LTD,Project Catalyst,MLabs LTD (proposal text mention),0.82,medium,f12-mlabs-efficient-contract-upgrades-with-yielding-tx-pattern-f12,MLabs - Efficient Contract Upgrades with Yielding Tx Pattern,complete,approved,199932.0,"199,932.00 ADA",Marked complete in source data; no closeout artifact captured in interim dataset.,No documented non-delivery signal in dataset.,no,https://www.catalystexplorer.com/en/proposals/mlabs-efficient-contract-upgrades-with-yielding-tx-pattern-f12
69fcab8de1ab5d003a0cab66,MLabs LTD,Project Catalyst,MLabs LTD (proposal text mention),0.82,medium,f12-mlabs-pisa-fees-decentralized-fee-trading-smart-contract-f12,MLabs - Pisa-Fees: Decentralized Fee Trading Smart Contract,complete,approved,100000.0,"100,000.00 ADA",Marked complete in source data; no closeout artifact captured in interim dataset.,No documented non-delivery signal in dataset.,no,https://www.catalystexplorer.com/en/proposals/mlabs-pisa-fees-decentralized-fee-trading-smart-contract-f12
69fc919e8a0de51b89857e19,MLabs LTD,Project Catalyst,MLabs LTD (proposal text mention),0.82,medium,f12-mlabs-pisa-fees-decentralized-fee-trading-smart-contract-f12,MLabs - Pisa-Fees: Decentralized Fee Trading Smart Contract,complete,approved,100000.0,"100,000.00 ADA",Marked complete in source data; no closeout artifact captured in interim dataset.,No documented non-delivery signal in dataset.,no,https://www.catalystexplorer.com/en/proposals/mlabs-pisa-fees-decentralized-fee-trading-smart-contract-f12
69fc8e0989371182537b30a3,MLabs LTD,Project Catalyst,MLabs LTD (proposal text mention),0.82,medium,f12-mlabs-pisa-fees-decentralized-fee-trading-smart-contract-f12,MLabs - Pisa-Fees: Decentralized Fee Trading Smart Contract,complete,approved,100000.0,"100,000.00 ADA",Marked complete in source data; no closeout artifact captured in interim dataset.,No documented non-delivery signal in dataset.,no,https://www.catalystexplorer.com/en/proposals/mlabs-pisa-fees-decentralized-fee-trading-smart-contract-f12
69fb669185ddd26899aaf203,MLabs LTD,Project Catalyst,MLabs LTD (proposal text mention),0.82,medium,f12-mlabs-pisa-fees-decentralized-fee-trading-smart-contract-f12,MLabs - Pisa-Fees: Decentralized Fee Trading Smart Contract,complete,approved,100000.0,"100,000.00 ADA",Marked complete in source data; no closeout artifact captured in interim dataset.,No documented non-delivery signal in dataset.,no,https://www.catalystexplorer.com/en/proposals/mlabs-pisa-fees-decentralized-fee-trading-smart-contract-f12
69fb5faab05ff80adc7d5c46,MLabs LTD,Project Catalyst,MLabs LTD (proposal text mention),0.82,medium,f12-mlabs-pisa-fees-decentralized-fee-trading-smart-contract-f12,MLabs - Pisa-Fees: Decentralized Fee Trading Smart Contract,complete,approved,100000.0,"100,000.00 ADA",Marked complete in source data; no closeout artifact captured in interim dataset.,No documented non-delivery signal in dataset.,no,https://www.catalystexplorer.com/en/proposals/mlabs-pisa-fees-decentralized-fee-trading-smart-contract-f12
69fb450f8a0de51b89857e10,MLabs LTD,Project Catalyst,MLabs LTD (proposal text mention),0.82,medium,f12-mlabs-pisa-fees-decentralized-fee-trading-smart-contract-f12,MLabs - Pisa-Fees: Decentralized Fee Trading Smart Contract,complete,approved,100000.0,"100,000.00 ADA",Marked complete in source data; no closeout artifact captured in interim dataset.,No documented non-delivery signal in dataset.,no,https://www.catalystexplorer.com/en/proposals/mlabs-pisa-fees-decentralized-fee-trading-smart-contract-f12
69fb2e7485ddd26899aaf1fe,MLabs LTD,Project Catalyst,MLabs LTD (proposal text mention),0.82,medium,f12-mlabs-pisa-fees-decentralized-fee-trading-smart-contract-f12,MLabs - Pisa-Fees: Decentralized Fee Trading Smart Contract,complete,approved,100000.0,"100,000.00 ADA",Marked complete in source data; no closeout artifact captured in interim dataset.,No documented non-delivery signal in dataset.,no,https://www.catalystexplorer.com/en/proposals/mlabs-pisa-fees-decentralized-fee-trading-smart-contract-f12
69fae404f9ebc26d057f51bf,MLabs LTD,Project Catalyst,MLabs LTD (proposal text mention),0.82,medium,f12-mlabs-pisa-fees-decentralized-fee-trading-smart-contract-f12,MLabs - Pisa-Fees: Decentralized Fee Trading Smart Contract,complete,approved,100000.0,"100,000.00 ADA",Marked complete in source data; no closeout artifact captured in interim dataset.,No documented non-delivery signal in dataset.,no,https://www.catalystexplorer.com/en/proposals/mlabs-pisa-fees-decentralized-fee-trading-smart-contract-f12
69f8b983e8a58900f4a05a06,MLabs LTD,Project Catalyst,MLabs LTD (proposal text mention),0.82,medium,f12-mlabs-pisa-fees-decentralized-fee-trading-smart-contract-f12,MLabs - Pisa-Fees: Decentralized Fee Trading Smart Contract,complete,approved,100000.0,"100,000.00 ADA",Marked complete in source data; no closeout artifact captured in interim dataset.,No documented non-delivery signal in dataset.,no,https://www.catalystexplorer.com/en/proposals/mlabs-pisa-fees-decentralized-fee-trading-smart-contract-f12
69fcab8de1ab5d003a0cab66,MLabs LTD,Project Catalyst,MLabs LTD (proposal text mention),0.82,medium,f13-mlabs-advancing-plutarch-and-ctl-cip-integration-api-enhancements-and-improved-infrastructure-f13,"MLabs: Advancing Plutarch and CTL: CIP Integration, API Enhancements, and Improved Infrastructure",complete,approved,487679.0,"487,679.00 ADA",Marked complete in source data; no closeout artifact captured in interim dataset.,No documented non-delivery signal in dataset.,no,https://www.catalystexplorer.com/en/proposals/mlabs-advancing-plutarch-and-ctl-cip-integration-api-enhancements-and-improved-infrastructure-f13
69fc919e8a0de51b89857e19,MLabs LTD,Project Catalyst,MLabs LTD (proposal text mention),0.82,medium,f13-mlabs-advancing-plutarch-and-ctl-cip-integration-api-enhancements-and-improved-infrastructure-f13,"MLabs: Advancing Plutarch and CTL: CIP Integration, API Enhancements, and Improved Infrastructure",complete,approved,487679.0,"487,679.00 ADA",Marked complete in source data; no closeout artifact captured in interim dataset.,No documented non-delivery signal in dataset.,no,https://www.catalystexplorer.com/en/proposals/mlabs-advancing-plutarch-and-ctl-cip-integration-api-enhancements-and-improved-infrastructure-f13
69fc8e0989371182537b30a3,MLabs LTD,Project Catalyst,MLabs LTD (proposal text mention),0.82,medium,f13-mlabs-advancing-plutarch-and-ctl-cip-integration-api-enhancements-and-improved-infrastructure-f13,"MLabs: Advancing Plutarch and CTL: CIP Integration, API Enhancements, and Improved Infrastructure",complete,approved,487679.0,"487,679.00 ADA",Marked complete in source data; no closeout artifact captured in interim dataset.,No documented non-delivery signal in dataset.,no,https://www.catalystexplorer.com/en/proposals/mlabs-advancing-plutarch-and-ctl-cip-integration-api-enhancements-and-improved-infrastructure-f13
69fb669185ddd26899aaf203,MLabs LTD,Project Catalyst,MLabs LTD (proposal text mention),0.82,medium,f13-mlabs-advancing-plutarch-and-ctl-cip-integration-api-enhancements-and-improved-infrastructure-f13,"MLabs: Advancing Plutarch and CTL: CIP Integration, API Enhancements, and Improved Infrastructure",complete,approved,487679.0,"487,679.00 ADA",Marked complete in source data; no closeout artifact captured in interim dataset.,No documented non-delivery signal in dataset.,no,https://www.catalystexplorer.com/en/proposals/mlabs-advancing-plutarch-and-ctl-cip-integration-api-enhancements-and-improved-infrastructure-f13
69fb5faab05ff80adc7d5c46,MLabs LTD,Project Catalyst,MLabs LTD (proposal text mention),0.82,medium,f13-mlabs-advancing-plutarch-and-ctl-cip-integration-api-enhancements-and-improved-infrastructure-f13,"MLabs: Advancing Plutarch and CTL: CIP Integration, API Enhancements, and Improved Infrastructure",complete,approved,487679.0,"487,679.00 ADA",Marked complete in source data; no closeout artifact captured in interim dataset.,No documented non-delivery signal in dataset.,no,https://www.catalystexplorer.com/en/proposals/mlabs-advancing-plutarch-and-ctl-cip-integration-api-enhancements-and-improved-infrastructure-f13
69fb450f8a0de51b89857e10,MLabs LTD,Project Catalyst,MLabs LTD (proposal text mention),0.82,medium,f13-mlabs-advancing-plutarch-and-ctl-cip-integration-api-enhancements-and-improved-infrastructure-f13,"MLabs: Advancing Plutarch and CTL: CIP Integration, API Enhancements, and Improved Infrastructure",complete,approved,487679.0,"487,679.00 ADA",Marked complete in source data; no closeout artifact captured in interim dataset.,No documented non-delivery signal in dataset.,no,https://www.catalystexplorer.com/en/proposals/mlabs-advancing-plutarch-and-ctl-cip-integration-api-enhancements-and-improved-infrastructure-f13
69fb2e7485ddd26899aaf1fe,MLabs LTD,Project Catalyst,MLabs LTD (proposal text mention),0.82,medium,f13-mlabs-advancing-plutarch-and-ctl-cip-integration-api-enhancements-and-improved-infrastructure-f13,"MLabs: Advancing Plutarch and CTL: CIP Integration, API Enhancements, and Improved Infrastructure",complete,approved,487679.0,"487,679.00 ADA",Marked complete in source data; no closeout artifact captured in interim dataset.,No documented non-delivery signal in dataset.,no,https://www.catalystexplorer.com/en/proposals/mlabs-advancing-plutarch-and-ctl-cip-integration-api-enhancements-and-improved-infrastructure-f13
69fae404f9ebc26d057f51bf,MLabs LTD,Project Catalyst,MLabs LTD (proposal text mention),0.82,medium,f13-mlabs-advancing-plutarch-and-ctl-cip-integration-api-enhancements-and-improved-infrastructure-f13,"MLabs: Advancing Plutarch and CTL: CIP Integration, API Enhancements, and Improved Infrastructure",complete,approved,487679.0,"487,679.00 ADA",Marked complete in source data; no closeout artifact captured in interim dataset.,No documented non-delivery signal in dataset.,no,https://www.catalystexplorer.com/en/proposals/mlabs-advancing-plutarch-and-ctl-cip-integration-api-enhancements-and-improved-infrastructure-f13
69f8b983e8a58900f4a05a06,MLabs LTD,Project Catalyst,MLabs LTD (proposal text mention),0.82,medium,f13-mlabs-advancing-plutarch-and-ctl-cip-integration-api-enhancements-and-improved-infrastructure-f13,"MLabs: Advancing Plutarch and CTL: CIP Integration, API Enhancements, and Improved Infrastructure",complete,approved,487679.0,"487,679.00 ADA",Marked complete in source data; no closeout artifact captured in interim dataset.,No documented non-delivery signal in dataset.,no,https://www.catalystexplorer.com/en/proposals/mlabs-advancing-plutarch-and-ctl-cip-integration-api-enhancements-and-improved-infrastructure-f13
69fcab8de1ab5d003a0cab66,MLabs LTD,Project Catalyst,MLabs LTD (proposal text mention),0.82,medium,f13-mlabs-clear-contracts-agora-drep-effect-validator-f13,MLabs + Clear Contracts -Agora dRep Effect Validator,in_progress,approved,386995.0,"386,995.00 ADA",No final output captured in interim dataset.,No documented non-delivery signal in dataset.,yes,https://www.catalystexplorer.com/en/proposals/mlabs-clear-contracts-agora-drep-effect-validator-f13
69fc919e8a0de51b89857e19,MLabs LTD,Project Catalyst,MLabs LTD (proposal text mention),0.82,medium,f13-mlabs-clear-contracts-agora-drep-effect-validator-f13,MLabs + Clear Contracts -Agora dRep Effect Validator,in_progress,approved,386995.0,"386,995.00 ADA",No final output captured in interim dataset.,No documented non-delivery signal in dataset.,yes,https://www.catalystexplorer.com/en/proposals/mlabs-clear-contracts-agora-drep-effect-validator-f13
69fc8e0989371182537b30a3,MLabs LTD,Project Catalyst,MLabs LTD (proposal text mention),0.82,medium,f13-mlabs-clear-contracts-agora-drep-effect-validator-f13,MLabs + Clear Contracts -Agora dRep Effect Validator,in_progress,approved,386995.0,"386,995.00 ADA",No final output captured in interim dataset.,No documented non-delivery signal in dataset.,yes,https://www.catalystexplorer.com/en/proposals/mlabs-clear-contracts-agora-drep-effect-validator-f13
69fb669185ddd26899aaf203,MLabs LTD,Project Catalyst,MLabs LTD (proposal text mention),0.82,medium,f13-mlabs-clear-contracts-agora-drep-effect-validator-f13,MLabs + Clear Contracts -Agora dRep Effect Validator,in_progress,approved,386995.0,"386,995.00 ADA",No final output captured in interim dataset.,No documented non-delivery signal in dataset.,yes,https://www.catalystexplorer.com/en/proposals/mlabs-clear-contracts-agora-drep-effect-validator-f13
69fb5faab05ff80adc7d5c46,MLabs LTD,Project Catalyst,MLabs LTD (proposal text mention),0.82,medium,f13-mlabs-clear-contracts-agora-drep-effect-validator-f13,MLabs + Clear Contracts -Agora dRep Effect Validator,in_progress,approved,386995.0,"386,995.00 ADA",No final output captured in interim dataset.,No documented non-delivery signal in dataset.,yes,https://www.catalystexplorer.com/en/proposals/mlabs-clear-contracts-agora-drep-effect-validator-f13
69fb450f8a0de51b89857e10,MLabs LTD,Project Catalyst,MLabs LTD (proposal text mention),0.82,medium,f13-mlabs-clear-contracts-agora-drep-effect-validator-f13,MLabs + Clear Contracts -Agora dRep Effect Validator,in_progress,approved,386995.0,"386,995.00 ADA",No final output captured in interim dataset.,No documented non-delivery signal in dataset.,yes,https://www.catalystexplorer.com/en/proposals/mlabs-clear-contracts-agora-drep-effect-validator-f13
69fb2e7485ddd26899aaf1fe,MLabs LTD,Project Catalyst,MLabs LTD (proposal text mention),0.82,medium,f13-mlabs-clear-contracts-agora-drep-effect-validator-f13,MLabs + Clear Contracts -Agora dRep Effect Validator,in_progress,approved,386995.0,"386,995.00 ADA",No final output captured in interim dataset.,No documented non-delivery signal in dataset.,yes,https://www.catalystexplorer.com/en/proposals/mlabs-clear-contracts-agora-drep-effect-validator-f13
69fae404f9ebc26d057f51bf,MLabs LTD,Project Catalyst,MLabs LTD (proposal text mention),0.82,medium,f13-mlabs-clear-contracts-agora-drep-effect-validator-f13,MLabs + Clear Contracts -Agora dRep Effect Validator,in_progress,approved,386995.0,"386,995.00 ADA",No final output captured in interim dataset.,No documented non-delivery signal in dataset.,yes,https://www.catalystexplorer.com/en/proposals/mlabs-clear-contracts-agora-drep-effect-validator-f13
69f8b983e8a58900f4a05a06,MLabs LTD,Project Catalyst,MLabs LTD (proposal text mention),0.82,medium,f13-mlabs-clear-contracts-agora-drep-effect-validator-f13,MLabs + Clear Contracts -Agora dRep Effect Validator,in_progress,approved,386995.0,"386,995.00 ADA",No final output captured in interim dataset.,No documented non-delivery signal in dataset.,yes,https://www.catalystexplorer.com/en/proposals/mlabs-clear-contracts-agora-drep-effect-validator-f13
69fcab8de1ab5d003a0cab66,MLabs LTD,Project Catalyst,MLabs LTD (proposal text mention),0.82,medium,f13-mlabs-pisa-fees-enabling-decentralized-fee-trading-on-cardano-f13,MLabs: Pisa-Fees: Enabling Decentralized Fee Trading on Cardano,complete,approved,499693.0,"499,693.00 ADA",Marked complete in source data; no closeout artifact captured in interim dataset.,No documented non-delivery signal in dataset.,no,https://www.catalystexplorer.com/en/proposals/mlabs-pisa-fees-enabling-decentralized-fee-trading-on-cardano-f13
69fc919e8a0de51b89857e19,MLabs LTD,Project Catalyst,MLabs LTD (proposal text mention),0.82,medium,f13-mlabs-pisa-fees-enabling-decentralized-fee-trading-on-cardano-f13,MLabs: Pisa-Fees: Enabling Decentralized Fee Trading on Cardano,complete,approved,499693.0,"499,693.00 ADA",Marked complete in source data; no closeout artifact captured in interim dataset.,No documented non-delivery signal in dataset.,no,https://www.catalystexplorer.com/en/proposals/mlabs-pisa-fees-enabling-decentralized-fee-trading-on-cardano-f13
69fc8e0989371182537b30a3,MLabs LTD,Project Catalyst,MLabs LTD (proposal text mention),0.82,medium,f13-mlabs-pisa-fees-enabling-decentralized-fee-trading-on-cardano-f13,MLabs: Pisa-Fees: Enabling Decentralized Fee Trading on Cardano,complete,approved,499693.0,"499,693.00 ADA",Marked complete in source data; no closeout artifact captured in interim dataset.,No documented non-delivery signal in dataset.,no,https://www.catalystexplorer.com/en/proposals/mlabs-pisa-fees-enabling-decentralized-fee-trading-on-cardano-f13
69fb669185ddd26899aaf203,MLabs LTD,Project Catalyst,MLabs LTD (proposal text mention),0.82,medium,f13-mlabs-pisa-fees-enabling-decentralized-fee-trading-on-cardano-f13,MLabs: Pisa-Fees: Enabling Decentralized Fee Trading on Cardano,complete,approved,499693.0,"499,693.00 ADA",Marked complete in source data; no closeout artifact captured in interim dataset.,No documented non-delivery signal in dataset.,no,https://www.catalystexplorer.com/en/proposals/mlabs-pisa-fees-enabling-decentralized-fee-trading-on-cardano-f13
69fb5faab05ff80adc7d5c46,MLabs LTD,Project Catalyst,MLabs LTD (proposal text mention),0.82,medium,f13-mlabs-pisa-fees-enabling-decentralized-fee-trading-on-cardano-f13,MLabs: Pisa-Fees: Enabling Decentralized Fee Trading on Cardano,complete,approved,499693.0,"499,693.00 ADA",Marked complete in source data; no closeout artifact captured in interim dataset.,No documented non-delivery signal in dataset.,no,https://www.catalystexplorer.com/en/proposals/mlabs-pisa-fees-enabling-decentralized-fee-trading-on-cardano-f13
69fb450f8a0de51b89857e10,MLabs LTD,Project Catalyst,MLabs LTD (proposal text mention),0.82,medium,f13-mlabs-pisa-fees-enabling-decentralized-fee-trading-on-cardano-f13,MLabs: Pisa-Fees: Enabling Decentralized Fee Trading on Cardano,complete,approved,499693.0,"499,693.00 ADA",Marked complete in source data; no closeout artifact captured in interim dataset.,No documented non-delivery signal in dataset.,no,https://www.catalystexplorer.com/en/proposals/mlabs-pisa-fees-enabling-decentralized-fee-trading-on-cardano-f13
69fb2e7485ddd26899aaf1fe,MLabs LTD,Project Catalyst,MLabs LTD (proposal text mention),0.82,medium,f13-mlabs-pisa-fees-enabling-decentralized-fee-trading-on-cardano-f13,MLabs: Pisa-Fees: Enabling Decentralized Fee Trading on Cardano,complete,approved,499693.0,"499,693.00 ADA",Marked complete in source data; no closeout artifact captured in interim dataset.,No documented non-delivery signal in dataset.,no,https://www.catalystexplorer.com/en/proposals/mlabs-pisa-fees-enabling-decentralized-fee-trading-on-cardano-f13
69fae404f9ebc26d057f51bf,MLabs LTD,Project Catalyst,MLabs LTD (proposal text mention),0.82,medium,f13-mlabs-pisa-fees-enabling-decentralized-fee-trading-on-cardano-f13,MLabs: Pisa-Fees: Enabling Decentralized Fee Trading on Cardano,complete,approved,499693.0,"499,693.00 ADA",Marked complete in source data; no closeout artifact captured in interim dataset.,No documented non-delivery signal in dataset.,no,https://www.catalystexplorer.com/en/proposals/mlabs-pisa-fees-enabling-decentralized-fee-trading-on-cardano-f13
69f8b983e8a58900f4a05a06,MLabs LTD,Project Catalyst,MLabs LTD (proposal text mention),0.82,medium,f13-mlabs-pisa-fees-enabling-decentralized-fee-trading-on-cardano-f13,MLabs: Pisa-Fees: Enabling Decentralized Fee Trading on Cardano,complete,approved,499693.0,"499,693.00 ADA",Marked complete in source data; no closeout artifact captured in interim dataset.,No documented non-delivery signal in dataset.,no,https://www.catalystexplorer.com/en/proposals/mlabs-pisa-fees-enabling-decentralized-fee-trading-on-cardano-f13
69fcab8de1ab5d003a0cab66,MLabs LTD,Project Catalyst,MLabs LTD (proposal text mention),0.82,medium,f13-mlabs-static-analysis-with-covenant-f13,MLabs: Static analysis with Covenant,in_progress,approved,164484.0,"164,484.00 ADA",No final output captured in interim dataset.,No documented non-delivery signal in dataset.,yes,https://www.catalystexplorer.com/en/proposals/mlabs-static-analysis-with-covenant-f13
69fc919e8a0de51b89857e19,MLabs LTD,Project Catalyst,MLabs LTD (proposal text mention),0.82,medium,f13-mlabs-static-analysis-with-covenant-f13,MLabs: Static analysis with Covenant,in_progress,approved,164484.0,"164,484.00 ADA",No final output captured in interim dataset.,No documented non-delivery signal in dataset.,yes,https://www.catalystexplorer.com/en/proposals/mlabs-static-analysis-with-covenant-f13
69fc8e0989371182537b30a3,MLabs LTD,Project Catalyst,MLabs LTD (proposal text mention),0.82,medium,f13-mlabs-static-analysis-with-covenant-f13,MLabs: Static analysis with Covenant,in_progress,approved,164484.0,"164,484.00 ADA",No final output captured in interim dataset.,No documented non-delivery signal in dataset.,yes,https://www.catalystexplorer.com/en/proposals/mlabs-static-analysis-with-covenant-f13
69fb669185ddd26899aaf203,MLabs LTD,Project Catalyst,MLabs LTD (proposal text mention),0.82,medium,f13-mlabs-static-analysis-with-covenant-f13,MLabs: Static analysis with Covenant,in_progress,approved,164484.0,"164,484.00 ADA",No final output captured in interim dataset.,No documented non-delivery signal in dataset.,yes,https://www.catalystexplorer.com/en/proposals/mlabs-static-analysis-with-covenant-f13
69fb5faab05ff80adc7d5c46,MLabs LTD,Project Catalyst,MLabs LTD (proposal text mention),0.82,medium,f13-mlabs-static-analysis-with-covenant-f13,MLabs: Static analysis with Covenant,in_progress,approved,164484.0,"164,484.00 ADA",No final output captured in interim dataset.,No documented non-delivery signal in dataset.,yes,https://www.catalystexplorer.com/en/proposals/mlabs-static-analysis-with-covenant-f13
69fb450f8a0de51b89857e10,MLabs LTD,Project Catalyst,MLabs LTD (proposal text mention),0.82,medium,f13-mlabs-static-analysis-with-covenant-f13,MLabs: Static analysis with Covenant,in_progress,approved,164484.0,"164,484.00 ADA",No final output captured in interim dataset.,No documented non-delivery signal in dataset.,yes,https://www.catalystexplorer.com/en/proposals/mlabs-static-analysis-with-covenant-f13
69fb2e7485ddd26899aaf1fe,MLabs LTD,Project Catalyst,MLabs LTD (proposal text mention),0.82,medium,f13-mlabs-static-analysis-with-covenant-f13,MLabs: Static analysis with Covenant,in_progress,approved,164484.0,"164,484.00 ADA",No final output captured in interim dataset.,No documented non-delivery signal in dataset.,yes,https://www.catalystexplorer.com/en/proposals/mlabs-static-analysis-with-covenant-f13
69fae404f9ebc26d057f51bf,MLabs LTD,Project Catalyst,MLabs LTD (proposal text mention),0.82,medium,f13-mlabs-static-analysis-with-covenant-f13,MLabs: Static analysis with Covenant,in_progress,approved,164484.0,"164,484.00 ADA",No final output captured in interim dataset.,No documented non-delivery signal in dataset.,yes,https://www.catalystexplorer.com/en/proposals/mlabs-static-analysis-with-covenant-f13
69f8b983e8a58900f4a05a06,MLabs LTD,Project Catalyst,MLabs LTD (proposal text mention),0.82,medium,f13-mlabs-static-analysis-with-covenant-f13,MLabs: Static analysis with Covenant,in_progress,approved,164484.0,"164,484.00 ADA",No final output captured in interim dataset.,No documented non-delivery signal in dataset.,yes,https://www.catalystexplorer.com/en/proposals/mlabs-static-analysis-with-covenant-f13
69fcab8de1ab5d003a0cab66,MLabs LTD,Project Catalyst,MLabs LTD (proposal text mention),0.82,medium,f13-mlabs-tooling-upgrade-for-conway-compatibility-f13,MLabs: Tooling upgrade for Conway compatibility.,complete,approved,197850.0,"197,850.00 ADA",Marked complete in source data; no closeout artifact captured in interim dataset.,No documented non-delivery signal in dataset.,no,https://www.catalystexplorer.com/en/proposals/mlabs-tooling-upgrade-for-conway-compatibility-f13
69fc919e8a0de51b89857e19,MLabs LTD,Project Catalyst,MLabs LTD (proposal text mention),0.82,medium,f13-mlabs-tooling-upgrade-for-conway-compatibility-f13,MLabs: Tooling upgrade for Conway compatibility.,complete,approved,197850.0,"197,850.00 ADA",Marked complete in source data; no closeout artifact captured in interim dataset.,No documented non-delivery signal in dataset.,no,https://www.catalystexplorer.com/en/proposals/mlabs-tooling-upgrade-for-conway-compatibility-f13
69fc8e0989371182537b30a3,MLabs LTD,Project Catalyst,MLabs LTD (proposal text mention),0.82,medium,f13-mlabs-tooling-upgrade-for-conway-compatibility-f13,MLabs: Tooling upgrade for Conway compatibility.,complete,approved,197850.0,"197,850.00 ADA",Marked complete in source data; no closeout artifact captured in interim dataset.,No documented non-delivery signal in dataset.,no,https://www.catalystexplorer.com/en/proposals/mlabs-tooling-upgrade-for-conway-compatibility-f13
69fb669185ddd26899aaf203,MLabs LTD,Project Catalyst,MLabs LTD (proposal text mention),0.82,medium,f13-mlabs-tooling-upgrade-for-conway-compatibility-f13,MLabs: Tooling upgrade for Conway compatibility.,complete,approved,197850.0,"197,850.00 ADA",Marked complete in source data; no closeout artifact captured in interim dataset.,No documented non-delivery signal in dataset.,no,https://www.catalystexplorer.com/en/proposals/mlabs-tooling-upgrade-for-conway-compatibility-f13
69fb5faab05ff80adc7d5c46,MLabs LTD,Project Catalyst,MLabs LTD (proposal text mention),0.82,medium,f13-mlabs-tooling-upgrade-for-conway-compatibility-f13,MLabs: Tooling upgrade for Conway compatibility.,complete,approved,197850.0,"197,850.00 ADA",Marked complete in source data; no closeout artifact captured in interim dataset.,No documented non-delivery signal in dataset.,no,https://www.catalystexplorer.com/en/proposals/mlabs-tooling-upgrade-for-conway-compatibility-f13
69fb450f8a0de51b89857e10,MLabs LTD,Project Catalyst,MLabs LTD (proposal text mention),0.82,medium,f13-mlabs-tooling-upgrade-for-conway-compatibility-f13,MLabs: Tooling upgrade for Conway compatibility.,complete,approved,197850.0,"197,850.00 ADA",Marked complete in source data; no closeout artifact captured in interim dataset.,No documented non-delivery signal in dataset.,no,https://www.catalystexplorer.com/en/proposals/mlabs-tooling-upgrade-for-conway-compatibility-f13
69fb2e7485ddd26899aaf1fe,MLabs LTD,Project Catalyst,MLabs LTD (proposal text mention),0.82,medium,f13-mlabs-tooling-upgrade-for-conway-compatibility-f13,MLabs: Tooling upgrade for Conway compatibility.,complete,approved,197850.0,"197,850.00 ADA",Marked complete in source data; no closeout artifact captured in interim dataset.,No documented non-delivery signal in dataset.,no,https://www.catalystexplorer.com/en/proposals/mlabs-tooling-upgrade-for-conway-compatibility-f13
69fae404f9ebc26d057f51bf,MLabs LTD,Project Catalyst,MLabs LTD (proposal text mention),0.82,medium,f13-mlabs-tooling-upgrade-for-conway-compatibility-f13,MLabs: Tooling upgrade for Conway compatibility.,complete,approved,197850.0,"197,850.00 ADA",Marked complete in source data; no closeout artifact captured in interim dataset.,No documented non-delivery signal in dataset.,no,https://www.catalystexplorer.com/en/proposals/mlabs-tooling-upgrade-for-conway-compatibility-f13
69f8b983e8a58900f4a05a06,MLabs LTD,Project Catalyst,MLabs LTD (proposal text mention),0.82,medium,f13-mlabs-tooling-upgrade-for-conway-compatibility-f13,MLabs: Tooling upgrade for Conway compatibility.,complete,approved,197850.0,"197,850.00 ADA",Marked complete in source data; no closeout artifact captured in interim dataset.,No documented non-delivery signal in dataset.,no,https://www.catalystexplorer.com/en/proposals/mlabs-tooling-upgrade-for-conway-compatibility-f13
69fcab8de1ab5d003a0cab66,MLabs LTD,Project Catalyst,MLabs LTD (proposal text mention),0.82,medium,f14-eutxo-fundamentals-plutarch-and-more-ebook-by-elraulito-f14,eUTxO Fundamentals: Plutarch and more [eBook] by elRaulito ,in_progress,approved,0.0,0.00 ADA,No final output captured in interim dataset.,No documented non-delivery signal in dataset.,yes,https://www.catalystexplorer.com/en/proposals/eutxo-fundamentals-plutarch-and-more-ebook-by-elraulito-f14
69fc919e8a0de51b89857e19,MLabs LTD,Project Catalyst,MLabs LTD (proposal text mention),0.82,medium,f14-eutxo-fundamentals-plutarch-and-more-ebook-by-elraulito-f14,eUTxO Fundamentals: Plutarch and more [eBook] by elRaulito ,in_progress,approved,0.0,0.00 ADA,No final output captured in interim dataset.,No documented non-delivery signal in dataset.,yes,https://www.catalystexplorer.com/en/proposals/eutxo-fundamentals-plutarch-and-more-ebook-by-elraulito-f14
69fc8e0989371182537b30a3,MLabs LTD,Project Catalyst,MLabs LTD (proposal text mention),0.82,medium,f14-eutxo-fundamentals-plutarch-and-more-ebook-by-elraulito-f14,eUTxO Fundamentals: Plutarch and more [eBook] by elRaulito ,in_progress,approved,0.0,0.00 ADA,No final output captured in interim dataset.,No documented non-delivery signal in dataset.,yes,https://www.catalystexplorer.com/en/proposals/eutxo-fundamentals-plutarch-and-more-ebook-by-elraulito-f14
69fb669185ddd26899aaf203,MLabs LTD,Project Catalyst,MLabs LTD (proposal text mention),0.82,medium,f14-eutxo-fundamentals-plutarch-and-more-ebook-by-elraulito-f14,eUTxO Fundamentals: Plutarch and more [eBook] by elRaulito ,in_progress,approved,0.0,0.00 ADA,No final output captured in interim dataset.,No documented non-delivery signal in dataset.,yes,https://www.catalystexplorer.com/en/proposals/eutxo-fundamentals-plutarch-and-more-ebook-by-elraulito-f14
69fb5faab05ff80adc7d5c46,MLabs LTD,Project Catalyst,MLabs LTD (proposal text mention),0.82,medium,f14-eutxo-fundamentals-plutarch-and-more-ebook-by-elraulito-f14,eUTxO Fundamentals: Plutarch and more [eBook] by elRaulito ,in_progress,approved,0.0,0.00 ADA,No final output captured in interim dataset.,No documented non-delivery signal in dataset.,yes,https://www.catalystexplorer.com/en/proposals/eutxo-fundamentals-plutarch-and-more-ebook-by-elraulito-f14
69fb450f8a0de51b89857e10,MLabs LTD,Project Catalyst,MLabs LTD (proposal text mention),0.82,medium,f14-eutxo-fundamentals-plutarch-and-more-ebook-by-elraulito-f14,eUTxO Fundamentals: Plutarch and more [eBook] by elRaulito ,in_progress,approved,0.0,0.00 ADA,No final output captured in interim dataset.,No documented non-delivery signal in dataset.,yes,https://www.catalystexplorer.com/en/proposals/eutxo-fundamentals-plutarch-and-more-ebook-by-elraulito-f14
69fb2e7485ddd26899aaf1fe,MLabs LTD,Project Catalyst,MLabs LTD (proposal text mention),0.82,medium,f14-eutxo-fundamentals-plutarch-and-more-ebook-by-elraulito-f14,eUTxO Fundamentals: Plutarch and more [eBook] by elRaulito ,in_progress,approved,0.0,0.00 ADA,No final output captured in interim dataset.,No documented non-delivery signal in dataset.,yes,https://www.catalystexplorer.com/en/proposals/eutxo-fundamentals-plutarch-and-more-ebook-by-elraulito-f14
69fae404f9ebc26d057f51bf,MLabs LTD,Project Catalyst,MLabs LTD (proposal text mention),0.82,medium,f14-eutxo-fundamentals-plutarch-and-more-ebook-by-elraulito-f14,eUTxO Fundamentals: Plutarch and more [eBook] by elRaulito ,in_progress,approved,0.0,0.00 ADA,No final output captured in interim dataset.,No documented non-delivery signal in dataset.,yes,https://www.catalystexplorer.com/en/proposals/eutxo-fundamentals-plutarch-and-more-ebook-by-elraulito-f14
69f8b983e8a58900f4a05a06,MLabs LTD,Project Catalyst,MLabs LTD (proposal text mention),0.82,medium,f14-eutxo-fundamentals-plutarch-and-more-ebook-by-elraulito-f14,eUTxO Fundamentals: Plutarch and more [eBook] by elRaulito ,in_progress,approved,0.0,0.00 ADA,No final output captured in interim dataset.,No documented non-delivery signal in dataset.,yes,https://www.catalystexplorer.com/en/proposals/eutxo-fundamentals-plutarch-and-more-ebook-by-elraulito-f14
69fcab8de1ab5d003a0cab66,MLabs LTD,Project Catalyst,MLabs LTD (proposal text mention),0.82,medium,f14-mlabs-cardano-racers-team-up-for-hydra-powered-gaming-f14,MLabs + Cardano Racers Team Up for Hydra Powered Gaming,in_progress,approved,12800.0,"12,800.00 ADA",No final output captured in interim dataset.,No documented non-delivery signal in dataset.,yes,https://www.catalystexplorer.com/en/proposals/mlabs-cardano-racers-team-up-for-hydra-powered-gaming-f14
69fc919e8a0de51b89857e19,MLabs LTD,Project Catalyst,MLabs LTD (proposal text mention),0.82,medium,f14-mlabs-cardano-racers-team-up-for-hydra-powered-gaming-f14,MLabs + Cardano Racers Team Up for Hydra Powered Gaming,in_progress,approved,12800.0,"12,800.00 ADA",No final output captured in interim dataset.,No documented non-delivery signal in dataset.,yes,https://www.catalystexplorer.com/en/proposals/mlabs-cardano-racers-team-up-for-hydra-powered-gaming-f14
69fc8e0989371182537b30a3,MLabs LTD,Project Catalyst,MLabs LTD (proposal text mention),0.82,medium,f14-mlabs-cardano-racers-team-up-for-hydra-powered-gaming-f14,MLabs + Cardano Racers Team Up for Hydra Powered Gaming,in_progress,approved,12800.0,"12,800.00 ADA",No final output captured in interim dataset.,No documented non-delivery signal in dataset.,yes,https://www.catalystexplorer.com/en/proposals/mlabs-cardano-racers-team-up-for-hydra-powered-gaming-f14
69fb669185ddd26899aaf203,MLabs LTD,Project Catalyst,MLabs LTD (proposal text mention),0.82,medium,f14-mlabs-cardano-racers-team-up-for-hydra-powered-gaming-f14,MLabs + Cardano Racers Team Up for Hydra Powered Gaming,in_progress,approved,12800.0,"12,800.00 ADA",No final output captured in interim dataset.,No documented non-delivery signal in dataset.,yes,https://www.catalystexplorer.com/en/proposals/mlabs-cardano-racers-team-up-for-hydra-powered-gaming-f14
69fb5faab05ff80adc7d5c46,MLabs LTD,Project Catalyst,MLabs LTD (proposal text mention),0.82,medium,f14-mlabs-cardano-racers-team-up-for-hydra-powered-gaming-f14,MLabs + Cardano Racers Team Up for Hydra Powered Gaming,in_progress,approved,12800.0,"12,800.00 ADA",No final output captured in interim dataset.,No documented non-delivery signal in dataset.,yes,https://www.catalystexplorer.com/en/proposals/mlabs-cardano-racers-team-up-for-hydra-powered-gaming-f14
69fb450f8a0de51b89857e10,MLabs LTD,Project Catalyst,MLabs LTD (proposal text mention),0.82,medium,f14-mlabs-cardano-racers-team-up-for-hydra-powered-gaming-f14,MLabs + Cardano Racers Team Up for Hydra Powered Gaming,in_progress,approved,12800.0,"12,800.00 ADA",No final output captured in interim dataset.,No documented non-delivery signal in dataset.,yes,https://www.catalystexplorer.com/en/proposals/mlabs-cardano-racers-team-up-for-hydra-powered-gaming-f14
69fb2e7485ddd26899aaf1fe,MLabs LTD,Project Catalyst,MLabs LTD (proposal text mention),0.82,medium,f14-mlabs-cardano-racers-team-up-for-hydra-powered-gaming-f14,MLabs + Cardano Racers Team Up for Hydra Powered Gaming,in_progress,approved,12800.0,"12,800.00 ADA",No final output captured in interim dataset.,No documented non-delivery signal in dataset.,yes,https://www.catalystexplorer.com/en/proposals/mlabs-cardano-racers-team-up-for-hydra-powered-gaming-f14
69fae404f9ebc26d057f51bf,MLabs LTD,Project Catalyst,MLabs LTD (proposal text mention),0.82,medium,f14-mlabs-cardano-racers-team-up-for-hydra-powered-gaming-f14,MLabs + Cardano Racers Team Up for Hydra Powered Gaming,in_progress,approved,12800.0,"12,800.00 ADA",No final output captured in interim dataset.,No documented non-delivery signal in dataset.,yes,https://www.catalystexplorer.com/en/proposals/mlabs-cardano-racers-team-up-for-hydra-powered-gaming-f14
69f8b983e8a58900f4a05a06,MLabs LTD,Project Catalyst,MLabs LTD (proposal text mention),0.82,medium,f14-mlabs-cardano-racers-team-up-for-hydra-powered-gaming-f14,MLabs + Cardano Racers Team Up for Hydra Powered Gaming,in_progress,approved,12800.0,"12,800.00 ADA",No final output captured in interim dataset.,No documented non-delivery signal in dataset.,yes,https://www.catalystexplorer.com/en/proposals/mlabs-cardano-racers-team-up-for-hydra-powered-gaming-f14
69fb2be989371182537b3099,MLabsLTD,Project Catalyst,MLabsLTD (proposal text mention),0.82,medium,f07-mlabs-ddao-f7,MLabs DDAO,complete,approved,,"72,000.00 USD",Marked complete in source data; no closeout artifact captured in interim dataset.,No documented non-delivery signal in dataset.,no,https://www.catalystexplorer.com/en/proposals/mlabs-ddao-f7
69fb2be989371182537b3099,MLabsLTD,Project Catalyst,MLabsLTD (proposal text mention),0.82,medium,f07-mlabs-dtf-dao-traded-fund-f7,MLabs DTF (Dao-Traded-Fund),complete,approved,,"70,400.00 USD",Marked complete in source data; no closeout artifact captured in interim dataset.,No documented non-delivery signal in dataset.,no,https://www.catalystexplorer.com/en/proposals/mlabs-dtf-dao-traded-fund-f7
69fb2be989371182537b3099,MLabsLTD,Project Catalyst,MLabsLTD (proposal text mention),0.82,medium,f08-mlabs-cardano-tx-lib-for-web3-f8,MLabs - Cardano-Tx-Lib for web3,complete,approved,,"71,000.00 USD",Marked complete in source data; no closeout artifact captured in interim dataset.,No documented non-delivery signal in dataset.,no,https://www.catalystexplorer.com/en/proposals/mlabs-cardano-tx-lib-for-web3-f8
69fb2be989371182537b3099,MLabsLTD,Project Catalyst,MLabsLTD (proposal text mention),0.82,medium,f08-mlabs-spec-dsl-for-dapp-security-f8,MLabs - Spec DSL for dApp Security,complete,approved,,"72,000.00 USD",Marked complete in source data; no closeout artifact captured in interim dataset.,No documented non-delivery signal in dataset.,no,https://www.catalystexplorer.com/en/proposals/mlabs-spec-dsl-for-dapp-security-f8
69fb2be989371182537b3099,MLabsLTD,Project Catalyst,MLabsLTD (proposal text mention),0.82,medium,f08-reference-inputs-sdk-mlabsorcfax-f8,Reference Inputs SDK ▶ MLabs+Orcfax,complete,approved,,"112,200.00 USD",Marked complete in source data; no closeout artifact captured in interim dataset.,No documented non-delivery signal in dataset.,no,https://www.catalystexplorer.com/en/proposals/reference-inputs-sdk-mlabsorcfax-f8
69fb2be989371182537b3099,MLabsLTD,Project Catalyst,MLabsLTD (proposal text mention),0.82,medium,f09-mlabs-apropos-for-property-tests-f9,MLabs - Apropos for Property Tests,complete,approved,,"62,400.00 USD",Marked complete in source data; no closeout artifact captured in interim dataset.,No documented non-delivery signal in dataset.,no,https://www.catalystexplorer.com/en/proposals/mlabs-apropos-for-property-tests-f9
69fb2be989371182537b3099,MLabsLTD,Project Catalyst,MLabsLTD (proposal text mention),0.82,medium,f09-mlabs-cardano-dapp-schemas-f9,MLabs - Cardano DApp Schemas,complete,approved,,"115,200.00 USD",Marked complete in source data; no closeout artifact captured in interim dataset.,No documented non-delivery signal in dataset.,no,https://www.catalystexplorer.com/en/proposals/mlabs-cardano-dapp-schemas-f9
69fb2be989371182537b3099,MLabsLTD,Project Catalyst,MLabsLTD (proposal text mention),0.82,medium,f09-mlabs-cardano-throughput-solution-f9,MLabs - Cardano Throughput Solution,complete,approved,,"81,200.00 USD",Marked complete in source data; no closeout artifact captured in interim dataset.,No documented non-delivery signal in dataset.,no,https://www.catalystexplorer.com/en/proposals/mlabs-cardano-throughput-solution-f9
69fb2be989371182537b3099,MLabsLTD,Project Catalyst,MLabsLTD (proposal text mention),0.82,medium,f09-mlabs-ctl-blockfrost-backend-f9,MLabs - CTL Blockfrost Backend,complete,approved,,"50,000.00 USD",Marked complete in source data; no closeout artifact captured in interim dataset.,No documented non-delivery signal in dataset.,no,https://www.catalystexplorer.com/en/proposals/mlabs-ctl-blockfrost-backend-f9
69fb2be989371182537b3099,MLabsLTD,Project Catalyst,MLabsLTD (proposal text mention),0.82,medium,f09-mlabs-dev-documentation-drive-f9,MLabs - Dev Documentation Drive,complete,approved,,"60,000.00 USD",Marked complete in source data; no closeout artifact captured in interim dataset.,No documented non-delivery signal in dataset.,no,https://www.catalystexplorer.com/en/proposals/mlabs-dev-documentation-drive-f9
69fb2be989371182537b3099,MLabsLTD,Project Catalyst,MLabsLTD (proposal text mention),0.82,medium,f09-mlabs-embedano-embedded-devices-f9,MLabs - Embedano (Embedded Devices),complete,approved,,"96,000.00 USD",Marked complete in source data; no closeout artifact captured in interim dataset.,No documented non-delivery signal in dataset.,no,https://www.catalystexplorer.com/en/proposals/mlabs-embedano-embedded-devices-f9
69fb2be989371182537b3099,MLabsLTD,Project Catalyst,MLabsLTD (proposal text mention),0.82,medium,f09-mlabs-plutarch-v2-f9,MLabs - Plutarch v2,complete,approved,,"73,040.00 USD",Marked complete in source data; no closeout artifact captured in interim dataset.,No documented non-delivery signal in dataset.,no,https://www.catalystexplorer.com/en/proposals/mlabs-plutarch-v2-f9
69fb2be989371182537b3099,MLabsLTD,Project Catalyst,MLabsLTD (proposal text mention),0.82,medium,f10-ikigai-mlabs-hydra-app-sdk-and-auction-service-f10,Ikigai + MLabs – Hydra app SDK and auction service,complete,approved,1302857.0,"1,302,857.00 ADA",Marked complete in source data; no closeout artifact captured in interim dataset.,No documented non-delivery signal in dataset.,no,https://www.catalystexplorer.com/en/proposals/ikigai-mlabs-hydra-app-sdk-and-auction-service-f10
69fb2be989371182537b3099,MLabsLTD,Project Catalyst,MLabsLTD (proposal text mention),0.82,medium,f10-mlabs-browser-based-wallet-for-developers-testers-f10,MLabs - Browser-based Wallet for Developers & Testers,complete,approved,251070.0,"251,070.00 ADA",Marked complete in source data; no closeout artifact captured in interim dataset.,No documented non-delivery signal in dataset.,no,https://www.catalystexplorer.com/en/proposals/mlabs-browser-based-wallet-for-developers-testers-f10
69fb2be989371182537b3099,MLabsLTD,Project Catalyst,MLabsLTD (proposal text mention),0.82,medium,f10-mlabs-cardano-game-engine-wallet-godot-integration-f10,MLabs – Cardano Game Engine Wallet - Godot Integration,complete,approved,547380.0,"547,380.00 ADA",Marked complete in source data; no closeout artifact captured in interim dataset.,No documented non-delivery signal in dataset.,no,https://www.catalystexplorer.com/en/proposals/mlabs-cardano-game-engine-wallet-godot-integration-f10
69fb2be989371182537b3099,MLabsLTD,Project Catalyst,MLabsLTD (proposal text mention),0.82,medium,f10-mlabs-cardano-onchain-languages-benchmark-f10,MLabs - Cardano Onchain Languages Benchmark,complete,approved,271430.0,"271,430.00 ADA",Marked complete in source data; no closeout artifact captured in interim dataset.,No documented non-delivery signal in dataset.,no,https://www.catalystexplorer.com/en/proposals/mlabs-cardano-onchain-languages-benchmark-f10
69fb2be989371182537b3099,MLabsLTD,Project Catalyst,MLabsLTD (proposal text mention),0.82,medium,f10-mlabs-cardano-transaction-library-evolution-f10,MLabs - Cardano-Transaction-Library Evolution,complete,approved,226190.0,"226,190.00 ADA",Marked complete in source data; no closeout artifact captured in interim dataset.,No documented non-delivery signal in dataset.,no,https://www.catalystexplorer.com/en/proposals/mlabs-cardano-transaction-library-evolution-f10
69fb2be989371182537b3099,MLabsLTD,Project Catalyst,MLabsLTD (proposal text mention),0.82,medium,f10-mlabs-cardanow-rapid-infrastructure-caching-f10,MLabs – CardaNow – Rapid Infrastructure Caching,complete,approved,633330.0,"633,330.00 ADA",Marked complete in source data; no closeout artifact captured in interim dataset.,No documented non-delivery signal in dataset.,no,https://www.catalystexplorer.com/en/proposals/mlabs-cardanow-rapid-infrastructure-caching-f10
69fb2be989371182537b3099,MLabsLTD,Project Catalyst,MLabsLTD (proposal text mention),0.82,medium,f10-mlabs-cemscript-sdk-get-your-dapp-implementation-from-annotated-on-chain-logic-state-machine-f10,MLabs – CEMScript SDK: get your DApp implementation from annotated on-chain logic state-machine,complete,approved,291786.0,"291,786.00 ADA",Marked complete in source data; no closeout artifact captured in interim dataset.,No documented non-delivery signal in dataset.,no,https://www.catalystexplorer.com/en/proposals/mlabs-cemscript-sdk-get-your-dapp-implementation-from-annotated-on-chain-logic-state-machine-f10
69fb2be989371182537b3099,MLabsLTD,Project Catalyst,MLabsLTD (proposal text mention),0.82,medium,f10-mlabs-congested-testnet-f10,MLabs – Congested Testnet,complete,approved,227140.0,"227,140.00 ADA",Marked complete in source data; no closeout artifact captured in interim dataset.,No documented non-delivery signal in dataset.,no,https://www.catalystexplorer.com/en/proposals/mlabs-congested-testnet-f10
69fb2be989371182537b3099,MLabsLTD,Project Catalyst,MLabsLTD (proposal text mention),0.82,medium,f10-mlabs-dens-decentralized-name-system-phase-i-f10,MLabs - DeNS (Decentralized Name System): Phase I,complete,approved,257850.0,"257,850.00 ADA",Marked complete in source data; no closeout artifact captured in interim dataset.,No documented non-delivery signal in dataset.,no,https://www.catalystexplorer.com/en/proposals/mlabs-dens-decentralized-name-system-phase-i-f10
69fb2be989371182537b3099,MLabsLTD,Project Catalyst,MLabsLTD (proposal text mention),0.82,medium,f10-mlabs-enhancing-and-evolving-the-plutus-simple-model-psm-test-library-f10,MLabs – Enhancing and Evolving the Plutus Simple Model (PSM) Test Library,complete,approved,352860.0,"352,860.00 ADA",Marked complete in source data; no closeout artifact captured in interim dataset.,No documented non-delivery signal in dataset.,no,https://www.catalystexplorer.com/en/proposals/mlabs-enhancing-and-evolving-the-plutus-simple-model-psm-test-library-f10
69fb2be989371182537b3099,MLabsLTD,Project Catalyst,MLabsLTD (proposal text mention),0.82,medium,f10-mlabs-lambdabuffers-was-cardano-dapp-schemas-code-generation-backends-for-rust-javascript-and-aiken-f10,"MLabs - LambdaBuffers (was Cardano dApp schemas) code generation backends for Rust, Javascript and Aiken",complete,approved,260571.0,"260,571.00 ADA",Marked complete in source data; no closeout artifact captured in interim dataset.,No documented non-delivery signal in dataset.,no,https://www.catalystexplorer.com/en/proposals/mlabs-lambdabuffers-was-cardano-dapp-schemas-code-generation-backends-for-rust-javascript-and-aiken-f10
69fb2be989371182537b3099,MLabsLTD,Project Catalyst,MLabsLTD (proposal text mention),0.82,medium,f10-mlabs-purus-purescript-to-plutus-core-compiler-f10,MLabs - Purus: PureScript to Plutus Core compiler,complete,approved,619761.0,"619,761.00 ADA",Marked complete in source data; no closeout artifact captured in interim dataset.,No documented non-delivery signal in dataset.,no,https://www.catalystexplorer.com/en/proposals/mlabs-purus-purescript-to-plutus-core-compiler-f10
69fb2be989371182537b3099,MLabsLTD,Project Catalyst,MLabsLTD (proposal text mention),0.82,medium,f10-mlabs-re-think-cip-30-wallet-interface-standard-f10,MLabs - Re-think CIP-30 wallet interface standard,complete,approved,271430.0,"271,430.00 ADA",Marked complete in source data; no closeout artifact captured in interim dataset.,No documented non-delivery signal in dataset.,no,https://www.catalystexplorer.com/en/proposals/mlabs-re-think-cip-30-wallet-interface-standard-f10
69fb2be989371182537b3099,MLabsLTD,Project Catalyst,MLabsLTD (proposal text mention),0.82,medium,f10-mlabs-spo-anywhere-easy-stake-pool-deployment-with-nixos-f10,MLabs – SPO-anywhere – Easy Stake Pool Deployment with NixOS,complete,approved,287260.0,"287,260.00 ADA",Marked complete in source data; no closeout artifact captured in interim dataset.,No documented non-delivery signal in dataset.,no,https://www.catalystexplorer.com/en/proposals/mlabs-spo-anywhere-easy-stake-pool-deployment-with-nixos-f10
69fb2be989371182537b3099,MLabsLTD,Project Catalyst,MLabsLTD (proposal text mention),0.82,medium,f10-mlabs-streamlining-cardano-deployment-with-enhanced-nixos-modules-f10,MLabs – Streamlining Cardano Deployment with Enhanced NixOS Modules,complete,approved,217140.0,"217,140.00 ADA",Marked complete in source data; no closeout artifact captured in interim dataset.,No documented non-delivery signal in dataset.,no,https://www.catalystexplorer.com/en/proposals/mlabs-streamlining-cardano-deployment-with-enhanced-nixos-modules-f10
69fb2be989371182537b3099,MLabsLTD,Project Catalyst,MLabsLTD (proposal text mention),0.82,medium,f11-charli3-v3-architecture-audit-f11,CHARLi3 - V3 Architecture Audit,complete,approved,485095.0,"485,095.00 ADA",Marked complete in source data; no closeout artifact captured in interim dataset.,No documented non-delivery signal in dataset.,no,https://www.catalystexplorer.com/en/proposals/charli3-v3-architecture-audit-f11
69fb2be989371182537b3099,MLabsLTD,Project Catalyst,MLabsLTD (proposal text mention),0.82,medium,f11-indigo-protocol-v2-audit-f11,Indigo Protocol V2 Audit,complete,approved,450000.0,"450,000.00 ADA",Marked complete in source data; no closeout artifact captured in interim dataset.,No documented non-delivery signal in dataset.,no,https://www.catalystexplorer.com/en/proposals/indigo-protocol-v2-audit-f11
69fb2be989371182537b3099,MLabsLTD,Project Catalyst,MLabsLTD (proposal text mention),0.82,medium,f11-mlabs-cardano-transaction-library-footprint-reduction-f11,MLabs – Cardano Transaction Library Footprint Reduction,complete,approved,200000.0,"200,000.00 ADA",Marked complete in source data; no closeout artifact captured in interim dataset.,No documented non-delivery signal in dataset.,no,https://www.catalystexplorer.com/en/proposals/mlabs-cardano-transaction-library-footprint-reduction-f11
69fb2be989371182537b3099,MLabsLTD,Project Catalyst,MLabsLTD (proposal text mention),0.82,medium,f12-kwarxs-mlabs-fracturizing-revolutionize-evolve-f12,"KWARXS + MLabs - ""Fracturizing: Revolutionize, Evolve""",complete,approved,299600.0,"299,600.00 ADA",Marked complete in source data; no closeout artifact captured in interim dataset.,No documented non-delivery signal in dataset.,no,https://www.catalystexplorer.com/en/proposals/kwarxs-mlabs-fracturizing-revolutionize-evolve-f12
69fb2be989371182537b3099,MLabsLTD,Project Catalyst,MLabsLTD (proposal text mention),0.82,medium,f12-mlabs-efficient-contract-upgrades-with-yielding-tx-pattern-f12,MLabs - Efficient Contract Upgrades with Yielding Tx Pattern,complete,approved,199932.0,"199,932.00 ADA",Marked complete in source data; no closeout artifact captured in interim dataset.,No documented non-delivery signal in dataset.,no,https://www.catalystexplorer.com/en/proposals/mlabs-efficient-contract-upgrades-with-yielding-tx-pattern-f12
69fb2be989371182537b3099,MLabsLTD,Project Catalyst,MLabsLTD (proposal text mention),0.82,medium,f12-mlabs-pisa-fees-decentralized-fee-trading-smart-contract-f12,MLabs - Pisa-Fees: Decentralized Fee Trading Smart Contract,complete,approved,100000.0,"100,000.00 ADA",Marked complete in source data; no closeout artifact captured in interim dataset.,No documented non-delivery signal in dataset.,no,https://www.catalystexplorer.com/en/proposals/mlabs-pisa-fees-decentralized-fee-trading-smart-contract-f12
69fb2be989371182537b3099,MLabsLTD,Project Catalyst,MLabsLTD (proposal text mention),0.82,medium,f13-mlabs-advancing-plutarch-and-ctl-cip-integration-api-enhancements-and-improved-infrastructure-f13,"MLabs: Advancing Plutarch and CTL: CIP Integration, API Enhancements, and Improved Infrastructure",complete,approved,487679.0,"487,679.00 ADA",Marked complete in source data; no closeout artifact captured in interim dataset.,No documented non-delivery signal in dataset.,no,https://www.catalystexplorer.com/en/proposals/mlabs-advancing-plutarch-and-ctl-cip-integration-api-enhancements-and-improved-infrastructure-f13
69fb2be989371182537b3099,MLabsLTD,Project Catalyst,MLabsLTD (proposal text mention),0.82,medium,f13-mlabs-clear-contracts-agora-drep-effect-validator-f13,MLabs + Clear Contracts -Agora dRep Effect Validator,in_progress,approved,386995.0,"386,995.00 ADA",No final output captured in interim dataset.,No documented non-delivery signal in dataset.,yes,https://www.catalystexplorer.com/en/proposals/mlabs-clear-contracts-agora-drep-effect-validator-f13
69fb2be989371182537b3099,MLabsLTD,Project Catalyst,MLabsLTD (proposal text mention),0.82,medium,f13-mlabs-pisa-fees-enabling-decentralized-fee-trading-on-cardano-f13,MLabs: Pisa-Fees: Enabling Decentralized Fee Trading on Cardano,complete,approved,499693.0,"499,693.00 ADA",Marked complete in source data; no closeout artifact captured in interim dataset.,No documented non-delivery signal in dataset.,no,https://www.catalystexplorer.com/en/proposals/mlabs-pisa-fees-enabling-decentralized-fee-trading-on-cardano-f13
69fb2be989371182537b3099,MLabsLTD,Project Catalyst,MLabsLTD (proposal text mention),0.82,medium,f13-mlabs-static-analysis-with-covenant-f13,MLabs: Static analysis with Covenant,in_progress,approved,164484.0,"164,484.00 ADA",No final output captured in interim dataset.,No documented non-delivery signal in dataset.,yes,https://www.catalystexplorer.com/en/proposals/mlabs-static-analysis-with-covenant-f13
69fb2be989371182537b3099,MLabsLTD,Project Catalyst,MLabsLTD (proposal text mention),0.82,medium,f13-mlabs-tooling-upgrade-for-conway-compatibility-f13,MLabs: Tooling upgrade for Conway compatibility.,complete,approved,197850.0,"197,850.00 ADA",Marked complete in source data; no closeout artifact captured in interim dataset.,No documented non-delivery signal in dataset.,no,https://www.catalystexplorer.com/en/proposals/mlabs-tooling-upgrade-for-conway-compatibility-f13
69fb2be989371182537b3099,MLabsLTD,Project Catalyst,MLabsLTD (proposal text mention),0.82,medium,f14-eutxo-fundamentals-plutarch-and-more-ebook-by-elraulito-f14,eUTxO Fundamentals: Plutarch and more [eBook] by elRaulito ,in_progress,approved,0.0,0.00 ADA,No final output captured in interim dataset.,No documented non-delivery signal in dataset.,yes,https://www.catalystexplorer.com/en/proposals/eutxo-fundamentals-plutarch-and-more-ebook-by-elraulito-f14
69fb2be989371182537b3099,MLabsLTD,Project Catalyst,MLabsLTD (proposal text mention),0.82,medium,f14-mlabs-cardano-racers-team-up-for-hydra-powered-gaming-f14,MLabs + Cardano Racers Team Up for Hydra Powered Gaming,in_progress,approved,12800.0,"12,800.00 ADA",No final output captured in interim dataset.,No documented non-delivery signal in dataset.,yes,https://www.catalystexplorer.com/en/proposals/mlabs-cardano-racers-team-up-for-hydra-powered-gaming-f14
69f0ed3a7822b26563397afa,Prisma,Project Catalyst,Prisma (proposal text mention),0.82,medium,f14-prisma-argentina-action-learning-journey-f14,Prisma Argentina Action-Learning Journey,in_progress,approved,14400.0,"14,400.00 ADA",No final output captured in interim dataset.,No documented non-delivery signal in dataset.,yes,https://www.catalystexplorer.com/en/proposals/prisma-argentina-action-learning-journey-f14
69f0ed3a7822b26563397afa,Prisma,Project Catalyst,Prisma (proposal text mention),0.82,medium,f14-prisma-dids-decentralized-ids-for-verifiable-contributions-f14,Prisma DIDs: Decentralized IDs for Verifiable Contributions,in_progress,approved,18000.0,"18,000.00 ADA",No final output captured in interim dataset.,No documented non-delivery signal in dataset.,yes,https://www.catalystexplorer.com/en/proposals/prisma-dids-decentralized-ids-for-verifiable-contributions-f14
69f293527822b26563397afd,Rare Network (Rare Evo) & SCRIB3,Project Catalyst,Rare Network (Rare Evo) & SCRIB3 (proposal text mention),0.88,medium,f10-integration-of-rare-perks-nfts-into-a-cardano-based-ticketing-platform-f10,Integration of Rare Perks NFTs into a Cardano Based Ticketing Platform,complete,approved,75000.0,"75,000.00 ADA",Marked complete in source data; no closeout artifact captured in interim dataset.,No documented non-delivery signal in dataset.,no,https://www.catalystexplorer.com/en/proposals/integration-of-rare-perks-nfts-into-a-cardano-based-ticketing-platform-f10
69f293527822b26563397afd,Rare Network (Rare Evo) & SCRIB3,Project Catalyst,Rare Network (Rare Evo) & SCRIB3 (proposal text mention),0.88,medium,f11-catalyst-working-groups-research-scoping-analysis-by-iog-catalyst-team-rare-evo-and-sustainable-ada-f11,"Catalyst Working Groups Research & Scoping Analysis by IOG Catalyst Team, Rare Evo, and Sustainable ADA",complete,approved,1000000.0,"1,000,000.00 ADA",Marked complete in source data; no closeout artifact captured in interim dataset.,No documented non-delivery signal in dataset.,no,https://www.catalystexplorer.com/en/proposals/catalyst-working-groups-research-scoping-analysis-by-iog-catalyst-team-rare-evo-and-sustainable-ada-f11
69f293527822b26563397afd,Rare Network (Rare Evo) & SCRIB3,Project Catalyst,Rare Network (Rare Evo) & SCRIB3 (proposal text mention),0.88,medium,f11-community-stage-live-stream-at-rare-evo-24-caesars-palace-powered-by-rare-network-rare-evo-f11,Community Stage & Live Stream at Rare Evo 24 Caesars Palace - Powered by Rare Network / Rare Evo,complete,approved,200000.0,"200,000.00 ADA",Marked complete in source data; no closeout artifact captured in interim dataset.,No documented non-delivery signal in dataset.,no,https://www.catalystexplorer.com/en/proposals/community-stage-live-stream-at-rare-evo-24-caesars-palace-powered-by-rare-network-rare-evo-f11
69f293527822b26563397afd,Rare Network (Rare Evo) & SCRIB3,Project Catalyst,Rare Network (Rare Evo) & SCRIB3 (proposal text mention),0.88,medium,f11-paris-blockchain-week-cardano-event-with-media-marketing-powered-by-rare-network-rare-evo-f11,Paris Blockchain Week Cardano Event with Media & Marketing - Powered by Rare Network / Rare Evo,complete,approved,200000.0,"200,000.00 ADA",Marked complete in source data; no closeout artifact captured in interim dataset.,No documented non-delivery signal in dataset.,no,https://www.catalystexplorer.com/en/proposals/paris-blockchain-week-cardano-event-with-media-marketing-powered-by-rare-network-rare-evo-f11
69f293527822b26563397afd,Rare Network (Rare Evo) & SCRIB3,Project Catalyst,Rare Network (Rare Evo) & SCRIB3 (proposal text mention),0.88,medium,f11-token2049-dubai-2024-cardano-event-with-media-marketing-powered-by-rare-network-rare-evo-f11,Token2049 Dubai 2024 Cardano Event with Media & Marketing - Powered by Rare Network / Rare Evo,complete,approved,120000.0,"120,000.00 ADA",Marked complete in source data; no closeout artifact captured in interim dataset.,No documented non-delivery signal in dataset.,no,https://www.catalystexplorer.com/en/proposals/token2049-dubai-2024-cardano-event-with-media-marketing-powered-by-rare-network-rare-evo-f11
69f293527822b26563397afd,Rare Network (Rare Evo) & SCRIB3,Project Catalyst,Rare Network (Rare Evo) & SCRIB3 (proposal text mention),0.88,medium,f12-cardano-summit-24-dubai-rare-social-event-with-media-marketing-powered-by-rare-network-rare-evo-f12,Cardano Summit '24 Dubai Rare Social Event with Media & Marketing - Powered by Rare Network / Rare Evo,complete,approved,100000.0,"100,000.00 ADA",Marked complete in source data; no closeout artifact captured in interim dataset.,No documented non-delivery signal in dataset.,no,https://www.catalystexplorer.com/en/proposals/cardano-summit-24-dubai-rare-social-event-with-media-marketing-powered-by-rare-network-rare-evo-f12
69f293527822b26563397afd,Rare Network (Rare Evo) & SCRIB3,Project Catalyst,Rare Network (Rare Evo) & SCRIB3 (proposal text mention),0.88,medium,f12-consensus-hong-kong-rare-social-cardano-event-with-media-marketing-powered-by-rare-network-rare-evo-f12,Consensus Hong Kong Rare Social Cardano Event with Media & Marketing - Powered by Rare Network / Rare Evo,complete,approved,100000.0,"100,000.00 ADA",Marked complete in source data; no closeout artifact captured in interim dataset.,No documented non-delivery signal in dataset.,no,https://www.catalystexplorer.com/en/proposals/consensus-hong-kong-rare-social-cardano-event-with-media-marketing-powered-by-rare-network-rare-evo-f12
69f293527822b26563397afd,Rare Network (Rare Evo) & SCRIB3,Project Catalyst,Rare Network (Rare Evo) & SCRIB3 (proposal text mention),0.88,medium,f12-token2049-singapore-rare-social-cardano-event-with-media-marketing-powered-by-rare-network-rare-evo-f12,Token2049 Singapore Rare Social Cardano Event with Media & Marketing - Powered by Rare Network / Rare Evo,complete,approved,100000.0,"100,000.00 ADA",Marked complete in source data; no closeout artifact captured in interim dataset.,No documented non-delivery signal in dataset.,no,https://www.catalystexplorer.com/en/proposals/token2049-singapore-rare-social-cardano-event-with-media-marketing-powered-by-rare-network-rare-evo-f12
69f293527822b26563397afd,Rare Network (Rare Evo) & SCRIB3,Project Catalyst,Rare Network (Rare Evo) & SCRIB3 (proposal text mention),0.88,medium,f14-cardano-nft-ticketing-conference-goer-platform-by-rare-evo-f14,Cardano NFT Ticketing & Conference Goer Platform by Rare Evo,in_progress,approved,20400.0,"20,400.00 ADA",No final output captured in interim dataset.,No documented non-delivery signal in dataset.,yes,https://www.catalystexplorer.com/en/proposals/cardano-nft-ticketing-conference-goer-platform-by-rare-evo-f14
69f293527822b26563397afd,Rare Network (Rare Evo) & SCRIB3,Project Catalyst,Rare Network (Rare Evo) & SCRIB3 (proposal text mention),0.88,medium,f14-catalyst-funded-cardano-startup-booths-at-rare-evo-2026-f14,Catalyst Funded Cardano Startup Booths at Rare Evo 2026,in_progress,approved,0.0,0.00 ADA,No final output captured in interim dataset.,No documented non-delivery signal in dataset.,yes,https://www.catalystexplorer.com/en/proposals/catalyst-funded-cardano-startup-booths-at-rare-evo-2026-f14
69e21a177a2045bdd2281d1a,Serviceplan Group,Project Catalyst,Serviceplan Group (proposal text mention),0.88,medium,f13-masumi-secure-compliant-ai-agents-for-companies-like-bmw-generali-more-by-serviceplan-group-nmkr-f13,"Masumi: Secure, Compliant AI Agents for companies like BMW, Generali & more – by Serviceplan Group & NMKR",complete,approved,1800000.0,"1,800,000.00 ADA",Marked complete in source data; no closeout artifact captured in interim dataset.,No documented non-delivery signal in dataset.,no,https://www.catalystexplorer.com/en/proposals/masumi-secure-compliant-ai-agents-for-companies-like-bmw-generali-more-by-serviceplan-group-nmkr-f13
69e21a177a2045bdd2281d1a,Serviceplan Group,Project Catalyst,Serviceplan Group (proposal text mention),0.88,medium,f14-masumi-ai-agent-network-20-by-serviceplan-group-f14,Masumi AI Agent Network 2.0 by Serviceplan Group  ,in_progress,approved,40000.0,"40,000.00 ADA",No final output captured in interim dataset.,No documented non-delivery signal in dataset.,yes,https://www.catalystexplorer.com/en/proposals/masumi-ai-agent-network-20-by-serviceplan-group-f14
69f8328b93fdcc8059d4cc20,Techstars,Project Catalyst,Techstars (proposal text mention),0.82,medium,f13-techstars-will-help-cardano-builders-grow-their-businesses-to-drive-cardanos-adoption-f13,Techstars will help Cardano Builders grow their businesses to drive Cardano's Adoption,in_progress,approved,1079000.0,"1,079,000.00 ADA",No final output captured in interim dataset.,No documented non-delivery signal in dataset.,yes,https://www.catalystexplorer.com/en/proposals/techstars-will-help-cardano-builders-grow-their-businesses-to-drive-cardanos-adoption-f13
69fc5a8785ddd26899aaf208,TxPipe,Project Catalyst,TxPipe (proposal text mention),0.82,medium,f10-pallas-open-source-maintainer-f10,Pallas - Open-source maintainer,complete,approved,143571.0,"143,571.00 ADA",Marked complete in source data; no closeout artifact captured in interim dataset.,No documented non-delivery signal in dataset.,no,https://www.catalystexplorer.com/en/proposals/pallas-open-source-maintainer-f10
69fd1b97e1ab5d003a0cab6f,TxPipe,Project Catalyst,TxPipe (proposal text mention),0.82,medium,f10-pallas-open-source-maintainer-f10,Pallas - Open-source maintainer,complete,approved,143571.0,"143,571.00 ADA",Marked complete in source data; no closeout artifact captured in interim dataset.,No documented non-delivery signal in dataset.,no,https://www.catalystexplorer.com/en/proposals/pallas-open-source-maintainer-f10
69f9dabb92f043aa2df1a282,TxPipe,Project Catalyst,TxPipe (proposal text mention),0.82,medium,f10-pallas-open-source-maintainer-f10,Pallas - Open-source maintainer,complete,approved,143571.0,"143,571.00 ADA",Marked complete in source data; no closeout artifact captured in interim dataset.,No documented non-delivery signal in dataset.,no,https://www.catalystexplorer.com/en/proposals/pallas-open-source-maintainer-f10
69f9d3db0a4abf2b3c1da737,TxPipe,Project Catalyst,TxPipe (proposal text mention),0.82,medium,f10-pallas-open-source-maintainer-f10,Pallas - Open-source maintainer,complete,approved,143571.0,"143,571.00 ADA",Marked complete in source data; no closeout artifact captured in interim dataset.,No documented non-delivery signal in dataset.,no,https://www.catalystexplorer.com/en/proposals/pallas-open-source-maintainer-f10
69f9ca0e4b815ecdc8d91a17,TxPipe,Project Catalyst,TxPipe (proposal text mention),0.82,medium,f10-pallas-open-source-maintainer-f10,Pallas - Open-source maintainer,complete,approved,143571.0,"143,571.00 ADA",Marked complete in source data; no closeout artifact captured in interim dataset.,No documented non-delivery signal in dataset.,no,https://www.catalystexplorer.com/en/proposals/pallas-open-source-maintainer-f10
69f8c6dec9c351b28aa8d7b8,TxPipe,Project Catalyst,TxPipe (proposal text mention),0.82,medium,f10-pallas-open-source-maintainer-f10,Pallas - Open-source maintainer,complete,approved,143571.0,"143,571.00 ADA",Marked complete in source data; no closeout artifact captured in interim dataset.,No documented non-delivery signal in dataset.,no,https://www.catalystexplorer.com/en/proposals/pallas-open-source-maintainer-f10
69fc5a8785ddd26899aaf208,TxPipe,Project Catalyst,TxPipe (proposal text mention),0.82,medium,f11-asteria-by-txpipe-a-bot-challenge-to-showcase-the-capabilities-of-the-utxo-model-f11,Asteria by TxPipe: A bot challenge to showcase the capabilities of the UTxO model,complete,approved,191572.0,"191,572.00 ADA",Marked complete in source data; no closeout artifact captured in interim dataset.,No documented non-delivery signal in dataset.,no,https://www.catalystexplorer.com/en/proposals/asteria-by-txpipe-a-bot-challenge-to-showcase-the-capabilities-of-the-utxo-model-f11
69fd1b97e1ab5d003a0cab6f,TxPipe,Project Catalyst,TxPipe (proposal text mention),0.82,medium,f11-asteria-by-txpipe-a-bot-challenge-to-showcase-the-capabilities-of-the-utxo-model-f11,Asteria by TxPipe: A bot challenge to showcase the capabilities of the UTxO model,complete,approved,191572.0,"191,572.00 ADA",Marked complete in source data; no closeout artifact captured in interim dataset.,No documented non-delivery signal in dataset.,no,https://www.catalystexplorer.com/en/proposals/asteria-by-txpipe-a-bot-challenge-to-showcase-the-capabilities-of-the-utxo-model-f11
69f9dabb92f043aa2df1a282,TxPipe,Project Catalyst,TxPipe (proposal text mention),0.82,medium,f11-asteria-by-txpipe-a-bot-challenge-to-showcase-the-capabilities-of-the-utxo-model-f11,Asteria by TxPipe: A bot challenge to showcase the capabilities of the UTxO model,complete,approved,191572.0,"191,572.00 ADA",Marked complete in source data; no closeout artifact captured in interim dataset.,No documented non-delivery signal in dataset.,no,https://www.catalystexplorer.com/en/proposals/asteria-by-txpipe-a-bot-challenge-to-showcase-the-capabilities-of-the-utxo-model-f11
69f9d3db0a4abf2b3c1da737,TxPipe,Project Catalyst,TxPipe (proposal text mention),0.82,medium,f11-asteria-by-txpipe-a-bot-challenge-to-showcase-the-capabilities-of-the-utxo-model-f11,Asteria by TxPipe: A bot challenge to showcase the capabilities of the UTxO model,complete,approved,191572.0,"191,572.00 ADA",Marked complete in source data; no closeout artifact captured in interim dataset.,No documented non-delivery signal in dataset.,no,https://www.catalystexplorer.com/en/proposals/asteria-by-txpipe-a-bot-challenge-to-showcase-the-capabilities-of-the-utxo-model-f11
69f9ca0e4b815ecdc8d91a17,TxPipe,Project Catalyst,TxPipe (proposal text mention),0.82,medium,f11-asteria-by-txpipe-a-bot-challenge-to-showcase-the-capabilities-of-the-utxo-model-f11,Asteria by TxPipe: A bot challenge to showcase the capabilities of the UTxO model,complete,approved,191572.0,"191,572.00 ADA",Marked complete in source data; no closeout artifact captured in interim dataset.,No documented non-delivery signal in dataset.,no,https://www.catalystexplorer.com/en/proposals/asteria-by-txpipe-a-bot-challenge-to-showcase-the-capabilities-of-the-utxo-model-f11
69f8c6dec9c351b28aa8d7b8,TxPipe,Project Catalyst,TxPipe (proposal text mention),0.82,medium,f11-asteria-by-txpipe-a-bot-challenge-to-showcase-the-capabilities-of-the-utxo-model-f11,Asteria by TxPipe: A bot challenge to showcase the capabilities of the UTxO model,complete,approved,191572.0,"191,572.00 ADA",Marked complete in source data; no closeout artifact captured in interim dataset.,No documented non-delivery signal in dataset.,no,https://www.catalystexplorer.com/en/proposals/asteria-by-txpipe-a-bot-challenge-to-showcase-the-capabilities-of-the-utxo-model-f11
69fc5a8785ddd26899aaf208,TxPipe,Project Catalyst,TxPipe (proposal text mention),0.82,medium,f11-cardano-node-api-a-cardano-node-companion-written-in-go-f11,Cardano Node API: a Cardano Node companion written in Go,complete,approved,185000.0,"185,000.00 ADA",Marked complete in source data; no closeout artifact captured in interim dataset.,No documented non-delivery signal in dataset.,no,https://www.catalystexplorer.com/en/proposals/cardano-node-api-a-cardano-node-companion-written-in-go-f11
69fd1b97e1ab5d003a0cab6f,TxPipe,Project Catalyst,TxPipe (proposal text mention),0.82,medium,f11-cardano-node-api-a-cardano-node-companion-written-in-go-f11,Cardano Node API: a Cardano Node companion written in Go,complete,approved,185000.0,"185,000.00 ADA",Marked complete in source data; no closeout artifact captured in interim dataset.,No documented non-delivery signal in dataset.,no,https://www.catalystexplorer.com/en/proposals/cardano-node-api-a-cardano-node-companion-written-in-go-f11
69f9dabb92f043aa2df1a282,TxPipe,Project Catalyst,TxPipe (proposal text mention),0.82,medium,f11-cardano-node-api-a-cardano-node-companion-written-in-go-f11,Cardano Node API: a Cardano Node companion written in Go,complete,approved,185000.0,"185,000.00 ADA",Marked complete in source data; no closeout artifact captured in interim dataset.,No documented non-delivery signal in dataset.,no,https://www.catalystexplorer.com/en/proposals/cardano-node-api-a-cardano-node-companion-written-in-go-f11
69f9d3db0a4abf2b3c1da737,TxPipe,Project Catalyst,TxPipe (proposal text mention),0.82,medium,f11-cardano-node-api-a-cardano-node-companion-written-in-go-f11,Cardano Node API: a Cardano Node companion written in Go,complete,approved,185000.0,"185,000.00 ADA",Marked complete in source data; no closeout artifact captured in interim dataset.,No documented non-delivery signal in dataset.,no,https://www.catalystexplorer.com/en/proposals/cardano-node-api-a-cardano-node-companion-written-in-go-f11
69f9ca0e4b815ecdc8d91a17,TxPipe,Project Catalyst,TxPipe (proposal text mention),0.82,medium,f11-cardano-node-api-a-cardano-node-companion-written-in-go-f11,Cardano Node API: a Cardano Node companion written in Go,complete,approved,185000.0,"185,000.00 ADA",Marked complete in source data; no closeout artifact captured in interim dataset.,No documented non-delivery signal in dataset.,no,https://www.catalystexplorer.com/en/proposals/cardano-node-api-a-cardano-node-companion-written-in-go-f11
69f8c6dec9c351b28aa8d7b8,TxPipe,Project Catalyst,TxPipe (proposal text mention),0.82,medium,f11-cardano-node-api-a-cardano-node-companion-written-in-go-f11,Cardano Node API: a Cardano Node companion written in Go,complete,approved,185000.0,"185,000.00 ADA",Marked complete in source data; no closeout artifact captured in interim dataset.,No documented non-delivery signal in dataset.,no,https://www.catalystexplorer.com/en/proposals/cardano-node-api-a-cardano-node-companion-written-in-go-f11
69fc5a8785ddd26899aaf208,TxPipe,Project Catalyst,TxPipe (proposal text mention),0.82,medium,f11-githoney-by-txpipe-dev-bounty-system-using-marlowe-contracts-deep-integration-with-github-f11,"Githoney by TxPipe: Dev bounty system using Marlowe contracts, deep integration with Github",complete,approved,297136.0,"297,136.00 ADA",Marked complete in source data; no closeout artifact captured in interim dataset.,No documented non-delivery signal in dataset.,no,https://www.catalystexplorer.com/en/proposals/githoney-by-txpipe-dev-bounty-system-using-marlowe-contracts-deep-integration-with-github-f11
69fd1b97e1ab5d003a0cab6f,TxPipe,Project Catalyst,TxPipe (proposal text mention),0.82,medium,f11-githoney-by-txpipe-dev-bounty-system-using-marlowe-contracts-deep-integration-with-github-f11,"Githoney by TxPipe: Dev bounty system using Marlowe contracts, deep integration with Github",complete,approved,297136.0,"297,136.00 ADA",Marked complete in source data; no closeout artifact captured in interim dataset.,No documented non-delivery signal in dataset.,no,https://www.catalystexplorer.com/en/proposals/githoney-by-txpipe-dev-bounty-system-using-marlowe-contracts-deep-integration-with-github-f11
69f9dabb92f043aa2df1a282,TxPipe,Project Catalyst,TxPipe (proposal text mention),0.82,medium,f11-githoney-by-txpipe-dev-bounty-system-using-marlowe-contracts-deep-integration-with-github-f11,"Githoney by TxPipe: Dev bounty system using Marlowe contracts, deep integration with Github",complete,approved,297136.0,"297,136.00 ADA",Marked complete in source data; no closeout artifact captured in interim dataset.,No documented non-delivery signal in dataset.,no,https://www.catalystexplorer.com/en/proposals/githoney-by-txpipe-dev-bounty-system-using-marlowe-contracts-deep-integration-with-github-f11
69f9d3db0a4abf2b3c1da737,TxPipe,Project Catalyst,TxPipe (proposal text mention),0.82,medium,f11-githoney-by-txpipe-dev-bounty-system-using-marlowe-contracts-deep-integration-with-github-f11,"Githoney by TxPipe: Dev bounty system using Marlowe contracts, deep integration with Github",complete,approved,297136.0,"297,136.00 ADA",Marked complete in source data; no closeout artifact captured in interim dataset.,No documented non-delivery signal in dataset.,no,https://www.catalystexplorer.com/en/proposals/githoney-by-txpipe-dev-bounty-system-using-marlowe-contracts-deep-integration-with-github-f11
69f9ca0e4b815ecdc8d91a17,TxPipe,Project Catalyst,TxPipe (proposal text mention),0.82,medium,f11-githoney-by-txpipe-dev-bounty-system-using-marlowe-contracts-deep-integration-with-github-f11,"Githoney by TxPipe: Dev bounty system using Marlowe contracts, deep integration with Github",complete,approved,297136.0,"297,136.00 ADA",Marked complete in source data; no closeout artifact captured in interim dataset.,No documented non-delivery signal in dataset.,no,https://www.catalystexplorer.com/en/proposals/githoney-by-txpipe-dev-bounty-system-using-marlowe-contracts-deep-integration-with-github-f11
69f8c6dec9c351b28aa8d7b8,TxPipe,Project Catalyst,TxPipe (proposal text mention),0.82,medium,f11-githoney-by-txpipe-dev-bounty-system-using-marlowe-contracts-deep-integration-with-github-f11,"Githoney by TxPipe: Dev bounty system using Marlowe contracts, deep integration with Github",complete,approved,297136.0,"297,136.00 ADA",Marked complete in source data; no closeout artifact captured in interim dataset.,No documented non-delivery signal in dataset.,no,https://www.catalystexplorer.com/en/proposals/githoney-by-txpipe-dev-bounty-system-using-marlowe-contracts-deep-integration-with-github-f11
69fc5a8785ddd26899aaf208,TxPipe,Project Catalyst,TxPipe (proposal text mention),0.82,medium,f11-grpc-cardano-a-streaming-api-for-cardano-using-dolos-by-txpipe-f11,gRPC ❤️ Cardano: A streaming API for Cardano using Dolos by TxPipe,complete,approved,177082.0,"177,082.00 ADA",Marked complete in source data; no closeout artifact captured in interim dataset.,No documented non-delivery signal in dataset.,no,https://www.catalystexplorer.com/en/proposals/grpc-cardano-a-streaming-api-for-cardano-using-dolos-by-txpipe-f11
69fd1b97e1ab5d003a0cab6f,TxPipe,Project Catalyst,TxPipe (proposal text mention),0.82,medium,f11-grpc-cardano-a-streaming-api-for-cardano-using-dolos-by-txpipe-f11,gRPC ❤️ Cardano: A streaming API for Cardano using Dolos by TxPipe,complete,approved,177082.0,"177,082.00 ADA",Marked complete in source data; no closeout artifact captured in interim dataset.,No documented non-delivery signal in dataset.,no,https://www.catalystexplorer.com/en/proposals/grpc-cardano-a-streaming-api-for-cardano-using-dolos-by-txpipe-f11
69f9dabb92f043aa2df1a282,TxPipe,Project Catalyst,TxPipe (proposal text mention),0.82,medium,f11-grpc-cardano-a-streaming-api-for-cardano-using-dolos-by-txpipe-f11,gRPC ❤️ Cardano: A streaming API for Cardano using Dolos by TxPipe,complete,approved,177082.0,"177,082.00 ADA",Marked complete in source data; no closeout artifact captured in interim dataset.,No documented non-delivery signal in dataset.,no,https://www.catalystexplorer.com/en/proposals/grpc-cardano-a-streaming-api-for-cardano-using-dolos-by-txpipe-f11
69f9d3db0a4abf2b3c1da737,TxPipe,Project Catalyst,TxPipe (proposal text mention),0.82,medium,f11-grpc-cardano-a-streaming-api-for-cardano-using-dolos-by-txpipe-f11,gRPC ❤️ Cardano: A streaming API for Cardano using Dolos by TxPipe,complete,approved,177082.0,"177,082.00 ADA",Marked complete in source data; no closeout artifact captured in interim dataset.,No documented non-delivery signal in dataset.,no,https://www.catalystexplorer.com/en/proposals/grpc-cardano-a-streaming-api-for-cardano-using-dolos-by-txpipe-f11
69f9ca0e4b815ecdc8d91a17,TxPipe,Project Catalyst,TxPipe (proposal text mention),0.82,medium,f11-grpc-cardano-a-streaming-api-for-cardano-using-dolos-by-txpipe-f11,gRPC ❤️ Cardano: A streaming API for Cardano using Dolos by TxPipe,complete,approved,177082.0,"177,082.00 ADA",Marked complete in source data; no closeout artifact captured in interim dataset.,No documented non-delivery signal in dataset.,no,https://www.catalystexplorer.com/en/proposals/grpc-cardano-a-streaming-api-for-cardano-using-dolos-by-txpipe-f11
69f8c6dec9c351b28aa8d7b8,TxPipe,Project Catalyst,TxPipe (proposal text mention),0.82,medium,f11-grpc-cardano-a-streaming-api-for-cardano-using-dolos-by-txpipe-f11,gRPC ❤️ Cardano: A streaming API for Cardano using Dolos by TxPipe,complete,approved,177082.0,"177,082.00 ADA",Marked complete in source data; no closeout artifact captured in interim dataset.,No documented non-delivery signal in dataset.,no,https://www.catalystexplorer.com/en/proposals/grpc-cardano-a-streaming-api-for-cardano-using-dolos-by-txpipe-f11
69fc5a8785ddd26899aaf208,TxPipe,Project Catalyst,TxPipe (proposal text mention),0.82,medium,f11-hollow-by-txpipe-headless-dapp-framework-a-friendly-sdk-for-off-chain-development-f11,"Hollow by TxPipe: Headless dApp Framework, a friendly SDK for off-chain development",complete,approved,194444.0,"194,444.00 ADA",Marked complete in source data; no closeout artifact captured in interim dataset.,No documented non-delivery signal in dataset.,no,https://www.catalystexplorer.com/en/proposals/hollow-by-txpipe-headless-dapp-framework-a-friendly-sdk-for-off-chain-development-f11
69fd1b97e1ab5d003a0cab6f,TxPipe,Project Catalyst,TxPipe (proposal text mention),0.82,medium,f11-hollow-by-txpipe-headless-dapp-framework-a-friendly-sdk-for-off-chain-development-f11,"Hollow by TxPipe: Headless dApp Framework, a friendly SDK for off-chain development",complete,approved,194444.0,"194,444.00 ADA",Marked complete in source data; no closeout artifact captured in interim dataset.,No documented non-delivery signal in dataset.,no,https://www.catalystexplorer.com/en/proposals/hollow-by-txpipe-headless-dapp-framework-a-friendly-sdk-for-off-chain-development-f11
69f9dabb92f043aa2df1a282,TxPipe,Project Catalyst,TxPipe (proposal text mention),0.82,medium,f11-hollow-by-txpipe-headless-dapp-framework-a-friendly-sdk-for-off-chain-development-f11,"Hollow by TxPipe: Headless dApp Framework, a friendly SDK for off-chain development",complete,approved,194444.0,"194,444.00 ADA",Marked complete in source data; no closeout artifact captured in interim dataset.,No documented non-delivery signal in dataset.,no,https://www.catalystexplorer.com/en/proposals/hollow-by-txpipe-headless-dapp-framework-a-friendly-sdk-for-off-chain-development-f11
69f9d3db0a4abf2b3c1da737,TxPipe,Project Catalyst,TxPipe (proposal text mention),0.82,medium,f11-hollow-by-txpipe-headless-dapp-framework-a-friendly-sdk-for-off-chain-development-f11,"Hollow by TxPipe: Headless dApp Framework, a friendly SDK for off-chain development",complete,approved,194444.0,"194,444.00 ADA",Marked complete in source data; no closeout artifact captured in interim dataset.,No documented non-delivery signal in dataset.,no,https://www.catalystexplorer.com/en/proposals/hollow-by-txpipe-headless-dapp-framework-a-friendly-sdk-for-off-chain-development-f11
69f9ca0e4b815ecdc8d91a17,TxPipe,Project Catalyst,TxPipe (proposal text mention),0.82,medium,f11-hollow-by-txpipe-headless-dapp-framework-a-friendly-sdk-for-off-chain-development-f11,"Hollow by TxPipe: Headless dApp Framework, a friendly SDK for off-chain development",complete,approved,194444.0,"194,444.00 ADA",Marked complete in source data; no closeout artifact captured in interim dataset.,No documented non-delivery signal in dataset.,no,https://www.catalystexplorer.com/en/proposals/hollow-by-txpipe-headless-dapp-framework-a-friendly-sdk-for-off-chain-development-f11
69f8c6dec9c351b28aa8d7b8,TxPipe,Project Catalyst,TxPipe (proposal text mention),0.82,medium,f11-hollow-by-txpipe-headless-dapp-framework-a-friendly-sdk-for-off-chain-development-f11,"Hollow by TxPipe: Headless dApp Framework, a friendly SDK for off-chain development",complete,approved,194444.0,"194,444.00 ADA",Marked complete in source data; no closeout artifact captured in interim dataset.,No documented non-delivery signal in dataset.,no,https://www.catalystexplorer.com/en/proposals/hollow-by-txpipe-headless-dapp-framework-a-friendly-sdk-for-off-chain-development-f11
69fc5a8785ddd26899aaf208,TxPipe,Project Catalyst,TxPipe (proposal text mention),0.82,medium,f11-mumak-by-txpipe-a-postgresql-custom-extension-to-process-raw-cardano-cbor-f11,Mumak by TxPipe: A PostgreSQL custom extension to process raw Cardano CBOR,complete,approved,170714.0,"170,714.00 ADA",Marked complete in source data; no closeout artifact captured in interim dataset.,No documented non-delivery signal in dataset.,no,https://www.catalystexplorer.com/en/proposals/mumak-by-txpipe-a-postgresql-custom-extension-to-process-raw-cardano-cbor-f11
69fd1b97e1ab5d003a0cab6f,TxPipe,Project Catalyst,TxPipe (proposal text mention),0.82,medium,f11-mumak-by-txpipe-a-postgresql-custom-extension-to-process-raw-cardano-cbor-f11,Mumak by TxPipe: A PostgreSQL custom extension to process raw Cardano CBOR,complete,approved,170714.0,"170,714.00 ADA",Marked complete in source data; no closeout artifact captured in interim dataset.,No documented non-delivery signal in dataset.,no,https://www.catalystexplorer.com/en/proposals/mumak-by-txpipe-a-postgresql-custom-extension-to-process-raw-cardano-cbor-f11
69f9dabb92f043aa2df1a282,TxPipe,Project Catalyst,TxPipe (proposal text mention),0.82,medium,f11-mumak-by-txpipe-a-postgresql-custom-extension-to-process-raw-cardano-cbor-f11,Mumak by TxPipe: A PostgreSQL custom extension to process raw Cardano CBOR,complete,approved,170714.0,"170,714.00 ADA",Marked complete in source data; no closeout artifact captured in interim dataset.,No documented non-delivery signal in dataset.,no,https://www.catalystexplorer.com/en/proposals/mumak-by-txpipe-a-postgresql-custom-extension-to-process-raw-cardano-cbor-f11
69f9d3db0a4abf2b3c1da737,TxPipe,Project Catalyst,TxPipe (proposal text mention),0.82,medium,f11-mumak-by-txpipe-a-postgresql-custom-extension-to-process-raw-cardano-cbor-f11,Mumak by TxPipe: A PostgreSQL custom extension to process raw Cardano CBOR,complete,approved,170714.0,"170,714.00 ADA",Marked complete in source data; no closeout artifact captured in interim dataset.,No documented non-delivery signal in dataset.,no,https://www.catalystexplorer.com/en/proposals/mumak-by-txpipe-a-postgresql-custom-extension-to-process-raw-cardano-cbor-f11
69f9ca0e4b815ecdc8d91a17,TxPipe,Project Catalyst,TxPipe (proposal text mention),0.82,medium,f11-mumak-by-txpipe-a-postgresql-custom-extension-to-process-raw-cardano-cbor-f11,Mumak by TxPipe: A PostgreSQL custom extension to process raw Cardano CBOR,complete,approved,170714.0,"170,714.00 ADA",Marked complete in source data; no closeout artifact captured in interim dataset.,No documented non-delivery signal in dataset.,no,https://www.catalystexplorer.com/en/proposals/mumak-by-txpipe-a-postgresql-custom-extension-to-process-raw-cardano-cbor-f11
69f8c6dec9c351b28aa8d7b8,TxPipe,Project Catalyst,TxPipe (proposal text mention),0.82,medium,f11-mumak-by-txpipe-a-postgresql-custom-extension-to-process-raw-cardano-cbor-f11,Mumak by TxPipe: A PostgreSQL custom extension to process raw Cardano CBOR,complete,approved,170714.0,"170,714.00 ADA",Marked complete in source data; no closeout artifact captured in interim dataset.,No documented non-delivery signal in dataset.,no,https://www.catalystexplorer.com/en/proposals/mumak-by-txpipe-a-postgresql-custom-extension-to-process-raw-cardano-cbor-f11
69fc5a8785ddd26899aaf208,TxPipe,Project Catalyst,TxPipe (proposal text mention),0.82,medium,f12-amaru-p2p-networking-component-by-txpipe-f12,Amaru: P2P networking component by TxPipe,in_progress,approved,103686.8,"103,686.80 ADA",No final output captured in interim dataset.,No documented non-delivery signal in dataset.,yes,https://www.catalystexplorer.com/en/proposals/amaru-p2p-networking-component-by-txpipe-f12
69fd1b97e1ab5d003a0cab6f,TxPipe,Project Catalyst,TxPipe (proposal text mention),0.82,medium,f12-amaru-p2p-networking-component-by-txpipe-f12,Amaru: P2P networking component by TxPipe,in_progress,approved,103686.8,"103,686.80 ADA",No final output captured in interim dataset.,No documented non-delivery signal in dataset.,yes,https://www.catalystexplorer.com/en/proposals/amaru-p2p-networking-component-by-txpipe-f12
69f9dabb92f043aa2df1a282,TxPipe,Project Catalyst,TxPipe (proposal text mention),0.82,medium,f12-amaru-p2p-networking-component-by-txpipe-f12,Amaru: P2P networking component by TxPipe,in_progress,approved,103686.8,"103,686.80 ADA",No final output captured in interim dataset.,No documented non-delivery signal in dataset.,yes,https://www.catalystexplorer.com/en/proposals/amaru-p2p-networking-component-by-txpipe-f12
69f9d3db0a4abf2b3c1da737,TxPipe,Project Catalyst,TxPipe (proposal text mention),0.82,medium,f12-amaru-p2p-networking-component-by-txpipe-f12,Amaru: P2P networking component by TxPipe,in_progress,approved,103686.8,"103,686.80 ADA",No final output captured in interim dataset.,No documented non-delivery signal in dataset.,yes,https://www.catalystexplorer.com/en/proposals/amaru-p2p-networking-component-by-txpipe-f12
69f9ca0e4b815ecdc8d91a17,TxPipe,Project Catalyst,TxPipe (proposal text mention),0.82,medium,f12-amaru-p2p-networking-component-by-txpipe-f12,Amaru: P2P networking component by TxPipe,in_progress,approved,103686.8,"103,686.80 ADA",No final output captured in interim dataset.,No documented non-delivery signal in dataset.,yes,https://www.catalystexplorer.com/en/proposals/amaru-p2p-networking-component-by-txpipe-f12
69f8c6dec9c351b28aa8d7b8,TxPipe,Project Catalyst,TxPipe (proposal text mention),0.82,medium,f12-amaru-p2p-networking-component-by-txpipe-f12,Amaru: P2P networking component by TxPipe,in_progress,approved,103686.8,"103,686.80 ADA",No final output captured in interim dataset.,No documented non-delivery signal in dataset.,yes,https://www.catalystexplorer.com/en/proposals/amaru-p2p-networking-component-by-txpipe-f12
69fc5a8785ddd26899aaf208,TxPipe,Project Catalyst,TxPipe (proposal text mention),0.82,medium,f12-boros-tx-submission-for-intense-workloads-by-txpipe-f12,Boros: Tx submission for intense workloads by TxPipe,complete,approved,198750.0,"198,750.00 ADA",Marked complete in source data; no closeout artifact captured in interim dataset.,No documented non-delivery signal in dataset.,no,https://www.catalystexplorer.com/en/proposals/boros-tx-submission-for-intense-workloads-by-txpipe-f12
69fd1b97e1ab5d003a0cab6f,TxPipe,Project Catalyst,TxPipe (proposal text mention),0.82,medium,f12-boros-tx-submission-for-intense-workloads-by-txpipe-f12,Boros: Tx submission for intense workloads by TxPipe,complete,approved,198750.0,"198,750.00 ADA",Marked complete in source data; no closeout artifact captured in interim dataset.,No documented non-delivery signal in dataset.,no,https://www.catalystexplorer.com/en/proposals/boros-tx-submission-for-intense-workloads-by-txpipe-f12
69f9dabb92f043aa2df1a282,TxPipe,Project Catalyst,TxPipe (proposal text mention),0.82,medium,f12-boros-tx-submission-for-intense-workloads-by-txpipe-f12,Boros: Tx submission for intense workloads by TxPipe,complete,approved,198750.0,"198,750.00 ADA",Marked complete in source data; no closeout artifact captured in interim dataset.,No documented non-delivery signal in dataset.,no,https://www.catalystexplorer.com/en/proposals/boros-tx-submission-for-intense-workloads-by-txpipe-f12
69f9d3db0a4abf2b3c1da737,TxPipe,Project Catalyst,TxPipe (proposal text mention),0.82,medium,f12-boros-tx-submission-for-intense-workloads-by-txpipe-f12,Boros: Tx submission for intense workloads by TxPipe,complete,approved,198750.0,"198,750.00 ADA",Marked complete in source data; no closeout artifact captured in interim dataset.,No documented non-delivery signal in dataset.,no,https://www.catalystexplorer.com/en/proposals/boros-tx-submission-for-intense-workloads-by-txpipe-f12
69f9ca0e4b815ecdc8d91a17,TxPipe,Project Catalyst,TxPipe (proposal text mention),0.82,medium,f12-boros-tx-submission-for-intense-workloads-by-txpipe-f12,Boros: Tx submission for intense workloads by TxPipe,complete,approved,198750.0,"198,750.00 ADA",Marked complete in source data; no closeout artifact captured in interim dataset.,No documented non-delivery signal in dataset.,no,https://www.catalystexplorer.com/en/proposals/boros-tx-submission-for-intense-workloads-by-txpipe-f12
69f8c6dec9c351b28aa8d7b8,TxPipe,Project Catalyst,TxPipe (proposal text mention),0.82,medium,f12-boros-tx-submission-for-intense-workloads-by-txpipe-f12,Boros: Tx submission for intense workloads by TxPipe,complete,approved,198750.0,"198,750.00 ADA",Marked complete in source data; no closeout artifact captured in interim dataset.,No documented non-delivery signal in dataset.,no,https://www.catalystexplorer.com/en/proposals/boros-tx-submission-for-intense-workloads-by-txpipe-f12
69fc5a8785ddd26899aaf208,TxPipe,Project Catalyst,TxPipe (proposal text mention),0.82,medium,f12-charli3-partner-chain-oracle-use-case-implementation-f12,CHARLI3: Partner-chain Oracle use-case implementation,complete,approved,300000.0,"300,000.00 ADA",Marked complete in source data; no closeout artifact captured in interim dataset.,No documented non-delivery signal in dataset.,no,https://www.catalystexplorer.com/en/proposals/charli3-partner-chain-oracle-use-case-implementation-f12
69fd1b97e1ab5d003a0cab6f,TxPipe,Project Catalyst,TxPipe (proposal text mention),0.82,medium,f12-charli3-partner-chain-oracle-use-case-implementation-f12,CHARLI3: Partner-chain Oracle use-case implementation,complete,approved,300000.0,"300,000.00 ADA",Marked complete in source data; no closeout artifact captured in interim dataset.,No documented non-delivery signal in dataset.,no,https://www.catalystexplorer.com/en/proposals/charli3-partner-chain-oracle-use-case-implementation-f12
69f9dabb92f043aa2df1a282,TxPipe,Project Catalyst,TxPipe (proposal text mention),0.82,medium,f12-charli3-partner-chain-oracle-use-case-implementation-f12,CHARLI3: Partner-chain Oracle use-case implementation,complete,approved,300000.0,"300,000.00 ADA",Marked complete in source data; no closeout artifact captured in interim dataset.,No documented non-delivery signal in dataset.,no,https://www.catalystexplorer.com/en/proposals/charli3-partner-chain-oracle-use-case-implementation-f12
69f9d3db0a4abf2b3c1da737,TxPipe,Project Catalyst,TxPipe (proposal text mention),0.82,medium,f12-charli3-partner-chain-oracle-use-case-implementation-f12,CHARLI3: Partner-chain Oracle use-case implementation,complete,approved,300000.0,"300,000.00 ADA",Marked complete in source data; no closeout artifact captured in interim dataset.,No documented non-delivery signal in dataset.,no,https://www.catalystexplorer.com/en/proposals/charli3-partner-chain-oracle-use-case-implementation-f12
69f9ca0e4b815ecdc8d91a17,TxPipe,Project Catalyst,TxPipe (proposal text mention),0.82,medium,f12-charli3-partner-chain-oracle-use-case-implementation-f12,CHARLI3: Partner-chain Oracle use-case implementation,complete,approved,300000.0,"300,000.00 ADA",Marked complete in source data; no closeout artifact captured in interim dataset.,No documented non-delivery signal in dataset.,no,https://www.catalystexplorer.com/en/proposals/charli3-partner-chain-oracle-use-case-implementation-f12
69f8c6dec9c351b28aa8d7b8,TxPipe,Project Catalyst,TxPipe (proposal text mention),0.82,medium,f12-charli3-partner-chain-oracle-use-case-implementation-f12,CHARLI3: Partner-chain Oracle use-case implementation,complete,approved,300000.0,"300,000.00 ADA",Marked complete in source data; no closeout artifact captured in interim dataset.,No documented non-delivery signal in dataset.,no,https://www.catalystexplorer.com/en/proposals/charli3-partner-chain-oracle-use-case-implementation-f12
69fc5a8785ddd26899aaf208,TxPipe,Project Catalyst,TxPipe (proposal text mention),0.82,medium,f12-griffin-a-substrate-node-that-supports-plutus-by-txpipe-f12,Griffin: A Substrate node that supports Plutus by TxPipe,complete,approved,198750.0,"198,750.00 ADA",Marked complete in source data; no closeout artifact captured in interim dataset.,No documented non-delivery signal in dataset.,no,https://www.catalystexplorer.com/en/proposals/griffin-a-substrate-node-that-supports-plutus-by-txpipe-f12
69fd1b97e1ab5d003a0cab6f,TxPipe,Project Catalyst,TxPipe (proposal text mention),0.82,medium,f12-griffin-a-substrate-node-that-supports-plutus-by-txpipe-f12,Griffin: A Substrate node that supports Plutus by TxPipe,complete,approved,198750.0,"198,750.00 ADA",Marked complete in source data; no closeout artifact captured in interim dataset.,No documented non-delivery signal in dataset.,no,https://www.catalystexplorer.com/en/proposals/griffin-a-substrate-node-that-supports-plutus-by-txpipe-f12
69f9dabb92f043aa2df1a282,TxPipe,Project Catalyst,TxPipe (proposal text mention),0.82,medium,f12-griffin-a-substrate-node-that-supports-plutus-by-txpipe-f12,Griffin: A Substrate node that supports Plutus by TxPipe,complete,approved,198750.0,"198,750.00 ADA",Marked complete in source data; no closeout artifact captured in interim dataset.,No documented non-delivery signal in dataset.,no,https://www.catalystexplorer.com/en/proposals/griffin-a-substrate-node-that-supports-plutus-by-txpipe-f12
69f9d3db0a4abf2b3c1da737,TxPipe,Project Catalyst,TxPipe (proposal text mention),0.82,medium,f12-griffin-a-substrate-node-that-supports-plutus-by-txpipe-f12,Griffin: A Substrate node that supports Plutus by TxPipe,complete,approved,198750.0,"198,750.00 ADA",Marked complete in source data; no closeout artifact captured in interim dataset.,No documented non-delivery signal in dataset.,no,https://www.catalystexplorer.com/en/proposals/griffin-a-substrate-node-that-supports-plutus-by-txpipe-f12
69f9ca0e4b815ecdc8d91a17,TxPipe,Project Catalyst,TxPipe (proposal text mention),0.82,medium,f12-griffin-a-substrate-node-that-supports-plutus-by-txpipe-f12,Griffin: A Substrate node that supports Plutus by TxPipe,complete,approved,198750.0,"198,750.00 ADA",Marked complete in source data; no closeout artifact captured in interim dataset.,No documented non-delivery signal in dataset.,no,https://www.catalystexplorer.com/en/proposals/griffin-a-substrate-node-that-supports-plutus-by-txpipe-f12
69f8c6dec9c351b28aa8d7b8,TxPipe,Project Catalyst,TxPipe (proposal text mention),0.82,medium,f12-griffin-a-substrate-node-that-supports-plutus-by-txpipe-f12,Griffin: A Substrate node that supports Plutus by TxPipe,complete,approved,198750.0,"198,750.00 ADA",Marked complete in source data; no closeout artifact captured in interim dataset.,No documented non-delivery signal in dataset.,no,https://www.catalystexplorer.com/en/proposals/griffin-a-substrate-node-that-supports-plutus-by-txpipe-f12
69fc5a8785ddd26899aaf208,TxPipe,Project Catalyst,TxPipe (proposal text mention),0.82,medium,f12-lace-anatomy-tx-viewer-and-builder-by-txpipe-f12,Lace Anatomy: Tx Viewer and Builder by TxPipe,complete,approved,199375.0,"199,375.00 ADA",Marked complete in source data; no closeout artifact captured in interim dataset.,No documented non-delivery signal in dataset.,no,https://www.catalystexplorer.com/en/proposals/lace-anatomy-tx-viewer-and-builder-by-txpipe-f12
69fd1b97e1ab5d003a0cab6f,TxPipe,Project Catalyst,TxPipe (proposal text mention),0.82,medium,f12-lace-anatomy-tx-viewer-and-builder-by-txpipe-f12,Lace Anatomy: Tx Viewer and Builder by TxPipe,complete,approved,199375.0,"199,375.00 ADA",Marked complete in source data; no closeout artifact captured in interim dataset.,No documented non-delivery signal in dataset.,no,https://www.catalystexplorer.com/en/proposals/lace-anatomy-tx-viewer-and-builder-by-txpipe-f12
69f9dabb92f043aa2df1a282,TxPipe,Project Catalyst,TxPipe (proposal text mention),0.82,medium,f12-lace-anatomy-tx-viewer-and-builder-by-txpipe-f12,Lace Anatomy: Tx Viewer and Builder by TxPipe,complete,approved,199375.0,"199,375.00 ADA",Marked complete in source data; no closeout artifact captured in interim dataset.,No documented non-delivery signal in dataset.,no,https://www.catalystexplorer.com/en/proposals/lace-anatomy-tx-viewer-and-builder-by-txpipe-f12
69f9d3db0a4abf2b3c1da737,TxPipe,Project Catalyst,TxPipe (proposal text mention),0.82,medium,f12-lace-anatomy-tx-viewer-and-builder-by-txpipe-f12,Lace Anatomy: Tx Viewer and Builder by TxPipe,complete,approved,199375.0,"199,375.00 ADA",Marked complete in source data; no closeout artifact captured in interim dataset.,No documented non-delivery signal in dataset.,no,https://www.catalystexplorer.com/en/proposals/lace-anatomy-tx-viewer-and-builder-by-txpipe-f12
69f9ca0e4b815ecdc8d91a17,TxPipe,Project Catalyst,TxPipe (proposal text mention),0.82,medium,f12-lace-anatomy-tx-viewer-and-builder-by-txpipe-f12,Lace Anatomy: Tx Viewer and Builder by TxPipe,complete,approved,199375.0,"199,375.00 ADA",Marked complete in source data; no closeout artifact captured in interim dataset.,No documented non-delivery signal in dataset.,no,https://www.catalystexplorer.com/en/proposals/lace-anatomy-tx-viewer-and-builder-by-txpipe-f12
69f8c6dec9c351b28aa8d7b8,TxPipe,Project Catalyst,TxPipe (proposal text mention),0.82,medium,f12-lace-anatomy-tx-viewer-and-builder-by-txpipe-f12,Lace Anatomy: Tx Viewer and Builder by TxPipe,complete,approved,199375.0,"199,375.00 ADA",Marked complete in source data; no closeout artifact captured in interim dataset.,No documented non-delivery signal in dataset.,no,https://www.catalystexplorer.com/en/proposals/lace-anatomy-tx-viewer-and-builder-by-txpipe-f12
69fc5a8785ddd26899aaf208,TxPipe,Project Catalyst,TxPipe (proposal text mention),0.82,medium,f12-telchar-plutus-blacksmith-by-txpipe-f12,Telchar: Plutus blacksmith by TxPipe,complete,approved,196250.0,"196,250.00 ADA",Marked complete in source data; no closeout artifact captured in interim dataset.,No documented non-delivery signal in dataset.,no,https://www.catalystexplorer.com/en/proposals/telchar-plutus-blacksmith-by-txpipe-f12
69fd1b97e1ab5d003a0cab6f,TxPipe,Project Catalyst,TxPipe (proposal text mention),0.82,medium,f12-telchar-plutus-blacksmith-by-txpipe-f12,Telchar: Plutus blacksmith by TxPipe,complete,approved,196250.0,"196,250.00 ADA",Marked complete in source data; no closeout artifact captured in interim dataset.,No documented non-delivery signal in dataset.,no,https://www.catalystexplorer.com/en/proposals/telchar-plutus-blacksmith-by-txpipe-f12
69f9dabb92f043aa2df1a282,TxPipe,Project Catalyst,TxPipe (proposal text mention),0.82,medium,f12-telchar-plutus-blacksmith-by-txpipe-f12,Telchar: Plutus blacksmith by TxPipe,complete,approved,196250.0,"196,250.00 ADA",Marked complete in source data; no closeout artifact captured in interim dataset.,No documented non-delivery signal in dataset.,no,https://www.catalystexplorer.com/en/proposals/telchar-plutus-blacksmith-by-txpipe-f12
69f9d3db0a4abf2b3c1da737,TxPipe,Project Catalyst,TxPipe (proposal text mention),0.82,medium,f12-telchar-plutus-blacksmith-by-txpipe-f12,Telchar: Plutus blacksmith by TxPipe,complete,approved,196250.0,"196,250.00 ADA",Marked complete in source data; no closeout artifact captured in interim dataset.,No documented non-delivery signal in dataset.,no,https://www.catalystexplorer.com/en/proposals/telchar-plutus-blacksmith-by-txpipe-f12
69f9ca0e4b815ecdc8d91a17,TxPipe,Project Catalyst,TxPipe (proposal text mention),0.82,medium,f12-telchar-plutus-blacksmith-by-txpipe-f12,Telchar: Plutus blacksmith by TxPipe,complete,approved,196250.0,"196,250.00 ADA",Marked complete in source data; no closeout artifact captured in interim dataset.,No documented non-delivery signal in dataset.,no,https://www.catalystexplorer.com/en/proposals/telchar-plutus-blacksmith-by-txpipe-f12
69f8c6dec9c351b28aa8d7b8,TxPipe,Project Catalyst,TxPipe (proposal text mention),0.82,medium,f12-telchar-plutus-blacksmith-by-txpipe-f12,Telchar: Plutus blacksmith by TxPipe,complete,approved,196250.0,"196,250.00 ADA",Marked complete in source data; no closeout artifact captured in interim dataset.,No documented non-delivery signal in dataset.,no,https://www.catalystexplorer.com/en/proposals/telchar-plutus-blacksmith-by-txpipe-f12
69fc5a8785ddd26899aaf208,TxPipe,Project Catalyst,TxPipe (proposal text mention),0.82,medium,f13-cardano-partnerchain-reference-implementation-by-txpipe-f13,Cardano Partnerchain Reference Implementation by TxPipe,in_progress,approved,167572.0,"167,572.00 ADA",No final output captured in interim dataset.,No documented non-delivery signal in dataset.,yes,https://www.catalystexplorer.com/en/proposals/cardano-partnerchain-reference-implementation-by-txpipe-f13
69fd1b97e1ab5d003a0cab6f,TxPipe,Project Catalyst,TxPipe (proposal text mention),0.82,medium,f13-cardano-partnerchain-reference-implementation-by-txpipe-f13,Cardano Partnerchain Reference Implementation by TxPipe,in_progress,approved,167572.0,"167,572.00 ADA",No final output captured in interim dataset.,No documented non-delivery signal in dataset.,yes,https://www.catalystexplorer.com/en/proposals/cardano-partnerchain-reference-implementation-by-txpipe-f13
69f9dabb92f043aa2df1a282,TxPipe,Project Catalyst,TxPipe (proposal text mention),0.82,medium,f13-cardano-partnerchain-reference-implementation-by-txpipe-f13,Cardano Partnerchain Reference Implementation by TxPipe,in_progress,approved,167572.0,"167,572.00 ADA",No final output captured in interim dataset.,No documented non-delivery signal in dataset.,yes,https://www.catalystexplorer.com/en/proposals/cardano-partnerchain-reference-implementation-by-txpipe-f13
69f9d3db0a4abf2b3c1da737,TxPipe,Project Catalyst,TxPipe (proposal text mention),0.82,medium,f13-cardano-partnerchain-reference-implementation-by-txpipe-f13,Cardano Partnerchain Reference Implementation by TxPipe,in_progress,approved,167572.0,"167,572.00 ADA",No final output captured in interim dataset.,No documented non-delivery signal in dataset.,yes,https://www.catalystexplorer.com/en/proposals/cardano-partnerchain-reference-implementation-by-txpipe-f13
69f9ca0e4b815ecdc8d91a17,TxPipe,Project Catalyst,TxPipe (proposal text mention),0.82,medium,f13-cardano-partnerchain-reference-implementation-by-txpipe-f13,Cardano Partnerchain Reference Implementation by TxPipe,in_progress,approved,167572.0,"167,572.00 ADA",No final output captured in interim dataset.,No documented non-delivery signal in dataset.,yes,https://www.catalystexplorer.com/en/proposals/cardano-partnerchain-reference-implementation-by-txpipe-f13
69f8c6dec9c351b28aa8d7b8,TxPipe,Project Catalyst,TxPipe (proposal text mention),0.82,medium,f13-cardano-partnerchain-reference-implementation-by-txpipe-f13,Cardano Partnerchain Reference Implementation by TxPipe,in_progress,approved,167572.0,"167,572.00 ADA",No final output captured in interim dataset.,No documented non-delivery signal in dataset.,yes,https://www.catalystexplorer.com/en/proposals/cardano-partnerchain-reference-implementation-by-txpipe-f13
69fc5a8785ddd26899aaf208,TxPipe,Project Catalyst,TxPipe (proposal text mention),0.82,medium,f13-cardano-partnerchain-supernode-by-txpipe-f13,Cardano Partnerchain SuperNode by TxPipe,in_progress,approved,165590.0,"165,590.00 ADA",No final output captured in interim dataset.,No documented non-delivery signal in dataset.,yes,https://www.catalystexplorer.com/en/proposals/cardano-partnerchain-supernode-by-txpipe-f13
69fd1b97e1ab5d003a0cab6f,TxPipe,Project Catalyst,TxPipe (proposal text mention),0.82,medium,f13-cardano-partnerchain-supernode-by-txpipe-f13,Cardano Partnerchain SuperNode by TxPipe,in_progress,approved,165590.0,"165,590.00 ADA",No final output captured in interim dataset.,No documented non-delivery signal in dataset.,yes,https://www.catalystexplorer.com/en/proposals/cardano-partnerchain-supernode-by-txpipe-f13
69f9dabb92f043aa2df1a282,TxPipe,Project Catalyst,TxPipe (proposal text mention),0.82,medium,f13-cardano-partnerchain-supernode-by-txpipe-f13,Cardano Partnerchain SuperNode by TxPipe,in_progress,approved,165590.0,"165,590.00 ADA",No final output captured in interim dataset.,No documented non-delivery signal in dataset.,yes,https://www.catalystexplorer.com/en/proposals/cardano-partnerchain-supernode-by-txpipe-f13
69f9d3db0a4abf2b3c1da737,TxPipe,Project Catalyst,TxPipe (proposal text mention),0.82,medium,f13-cardano-partnerchain-supernode-by-txpipe-f13,Cardano Partnerchain SuperNode by TxPipe,in_progress,approved,165590.0,"165,590.00 ADA",No final output captured in interim dataset.,No documented non-delivery signal in dataset.,yes,https://www.catalystexplorer.com/en/proposals/cardano-partnerchain-supernode-by-txpipe-f13
69f9ca0e4b815ecdc8d91a17,TxPipe,Project Catalyst,TxPipe (proposal text mention),0.82,medium,f13-cardano-partnerchain-supernode-by-txpipe-f13,Cardano Partnerchain SuperNode by TxPipe,in_progress,approved,165590.0,"165,590.00 ADA",No final output captured in interim dataset.,No documented non-delivery signal in dataset.,yes,https://www.catalystexplorer.com/en/proposals/cardano-partnerchain-supernode-by-txpipe-f13
69f8c6dec9c351b28aa8d7b8,TxPipe,Project Catalyst,TxPipe (proposal text mention),0.82,medium,f13-cardano-partnerchain-supernode-by-txpipe-f13,Cardano Partnerchain SuperNode by TxPipe,in_progress,approved,165590.0,"165,590.00 ADA",No final output captured in interim dataset.,No documented non-delivery signal in dataset.,yes,https://www.catalystexplorer.com/en/proposals/cardano-partnerchain-supernode-by-txpipe-f13
69fc5a8785ddd26899aaf208,TxPipe,Project Catalyst,TxPipe (proposal text mention),0.82,medium,f13-cshell-by-txpipe-a-cardano-wallet-in-your-terminal-f13,CShell by TxPipe: A Cardano wallet in your terminal,in_progress,approved,164285.0,"164,285.00 ADA",No final output captured in interim dataset.,No documented non-delivery signal in dataset.,yes,https://www.catalystexplorer.com/en/proposals/cshell-by-txpipe-a-cardano-wallet-in-your-terminal-f13
69fd1b97e1ab5d003a0cab6f,TxPipe,Project Catalyst,TxPipe (proposal text mention),0.82,medium,f13-cshell-by-txpipe-a-cardano-wallet-in-your-terminal-f13,CShell by TxPipe: A Cardano wallet in your terminal,in_progress,approved,164285.0,"164,285.00 ADA",No final output captured in interim dataset.,No documented non-delivery signal in dataset.,yes,https://www.catalystexplorer.com/en/proposals/cshell-by-txpipe-a-cardano-wallet-in-your-terminal-f13
69f9dabb92f043aa2df1a282,TxPipe,Project Catalyst,TxPipe (proposal text mention),0.82,medium,f13-cshell-by-txpipe-a-cardano-wallet-in-your-terminal-f13,CShell by TxPipe: A Cardano wallet in your terminal,in_progress,approved,164285.0,"164,285.00 ADA",No final output captured in interim dataset.,No documented non-delivery signal in dataset.,yes,https://www.catalystexplorer.com/en/proposals/cshell-by-txpipe-a-cardano-wallet-in-your-terminal-f13
69f9d3db0a4abf2b3c1da737,TxPipe,Project Catalyst,TxPipe (proposal text mention),0.82,medium,f13-cshell-by-txpipe-a-cardano-wallet-in-your-terminal-f13,CShell by TxPipe: A Cardano wallet in your terminal,in_progress,approved,164285.0,"164,285.00 ADA",No final output captured in interim dataset.,No documented non-delivery signal in dataset.,yes,https://www.catalystexplorer.com/en/proposals/cshell-by-txpipe-a-cardano-wallet-in-your-terminal-f13
69f9ca0e4b815ecdc8d91a17,TxPipe,Project Catalyst,TxPipe (proposal text mention),0.82,medium,f13-cshell-by-txpipe-a-cardano-wallet-in-your-terminal-f13,CShell by TxPipe: A Cardano wallet in your terminal,in_progress,approved,164285.0,"164,285.00 ADA",No final output captured in interim dataset.,No documented non-delivery signal in dataset.,yes,https://www.catalystexplorer.com/en/proposals/cshell-by-txpipe-a-cardano-wallet-in-your-terminal-f13
69f8c6dec9c351b28aa8d7b8,TxPipe,Project Catalyst,TxPipe (proposal text mention),0.82,medium,f13-cshell-by-txpipe-a-cardano-wallet-in-your-terminal-f13,CShell by TxPipe: A Cardano wallet in your terminal,in_progress,approved,164285.0,"164,285.00 ADA",No final output captured in interim dataset.,No documented non-delivery signal in dataset.,yes,https://www.catalystexplorer.com/en/proposals/cshell-by-txpipe-a-cardano-wallet-in-your-terminal-f13
69fc5a8785ddd26899aaf208,TxPipe,Project Catalyst,TxPipe (proposal text mention),0.82,medium,f13-ephemeral-cardano-devnets-by-txpipe-f13,Ephemeral Cardano DevNets by TxPipe,in_progress,approved,157712.0,"157,712.00 ADA",No final output captured in interim dataset.,No documented non-delivery signal in dataset.,yes,https://www.catalystexplorer.com/en/proposals/ephemeral-cardano-devnets-by-txpipe-f13
69fd1b97e1ab5d003a0cab6f,TxPipe,Project Catalyst,TxPipe (proposal text mention),0.82,medium,f13-ephemeral-cardano-devnets-by-txpipe-f13,Ephemeral Cardano DevNets by TxPipe,in_progress,approved,157712.0,"157,712.00 ADA",No final output captured in interim dataset.,No documented non-delivery signal in dataset.,yes,https://www.catalystexplorer.com/en/proposals/ephemeral-cardano-devnets-by-txpipe-f13
69f9dabb92f043aa2df1a282,TxPipe,Project Catalyst,TxPipe (proposal text mention),0.82,medium,f13-ephemeral-cardano-devnets-by-txpipe-f13,Ephemeral Cardano DevNets by TxPipe,in_progress,approved,157712.0,"157,712.00 ADA",No final output captured in interim dataset.,No documented non-delivery signal in dataset.,yes,https://www.catalystexplorer.com/en/proposals/ephemeral-cardano-devnets-by-txpipe-f13
69f9d3db0a4abf2b3c1da737,TxPipe,Project Catalyst,TxPipe (proposal text mention),0.82,medium,f13-ephemeral-cardano-devnets-by-txpipe-f13,Ephemeral Cardano DevNets by TxPipe,in_progress,approved,157712.0,"157,712.00 ADA",No final output captured in interim dataset.,No documented non-delivery signal in dataset.,yes,https://www.catalystexplorer.com/en/proposals/ephemeral-cardano-devnets-by-txpipe-f13
69f9ca0e4b815ecdc8d91a17,TxPipe,Project Catalyst,TxPipe (proposal text mention),0.82,medium,f13-ephemeral-cardano-devnets-by-txpipe-f13,Ephemeral Cardano DevNets by TxPipe,in_progress,approved,157712.0,"157,712.00 ADA",No final output captured in interim dataset.,No documented non-delivery signal in dataset.,yes,https://www.catalystexplorer.com/en/proposals/ephemeral-cardano-devnets-by-txpipe-f13
69f8c6dec9c351b28aa8d7b8,TxPipe,Project Catalyst,TxPipe (proposal text mention),0.82,medium,f13-ephemeral-cardano-devnets-by-txpipe-f13,Ephemeral Cardano DevNets by TxPipe,in_progress,approved,157712.0,"157,712.00 ADA",No final output captured in interim dataset.,No documented non-delivery signal in dataset.,yes,https://www.catalystexplorer.com/en/proposals/ephemeral-cardano-devnets-by-txpipe-f13
69fc5a8785ddd26899aaf208,TxPipe,Project Catalyst,TxPipe (proposal text mention),0.82,medium,f13-oura-by-txpipe-going-multi-chain-f13,Oura by TxPipe: going multi-chain,in_progress,approved,158856.0,"158,856.00 ADA",No final output captured in interim dataset.,No documented non-delivery signal in dataset.,yes,https://www.catalystexplorer.com/en/proposals/oura-by-txpipe-going-multi-chain-f13
69fd1b97e1ab5d003a0cab6f,TxPipe,Project Catalyst,TxPipe (proposal text mention),0.82,medium,f13-oura-by-txpipe-going-multi-chain-f13,Oura by TxPipe: going multi-chain,in_progress,approved,158856.0,"158,856.00 ADA",No final output captured in interim dataset.,No documented non-delivery signal in dataset.,yes,https://www.catalystexplorer.com/en/proposals/oura-by-txpipe-going-multi-chain-f13
69f9dabb92f043aa2df1a282,TxPipe,Project Catalyst,TxPipe (proposal text mention),0.82,medium,f13-oura-by-txpipe-going-multi-chain-f13,Oura by TxPipe: going multi-chain,in_progress,approved,158856.0,"158,856.00 ADA",No final output captured in interim dataset.,No documented non-delivery signal in dataset.,yes,https://www.catalystexplorer.com/en/proposals/oura-by-txpipe-going-multi-chain-f13
69f9d3db0a4abf2b3c1da737,TxPipe,Project Catalyst,TxPipe (proposal text mention),0.82,medium,f13-oura-by-txpipe-going-multi-chain-f13,Oura by TxPipe: going multi-chain,in_progress,approved,158856.0,"158,856.00 ADA",No final output captured in interim dataset.,No documented non-delivery signal in dataset.,yes,https://www.catalystexplorer.com/en/proposals/oura-by-txpipe-going-multi-chain-f13
69f9ca0e4b815ecdc8d91a17,TxPipe,Project Catalyst,TxPipe (proposal text mention),0.82,medium,f13-oura-by-txpipe-going-multi-chain-f13,Oura by TxPipe: going multi-chain,in_progress,approved,158856.0,"158,856.00 ADA",No final output captured in interim dataset.,No documented non-delivery signal in dataset.,yes,https://www.catalystexplorer.com/en/proposals/oura-by-txpipe-going-multi-chain-f13
69f8c6dec9c351b28aa8d7b8,TxPipe,Project Catalyst,TxPipe (proposal text mention),0.82,medium,f13-oura-by-txpipe-going-multi-chain-f13,Oura by TxPipe: going multi-chain,in_progress,approved,158856.0,"158,856.00 ADA",No final output captured in interim dataset.,No documented non-delivery signal in dataset.,yes,https://www.catalystexplorer.com/en/proposals/oura-by-txpipe-going-multi-chain-f13
69fc5a8785ddd26899aaf208,TxPipe,Project Catalyst,TxPipe (proposal text mention),0.82,medium,f14-by-txpipe-api-layer-for-cardano-protocols-using-tx3-f14,by TxPipe - API Layer for Cardano protocols using Tx3,in_progress,approved,23500.0,"23,500.00 ADA",No final output captured in interim dataset.,No documented non-delivery signal in dataset.,yes,https://www.catalystexplorer.com/en/proposals/by-txpipe-api-layer-for-cardano-protocols-using-tx3-f14
69fd1b97e1ab5d003a0cab6f,TxPipe,Project Catalyst,TxPipe (proposal text mention),0.82,medium,f14-by-txpipe-api-layer-for-cardano-protocols-using-tx3-f14,by TxPipe - API Layer for Cardano protocols using Tx3,in_progress,approved,23500.0,"23,500.00 ADA",No final output captured in interim dataset.,No documented non-delivery signal in dataset.,yes,https://www.catalystexplorer.com/en/proposals/by-txpipe-api-layer-for-cardano-protocols-using-tx3-f14
69f9dabb92f043aa2df1a282,TxPipe,Project Catalyst,TxPipe (proposal text mention),0.82,medium,f14-by-txpipe-api-layer-for-cardano-protocols-using-tx3-f14,by TxPipe - API Layer for Cardano protocols using Tx3,in_progress,approved,23500.0,"23,500.00 ADA",No final output captured in interim dataset.,No documented non-delivery signal in dataset.,yes,https://www.catalystexplorer.com/en/proposals/by-txpipe-api-layer-for-cardano-protocols-using-tx3-f14
69f9d3db0a4abf2b3c1da737,TxPipe,Project Catalyst,TxPipe (proposal text mention),0.82,medium,f14-by-txpipe-api-layer-for-cardano-protocols-using-tx3-f14,by TxPipe - API Layer for Cardano protocols using Tx3,in_progress,approved,23500.0,"23,500.00 ADA",No final output captured in interim dataset.,No documented non-delivery signal in dataset.,yes,https://www.catalystexplorer.com/en/proposals/by-txpipe-api-layer-for-cardano-protocols-using-tx3-f14
69f9ca0e4b815ecdc8d91a17,TxPipe,Project Catalyst,TxPipe (proposal text mention),0.82,medium,f14-by-txpipe-api-layer-for-cardano-protocols-using-tx3-f14,by TxPipe - API Layer for Cardano protocols using Tx3,in_progress,approved,23500.0,"23,500.00 ADA",No final output captured in interim dataset.,No documented non-delivery signal in dataset.,yes,https://www.catalystexplorer.com/en/proposals/by-txpipe-api-layer-for-cardano-protocols-using-tx3-f14
69f8c6dec9c351b28aa8d7b8,TxPipe,Project Catalyst,TxPipe (proposal text mention),0.82,medium,f14-by-txpipe-api-layer-for-cardano-protocols-using-tx3-f14,by TxPipe - API Layer for Cardano protocols using Tx3,in_progress,approved,23500.0,"23,500.00 ADA",No final output captured in interim dataset.,No documented non-delivery signal in dataset.,yes,https://www.catalystexplorer.com/en/proposals/by-txpipe-api-layer-for-cardano-protocols-using-tx3-f14
69fc5a8785ddd26899aaf208,TxPipe,Project Catalyst,TxPipe (proposal text mention),0.82,medium,f14-by-txpipe-cardano-buidler-fest-buenos-aires-2026-f14,by TxPipe - Cardano Buidler Fest Buenos Aires 2026,in_progress,approved,32400.0,"32,400.00 ADA",No final output captured in interim dataset.,No documented non-delivery signal in dataset.,yes,https://www.catalystexplorer.com/en/proposals/by-txpipe-cardano-buidler-fest-buenos-aires-2026-f14
69fd1b97e1ab5d003a0cab6f,TxPipe,Project Catalyst,TxPipe (proposal text mention),0.82,medium,f14-by-txpipe-cardano-buidler-fest-buenos-aires-2026-f14,by TxPipe - Cardano Buidler Fest Buenos Aires 2026,in_progress,approved,32400.0,"32,400.00 ADA",No final output captured in interim dataset.,No documented non-delivery signal in dataset.,yes,https://www.catalystexplorer.com/en/proposals/by-txpipe-cardano-buidler-fest-buenos-aires-2026-f14
69f9dabb92f043aa2df1a282,TxPipe,Project Catalyst,TxPipe (proposal text mention),0.82,medium,f14-by-txpipe-cardano-buidler-fest-buenos-aires-2026-f14,by TxPipe - Cardano Buidler Fest Buenos Aires 2026,in_progress,approved,32400.0,"32,400.00 ADA",No final output captured in interim dataset.,No documented non-delivery signal in dataset.,yes,https://www.catalystexplorer.com/en/proposals/by-txpipe-cardano-buidler-fest-buenos-aires-2026-f14
69f9d3db0a4abf2b3c1da737,TxPipe,Project Catalyst,TxPipe (proposal text mention),0.82,medium,f14-by-txpipe-cardano-buidler-fest-buenos-aires-2026-f14,by TxPipe - Cardano Buidler Fest Buenos Aires 2026,in_progress,approved,32400.0,"32,400.00 ADA",No final output captured in interim dataset.,No documented non-delivery signal in dataset.,yes,https://www.catalystexplorer.com/en/proposals/by-txpipe-cardano-buidler-fest-buenos-aires-2026-f14
69f9ca0e4b815ecdc8d91a17,TxPipe,Project Catalyst,TxPipe (proposal text mention),0.82,medium,f14-by-txpipe-cardano-buidler-fest-buenos-aires-2026-f14,by TxPipe - Cardano Buidler Fest Buenos Aires 2026,in_progress,approved,32400.0,"32,400.00 ADA",No final output captured in interim dataset.,No documented non-delivery signal in dataset.,yes,https://www.catalystexplorer.com/en/proposals/by-txpipe-cardano-buidler-fest-buenos-aires-2026-f14
69f8c6dec9c351b28aa8d7b8,TxPipe,Project Catalyst,TxPipe (proposal text mention),0.82,medium,f14-by-txpipe-cardano-buidler-fest-buenos-aires-2026-f14,by TxPipe - Cardano Buidler Fest Buenos Aires 2026,in_progress,approved,32400.0,"32,400.00 ADA",No final output captured in interim dataset.,No documented non-delivery signal in dataset.,yes,https://www.catalystexplorer.com/en/proposals/by-txpipe-cardano-buidler-fest-buenos-aires-2026-f14
69fc5a8785ddd26899aaf208,TxPipe,Project Catalyst,TxPipe (proposal text mention),0.82,medium,f14-by-txpipe-early-aiken-vulnerability-detection-using-ai-f14,by TxPipe - Early Aiken vulnerability detection using AI,in_progress,approved,23040.0,"23,040.00 ADA",No final output captured in interim dataset.,No documented non-delivery signal in dataset.,yes,https://www.catalystexplorer.com/en/proposals/by-txpipe-early-aiken-vulnerability-detection-using-ai-f14
69fd1b97e1ab5d003a0cab6f,TxPipe,Project Catalyst,TxPipe (proposal text mention),0.82,medium,f14-by-txpipe-early-aiken-vulnerability-detection-using-ai-f14,by TxPipe - Early Aiken vulnerability detection using AI,in_progress,approved,23040.0,"23,040.00 ADA",No final output captured in interim dataset.,No documented non-delivery signal in dataset.,yes,https://www.catalystexplorer.com/en/proposals/by-txpipe-early-aiken-vulnerability-detection-using-ai-f14
69f9dabb92f043aa2df1a282,TxPipe,Project Catalyst,TxPipe (proposal text mention),0.82,medium,f14-by-txpipe-early-aiken-vulnerability-detection-using-ai-f14,by TxPipe - Early Aiken vulnerability detection using AI,in_progress,approved,23040.0,"23,040.00 ADA",No final output captured in interim dataset.,No documented non-delivery signal in dataset.,yes,https://www.catalystexplorer.com/en/proposals/by-txpipe-early-aiken-vulnerability-detection-using-ai-f14
69f9d3db0a4abf2b3c1da737,TxPipe,Project Catalyst,TxPipe (proposal text mention),0.82,medium,f14-by-txpipe-early-aiken-vulnerability-detection-using-ai-f14,by TxPipe - Early Aiken vulnerability detection using AI,in_progress,approved,23040.0,"23,040.00 ADA",No final output captured in interim dataset.,No documented non-delivery signal in dataset.,yes,https://www.catalystexplorer.com/en/proposals/by-txpipe-early-aiken-vulnerability-detection-using-ai-f14
69f9ca0e4b815ecdc8d91a17,TxPipe,Project Catalyst,TxPipe (proposal text mention),0.82,medium,f14-by-txpipe-early-aiken-vulnerability-detection-using-ai-f14,by TxPipe - Early Aiken vulnerability detection using AI,in_progress,approved,23040.0,"23,040.00 ADA",No final output captured in interim dataset.,No documented non-delivery signal in dataset.,yes,https://www.catalystexplorer.com/en/proposals/by-txpipe-early-aiken-vulnerability-detection-using-ai-f14
69f8c6dec9c351b28aa8d7b8,TxPipe,Project Catalyst,TxPipe (proposal text mention),0.82,medium,f14-by-txpipe-early-aiken-vulnerability-detection-using-ai-f14,by TxPipe - Early Aiken vulnerability detection using AI,in_progress,approved,23040.0,"23,040.00 ADA",No final output captured in interim dataset.,No documented non-delivery signal in dataset.,yes,https://www.catalystexplorer.com/en/proposals/by-txpipe-early-aiken-vulnerability-detection-using-ai-f14
69fc5a8785ddd26899aaf208,TxPipe,Project Catalyst,TxPipe (proposal text mention),0.82,medium,f14-by-txpipe-monitoring-dashboards-tailored-for-your-dapp-f14,by TxPipe - Monitoring Dashboards Tailored for your dApp,in_progress,approved,23300.0,"23,300.00 ADA",No final output captured in interim dataset.,No documented non-delivery signal in dataset.,yes,https://www.catalystexplorer.com/en/proposals/by-txpipe-monitoring-dashboards-tailored-for-your-dapp-f14
69fd1b97e1ab5d003a0cab6f,TxPipe,Project Catalyst,TxPipe (proposal text mention),0.82,medium,f14-by-txpipe-monitoring-dashboards-tailored-for-your-dapp-f14,by TxPipe - Monitoring Dashboards Tailored for your dApp,in_progress,approved,23300.0,"23,300.00 ADA",No final output captured in interim dataset.,No documented non-delivery signal in dataset.,yes,https://www.catalystexplorer.com/en/proposals/by-txpipe-monitoring-dashboards-tailored-for-your-dapp-f14
69f9dabb92f043aa2df1a282,TxPipe,Project Catalyst,TxPipe (proposal text mention),0.82,medium,f14-by-txpipe-monitoring-dashboards-tailored-for-your-dapp-f14,by TxPipe - Monitoring Dashboards Tailored for your dApp,in_progress,approved,23300.0,"23,300.00 ADA",No final output captured in interim dataset.,No documented non-delivery signal in dataset.,yes,https://www.catalystexplorer.com/en/proposals/by-txpipe-monitoring-dashboards-tailored-for-your-dapp-f14
69f9d3db0a4abf2b3c1da737,TxPipe,Project Catalyst,TxPipe (proposal text mention),0.82,medium,f14-by-txpipe-monitoring-dashboards-tailored-for-your-dapp-f14,by TxPipe - Monitoring Dashboards Tailored for your dApp,in_progress,approved,23300.0,"23,300.00 ADA",No final output captured in interim dataset.,No documented non-delivery signal in dataset.,yes,https://www.catalystexplorer.com/en/proposals/by-txpipe-monitoring-dashboards-tailored-for-your-dapp-f14
69f9ca0e4b815ecdc8d91a17,TxPipe,Project Catalyst,TxPipe (proposal text mention),0.82,medium,f14-by-txpipe-monitoring-dashboards-tailored-for-your-dapp-f14,by TxPipe - Monitoring Dashboards Tailored for your dApp,in_progress,approved,23300.0,"23,300.00 ADA",No final output captured in interim dataset.,No documented non-delivery signal in dataset.,yes,https://www.catalystexplorer.com/en/proposals/by-txpipe-monitoring-dashboards-tailored-for-your-dapp-f14
69f8c6dec9c351b28aa8d7b8,TxPipe,Project Catalyst,TxPipe (proposal text mention),0.82,medium,f14-by-txpipe-monitoring-dashboards-tailored-for-your-dapp-f14,by TxPipe - Monitoring Dashboards Tailored for your dApp,in_progress,approved,23300.0,"23,300.00 ADA",No final output captured in interim dataset.,No documented non-delivery signal in dataset.,yes,https://www.catalystexplorer.com/en/proposals/by-txpipe-monitoring-dashboards-tailored-for-your-dapp-f14
69fc5a8785ddd26899aaf208,TxPipe,Project Catalyst,TxPipe (proposal text mention),0.82,medium,f14-by-txpipe-shipping-oracle-to-unlock-cardano-e-commerce-f14,by TxPipe - Shipping Oracle to unlock Cardano e-Commerce,in_progress,approved,23980.0,"23,980.00 ADA",No final output captured in interim dataset.,No documented non-delivery signal in dataset.,yes,https://www.catalystexplorer.com/en/proposals/by-txpipe-shipping-oracle-to-unlock-cardano-e-commerce-f14
69fd1b97e1ab5d003a0cab6f,TxPipe,Project Catalyst,TxPipe (proposal text mention),0.82,medium,f14-by-txpipe-shipping-oracle-to-unlock-cardano-e-commerce-f14,by TxPipe - Shipping Oracle to unlock Cardano e-Commerce,in_progress,approved,23980.0,"23,980.00 ADA",No final output captured in interim dataset.,No documented non-delivery signal in dataset.,yes,https://www.catalystexplorer.com/en/proposals/by-txpipe-shipping-oracle-to-unlock-cardano-e-commerce-f14
69f9dabb92f043aa2df1a282,TxPipe,Project Catalyst,TxPipe (proposal text mention),0.82,medium,f14-by-txpipe-shipping-oracle-to-unlock-cardano-e-commerce-f14,by TxPipe - Shipping Oracle to unlock Cardano e-Commerce,in_progress,approved,23980.0,"23,980.00 ADA",No final output captured in interim dataset.,No documented non-delivery signal in dataset.,yes,https://www.catalystexplorer.com/en/proposals/by-txpipe-shipping-oracle-to-unlock-cardano-e-commerce-f14
69f9d3db0a4abf2b3c1da737,TxPipe,Project Catalyst,TxPipe (proposal text mention),0.82,medium,f14-by-txpipe-shipping-oracle-to-unlock-cardano-e-commerce-f14,by TxPipe - Shipping Oracle to unlock Cardano e-Commerce,in_progress,approved,23980.0,"23,980.00 ADA",No final output captured in interim dataset.,No documented non-delivery signal in dataset.,yes,https://www.catalystexplorer.com/en/proposals/by-txpipe-shipping-oracle-to-unlock-cardano-e-commerce-f14
69f9ca0e4b815ecdc8d91a17,TxPipe,Project Catalyst,TxPipe (proposal text mention),0.82,medium,f14-by-txpipe-shipping-oracle-to-unlock-cardano-e-commerce-f14,by TxPipe - Shipping Oracle to unlock Cardano e-Commerce,in_progress,approved,23980.0,"23,980.00 ADA",No final output captured in interim dataset.,No documented non-delivery signal in dataset.,yes,https://www.catalystexplorer.com/en/proposals/by-txpipe-shipping-oracle-to-unlock-cardano-e-commerce-f14
69f8c6dec9c351b28aa8d7b8,TxPipe,Project Catalyst,TxPipe (proposal text mention),0.82,medium,f14-by-txpipe-shipping-oracle-to-unlock-cardano-e-commerce-f14,by TxPipe - Shipping Oracle to unlock Cardano e-Commerce,in_progress,approved,23980.0,"23,980.00 ADA",No final output captured in interim dataset.,No documented non-delivery signal in dataset.,yes,https://www.catalystexplorer.com/en/proposals/by-txpipe-shipping-oracle-to-unlock-cardano-e-commerce-f14
69fc5a8785ddd26899aaf208,TxPipe,Project Catalyst,TxPipe (proposal text mention),0.82,medium,f14-by-txpipe-white-label-e-commerce-platform-on-cardano-f14,by Txpipe - White-label e-Commerce Platform on Cardano,in_progress,approved,23980.0,"23,980.00 ADA",No final output captured in interim dataset.,No documented non-delivery signal in dataset.,yes,https://www.catalystexplorer.com/en/proposals/by-txpipe-white-label-e-commerce-platform-on-cardano-f14
69fd1b97e1ab5d003a0cab6f,TxPipe,Project Catalyst,TxPipe (proposal text mention),0.82,medium,f14-by-txpipe-white-label-e-commerce-platform-on-cardano-f14,by Txpipe - White-label e-Commerce Platform on Cardano,in_progress,approved,23980.0,"23,980.00 ADA",No final output captured in interim dataset.,No documented non-delivery signal in dataset.,yes,https://www.catalystexplorer.com/en/proposals/by-txpipe-white-label-e-commerce-platform-on-cardano-f14
69f9dabb92f043aa2df1a282,TxPipe,Project Catalyst,TxPipe (proposal text mention),0.82,medium,f14-by-txpipe-white-label-e-commerce-platform-on-cardano-f14,by Txpipe - White-label e-Commerce Platform on Cardano,in_progress,approved,23980.0,"23,980.00 ADA",No final output captured in interim dataset.,No documented non-delivery signal in dataset.,yes,https://www.catalystexplorer.com/en/proposals/by-txpipe-white-label-e-commerce-platform-on-cardano-f14
69f9d3db0a4abf2b3c1da737,TxPipe,Project Catalyst,TxPipe (proposal text mention),0.82,medium,f14-by-txpipe-white-label-e-commerce-platform-on-cardano-f14,by Txpipe - White-label e-Commerce Platform on Cardano,in_progress,approved,23980.0,"23,980.00 ADA",No final output captured in interim dataset.,No documented non-delivery signal in dataset.,yes,https://www.catalystexplorer.com/en/proposals/by-txpipe-white-label-e-commerce-platform-on-cardano-f14
69f9ca0e4b815ecdc8d91a17,TxPipe,Project Catalyst,TxPipe (proposal text mention),0.82,medium,f14-by-txpipe-white-label-e-commerce-platform-on-cardano-f14,by Txpipe - White-label e-Commerce Platform on Cardano,in_progress,approved,23980.0,"23,980.00 ADA",No final output captured in interim dataset.,No documented non-delivery signal in dataset.,yes,https://www.catalystexplorer.com/en/proposals/by-txpipe-white-label-e-commerce-platform-on-cardano-f14
69f8c6dec9c351b28aa8d7b8,TxPipe,Project Catalyst,TxPipe (proposal text mention),0.82,medium,f14-by-txpipe-white-label-e-commerce-platform-on-cardano-f14,by Txpipe - White-label e-Commerce Platform on Cardano,in_progress,approved,23980.0,"23,980.00 ADA",No final output captured in interim dataset.,No documented non-delivery signal in dataset.,yes,https://www.catalystexplorer.com/en/proposals/by-txpipe-white-label-e-commerce-platform-on-cardano-f14
69fc5a8785ddd26899aaf208,TxPipe,Project Catalyst,TxPipe (proposal text mention),0.82,medium,f14-sidan-whisky-v2-cardano-rust-sdk-with-pallas-f14,SIDAN - Whisky V2 - Cardano Rust SDK with Pallas,in_progress,approved,74000.0,"74,000.00 ADA",No final output captured in interim dataset.,No documented non-delivery signal in dataset.,yes,https://www.catalystexplorer.com/en/proposals/sidan-whisky-v2-cardano-rust-sdk-with-pallas-f14
69fd1b97e1ab5d003a0cab6f,TxPipe,Project Catalyst,TxPipe (proposal text mention),0.82,medium,f14-sidan-whisky-v2-cardano-rust-sdk-with-pallas-f14,SIDAN - Whisky V2 - Cardano Rust SDK with Pallas,in_progress,approved,74000.0,"74,000.00 ADA",No final output captured in interim dataset.,No documented non-delivery signal in dataset.,yes,https://www.catalystexplorer.com/en/proposals/sidan-whisky-v2-cardano-rust-sdk-with-pallas-f14
69f9dabb92f043aa2df1a282,TxPipe,Project Catalyst,TxPipe (proposal text mention),0.82,medium,f14-sidan-whisky-v2-cardano-rust-sdk-with-pallas-f14,SIDAN - Whisky V2 - Cardano Rust SDK with Pallas,in_progress,approved,74000.0,"74,000.00 ADA",No final output captured in interim dataset.,No documented non-delivery signal in dataset.,yes,https://www.catalystexplorer.com/en/proposals/sidan-whisky-v2-cardano-rust-sdk-with-pallas-f14
69f9d3db0a4abf2b3c1da737,TxPipe,Project Catalyst,TxPipe (proposal text mention),0.82,medium,f14-sidan-whisky-v2-cardano-rust-sdk-with-pallas-f14,SIDAN - Whisky V2 - Cardano Rust SDK with Pallas,in_progress,approved,74000.0,"74,000.00 ADA",No final output captured in interim dataset.,No documented non-delivery signal in dataset.,yes,https://www.catalystexplorer.com/en/proposals/sidan-whisky-v2-cardano-rust-sdk-with-pallas-f14
69f9ca0e4b815ecdc8d91a17,TxPipe,Project Catalyst,TxPipe (proposal text mention),0.82,medium,f14-sidan-whisky-v2-cardano-rust-sdk-with-pallas-f14,SIDAN - Whisky V2 - Cardano Rust SDK with Pallas,in_progress,approved,74000.0,"74,000.00 ADA",No final output captured in interim dataset.,No documented non-delivery signal in dataset.,yes,https://www.catalystexplorer.com/en/proposals/sidan-whisky-v2-cardano-rust-sdk-with-pallas-f14
69f8c6dec9c351b28aa8d7b8,TxPipe,Project Catalyst,TxPipe (proposal text mention),0.82,medium,f14-sidan-whisky-v2-cardano-rust-sdk-with-pallas-f14,SIDAN - Whisky V2 - Cardano Rust SDK with Pallas,in_progress,approved,74000.0,"74,000.00 ADA",No final output captured in interim dataset.,No documented non-delivery signal in dataset.,yes,https://www.catalystexplorer.com/en/proposals/sidan-whisky-v2-cardano-rust-sdk-with-pallas-f14
69e8b481b637aef81b4fadd7,VacuumLabs ,Project Catalyst,VacuumLabs  (proposal text mention),0.82,medium,f09-ledger-live-integration-2-f9,Ledger Live Integration #2,complete,approved,,"330,000.00 USD",Marked complete in source data; no closeout artifact captured in interim dataset.,No documented non-delivery signal in dataset.,no,https://www.catalystexplorer.com/en/proposals/ledger-live-integration-2-f9
69e8b481b637aef81b4fadd7,VacuumLabs ,Project Catalyst,VacuumLabs  (proposal text mention),0.82,medium,f12-add-more-and-easier-levels-to-cardano-capture-the-flag-ctf-f12,Add more and easier levels to Cardano Capture the Flag (CTF),in_progress,approved,113600.0,"113,600.00 ADA",No final output captured in interim dataset.,No documented non-delivery signal in dataset.,yes,https://www.catalystexplorer.com/en/proposals/add-more-and-easier-levels-to-cardano-capture-the-flag-ctf-f12
69e8b481b637aef81b4fadd7,VacuumLabs ,Treasury Fund 1,"Vacuumlabs via 2025 reconciliation (high, 0.95)",1.0,high,EC-0011-25 EC-0005-25,VacuumLabs - Hardware Wallets Maintenance & Ledger App Rewrite,paused,contracted,724800.0,"724,800.00 ADA",No Matured milestone output captured; see milestone status counts.,"treasury_project_status=paused; {""Active"": 70800.0, ""Paused"": 291600.0, ""Withdrawn"": 362400.0}",yes,https://treasury.sundae.fi/budgets/9e65e4ed7d6fd86fc4827d2b45da6d2c601fb920e8bfd794b8ecc619/project/EC-0011-25 EC-0005-25
69fc770b8a0de51b89857e17,WingRiders Ltd.,Project Catalyst,WingRiders Ltd. (proposal text mention),0.82,medium,f11-wingriders-guide-to-getting-your-project-recognized-in-the-tier1-crypto-world-f11,WingRiders: Guide to Getting Your Project Recognized in the Tier1 Crypto World,complete,approved,185000.0,"185,000.00 ADA",Marked complete in source data; no closeout artifact captured in interim dataset.,No documented non-delivery signal in dataset.,no,https://www.catalystexplorer.com/en/proposals/wingriders-guide-to-getting-your-project-recognized-in-the-tier1-crypto-world-f11
69fb54818a0de51b89857e11,zkFold,Project Catalyst,zkFold (proposal text mention),0.82,medium,f11-encoins-x-anastasia-labs-zero-knowledge-proof-trustless-p2p-fiat-to-crypto-on-ramp-for-cardano-f11,ENCOINS x Anastasia Labs: Zero-Knowledge Proof Trustless P2P Fiat-to-Crypto On-Ramp for Cardano,complete,approved,500000.0,"500,000.00 ADA",Marked complete in source data; no closeout artifact captured in interim dataset.,No documented non-delivery signal in dataset.,no,https://www.catalystexplorer.com/en/proposals/encoins-x-anastasia-labs-zero-knowledge-proof-trustless-p2p-fiat-to-crypto-on-ramp-for-cardano-f11
69fb54818a0de51b89857e11,zkFold,Project Catalyst,zkFold (proposal text mention),0.82,medium,f11-zkfold-symbolic-a-zero-knowledge-smart-contract-language-f11,ZKFold Symbolic: a Zero-Knowledge Smart Contract Language,complete,approved,200000.0,"200,000.00 ADA",Marked complete in source data; no closeout artifact captured in interim dataset.,No documented non-delivery signal in dataset.,no,https://www.catalystexplorer.com/en/proposals/zkfold-symbolic-a-zero-knowledge-smart-contract-language-f11
69fb54818a0de51b89857e11,zkFold,Project Catalyst,zkFold (proposal text mention),0.82,medium,f11-zkfold-zero-knowledge-prover-backend-f11,ZKFold: Zero-Knowledge Prover Backend,complete,approved,200000.0,"200,000.00 ADA",Marked complete in source data; no closeout artifact captured in interim dataset.,No documented non-delivery signal in dataset.,no,https://www.catalystexplorer.com/en/proposals/zkfold-zero-knowledge-prover-backend-f11
69fb54818a0de51b89857e11,zkFold,Project Catalyst,zkFold (proposal text mention),0.82,medium,f12-zkfold-smart-contract-wallet-backend-f12,zkFold: Smart Contract Wallet Backend,complete,approved,500000.0,"500,000.00 ADA",Marked complete in source data; no closeout artifact captured in interim dataset.,No documented non-delivery signal in dataset.,no,https://www.catalystexplorer.com/en/proposals/zkfold-smart-contract-wallet-backend-f12
69fb54818a0de51b89857e11,zkFold,Project Catalyst,zkFold (proposal text mention),0.82,medium,f12-zkfold-uplc-converter-f12,zkFold: UPLC Converter,complete,approved,200000.0,"200,000.00 ADA",Marked complete in source data; no closeout artifact captured in interim dataset.,No documented non-delivery signal in dataset.,no,https://www.catalystexplorer.com/en/proposals/zkfold-uplc-converter-f12
69fb54818a0de51b89857e11,zkFold,Project Catalyst,zkFold (proposal text mention),0.82,medium,f12-zkfold-x-anastasia-labs-zk-bridge-using-mithril-f12,zkFold x Anastasia Labs: ZK Bridge using Mithril,in_progress,approved,345000.0,"345,000.00 ADA",No final output captured in interim dataset.,No documented non-delivery signal in dataset.,yes,https://www.catalystexplorer.com/en/proposals/zkfold-x-anastasia-labs-zk-bridge-using-mithril-f12
69fb54818a0de51b89857e11,zkFold,Project Catalyst,zkFold (proposal text mention),0.82,medium,f12-zkfold-x-defy-cross-border-payment-infra-using-zk-tech-f12,zkFold x Defy: Cross-border payment infra using ZK tech,in_progress,approved,240000.0,"240,000.00 ADA",No final output captured in interim dataset.,No documented non-delivery signal in dataset.,yes,https://www.catalystexplorer.com/en/proposals/zkfold-x-defy-cross-border-payment-infra-using-zk-tech-f12
69fb54818a0de51b89857e11,zkFold,Project Catalyst,zkFold (proposal text mention),0.82,medium,f12-zkfold-x-zkpass-bring-zkpass-to-cardano-f12,zkFold x zkPass: Bring zkPass to Cardano,complete,approved,250000.0,"250,000.00 ADA",Marked complete in source data; no closeout artifact captured in interim dataset.,No documented non-delivery signal in dataset.,no,https://www.catalystexplorer.com/en/proposals/zkfold-x-zkpass-bring-zkpass-to-cardano-f12
69fb54818a0de51b89857e11,zkFold,Project Catalyst,zkFold (proposal text mention),0.82,medium,f13-zkfold-x-asterizm-interoperability-solution-f13,zkFold x Asterizm - Interoperability Solution,in_progress,approved,420000.0,"420,000.00 ADA",No final output captured in interim dataset.,No documented non-delivery signal in dataset.,yes,https://www.catalystexplorer.com/en/proposals/zkfold-x-asterizm-interoperability-solution-f13
69fb54818a0de51b89857e11,zkFold,Project Catalyst,zkFold (proposal text mention),0.82,medium,f14-bifrost-bitcoin-cardano-bridge-secured-by-cardano-spos-f14,Bifrost: Bitcoin-Cardano bridge secured by Cardano SPOs,in_progress,approved,0.0,0.00 ADA,No final output captured in interim dataset.,No documented non-delivery signal in dataset.,yes,https://www.catalystexplorer.com/en/proposals/bifrost-bitcoin-cardano-bridge-secured-by-cardano-spos-f14
69fb54818a0de51b89857e11,zkFold,Treasury Fund 1,"zkFold SA via 2025 reconciliation (high, 1.00)",1.0,high,EC-0009-25,zkFold ZK Rollup,active,contracted,1161000.0,"1,161,000.00 ADA",No Matured milestone output captured; see milestone status counts.,No documented non-delivery signal in dataset.,yes,https://treasury.sundae.fi/budgets/9e65e4ed7d6fd86fc4827d2b45da6d2c601fb920e8bfd794b8ecc619/project/EC-0009-25
