date,timestamp,open_usd,high_usd,low_usd,close_usd,volume_ada,volume_usd,conversion_type,conversion_symbol
2017-10-01,1506816000,0.03925,0.08806,0.01497,0.02519,1714880221.3,43190415.57,multiply,BTC
2017-10-02,1506902400,0.02519,0.03063,0.01972,0.02588,2193436913.28,56765624.4,multiply,BTC
2017-10-03,1506988800,0.02588,0.02683,0.02066,0.02084,718262823.26,14966793.97,multiply,BTC
2017-10-04,1507075200,0.02084,0.02308,0.02033,0.02189,412967946.05,9041869.33,multiply,BTC
2017-10-05,1507161600,0.02189,0.02269,0.02096,0.02152,251628618.6,5415241.93,multiply,BTC
2017-10-06,1507248000,0.02152,0.02186,0.01814,0.01849,372098441.65,6881330.42,multiply,BTC
2017-10-07,1507334400,0.01849,0.02182,0.01774,0.0208,374170143.19,7784216.54,multiply,BTC
2017-10-08,1507420800,0.0208,0.0244,0.02015,0.02052,344317591.75,7066108.0,multiply,BTC
2017-10-09,1507507200,0.02052,0.0237,0.02107,0.02207,208740275.58,4607316.16,multiply,BTC
2017-10-10,1507593600,0.02207,0.02229,0.0211,0.02148,126480704.1,2717153.8,multiply,BTC
2017-10-11,1507680000,0.02148,0.02263,0.02123,0.02253,164904360.51,3715132.65,multiply,BTC
2017-10-12,1507766400,0.02253,0.02743,0.0232,0.02635,343803093.02,9058595.06,multiply,BTC
2017-10-13,1507852800,0.02635,0.03456,0.02537,0.03354,520342338.92,17453165.07,multiply,BTC
2017-10-14,1507939200,0.03354,0.03955,0.02953,0.03221,792840919.35,25537918.43,multiply,BTC
2017-10-15,1508025600,0.03221,0.03293,0.02958,0.03003,221666539.84,6657395.25,multiply,BTC
2017-10-16,1508112000,0.02992,0.03139,0.0288,0.02891,189713134.22,5484955.14,multiply,BTC
2017-10-17,1508198400,0.02891,0.02878,0.02475,0.02721,225242505.55,6128645.59,multiply,BTC
2017-10-18,1508284800,0.02721,0.02766,0.02587,0.02665,70396420.82,1876238.31,multiply,BTC
2017-10-19,1508371200,0.02666,0.02758,0.02616,0.02701,109264417.06,2951406.84,multiply,BTC
2017-10-20,1508457600,0.02701,0.03164,0.02799,0.0305,290322512.38,8856267.89,multiply,BTC
2017-10-21,1508544000,0.0305,0.03093,0.02763,0.02841,185580624.83,5272615.48,multiply,BTC
2017-10-22,1508630400,0.02841,0.02842,0.02752,0.0277,103530064.15,2867849.22,multiply,BTC
2017-10-23,1508716800,0.0277,0.02757,0.0245,0.0258,135013715.72,3483188.57,multiply,BTC
2017-10-24,1508803200,0.0258,0.02839,0.02266,0.02701,284654158.99,7689673.64,multiply,BTC
2017-10-25,1508889600,0.02701,0.02867,0.02666,0.02741,91100996.76,2496943.49,multiply,BTC
2017-10-26,1508976000,0.02741,0.02838,0.02655,0.02714,89386495.95,2426117.73,multiply,BTC
2017-10-27,1509062400,0.02714,0.02657,0.02508,0.02646,93383690.55,2470869.92,multiply,BTC
2017-10-28,1509148800,0.02646,0.02634,0.02577,0.02588,66899011.41,1731632.56,multiply,BTC
2017-10-29,1509235200,0.02588,0.03012,0.02754,0.02834,163710098.95,4639555.21,multiply,BTC
2017-10-30,1509321600,0.02834,0.02885,0.02744,0.02854,133679387.86,3815095.41,multiply,BTC
2017-10-31,1509408000,0.02854,0.03174,0.02897,0.03051,240371750.85,7334791.39,multiply,BTC
2017-11-01,1509494400,0.03057,0.032,0.02298,0.02304,343507310.31,7915510.26,multiply,BTC
2017-11-02,1509580800,0.02304,0.02634,0.01784,0.02129,274019086.98,5832544.03,multiply,BTC
2017-11-03,1509667200,0.02129,0.0236,0.0196,0.02253,132014491.82,2974177.98,multiply,BTC
2017-11-04,1509753600,0.0223,0.0243,0.02172,0.02194,112414141.73,2466829.87,multiply,BTC
2017-11-05,1509840000,0.02194,0.02283,0.02062,0.02069,110588890.32,2288165.98,multiply,BTC
2017-11-06,1509926400,0.02069,0.02324,0.01949,0.02185,211695627.86,4625969.09,multiply,BTC
2017-11-07,1510012800,0.02185,0.02379,0.02145,0.02209,111588070.46,2464930.54,multiply,BTC
2017-11-08,1510099200,0.02209,0.02754,0.02204,0.02509,259967107.53,6521923.04,multiply,BTC
2017-11-09,1510185600,0.02509,0.03493,0.02396,0.03223,615507183.44,19835178.65,multiply,BTC
2017-11-10,1510272000,0.03223,0.03014,0.02639,0.02639,243086113.86,6416140.32,multiply,BTC
2017-11-11,1510358400,0.02659,0.0284,0.02568,0.0272,201507940.44,5480612.84,multiply,BTC
2017-11-12,1510444800,0.0272,0.02633,0.02228,0.0241,308434735.11,7433379.82,multiply,BTC
2017-11-13,1510531200,0.0241,0.02739,0.02472,0.0257,170763891.61,4388367.84,multiply,BTC
2017-11-14,1510617600,0.0257,0.02672,0.02553,0.02619,116207516.75,3043513.0,multiply,BTC
2017-11-15,1510704000,0.02619,0.02891,0.0252,0.02658,250554443.78,6660677.45,multiply,BTC
2017-11-16,1510790400,0.02658,0.03008,0.0271,0.02749,172505736.55,4741816.99,multiply,BTC
2017-11-17,1510876800,0.02741,0.02687,0.02402,0.02572,139165420.92,3579033.05,multiply,BTC
2017-11-18,1510963200,0.02572,0.02708,0.02544,0.0263,111339141.52,2928161.06,multiply,BTC
2017-11-19,1511049600,0.0263,0.02919,0.02662,0.02807,169334037.88,4753005.55,multiply,BTC
2017-11-20,1511136000,0.02815,0.03463,0.02795,0.0296,514319987.28,15223067.79,multiply,BTC
2017-11-21,1511222400,0.0296,0.02965,0.02786,0.02835,205711069.32,5831887.22,multiply,BTC
2017-11-22,1511308800,0.02835,0.02907,0.02808,0.02866,172087858.86,4931389.95,multiply,BTC
2017-11-23,1511395200,0.02857,0.02805,0.02668,0.02741,185574523.77,5085829.83,multiply,BTC
2017-11-24,1511481600,0.02741,0.02846,0.02706,0.02821,185433934.67,5231230.74,multiply,BTC
2017-11-25,1511568000,0.02822,0.03152,0.02959,0.03047,202589511.86,6172157.14,multiply,BTC
2017-11-26,1511654400,0.03047,0.03914,0.03159,0.03653,823215387.82,30070581.6,multiply,BTC
2017-11-27,1511740800,0.03671,0.05791,0.0366,0.05042,1543390025.61,77814601.27,multiply,BTC
2017-11-28,1511827200,0.05012,0.1661,0.04834,0.1194,2291835517.87,273571322.48,multiply,BTC
2017-11-29,1511913600,0.1114,0.1361,0.07694,0.08993,31718625.54,2852429.6,multiply,ETH
2017-11-30,1512000000,0.0899,0.1305,0.09149,0.1205,24463426.35,2946704.1,multiply,ETH
2017-12-01,1512086400,0.1206,0.162,0.1205,0.1329,16514670.57,2195378.39,multiply,ETH
2017-12-02,1512172800,0.1329,0.1373,0.1286,0.1333,9665287.01,1288057.62,multiply,ETH
2017-12-03,1512259200,0.1333,0.1356,0.1282,0.1335,6794399.99,906878.49,multiply,ETH
2017-12-04,1512345600,0.1335,0.1507,0.128,0.1358,13742396.98,1865987.24,multiply,ETH
2017-12-05,1512432000,0.1358,0.1341,0.1253,0.1253,14628842.4,1833555.06,multiply,ETH
2017-12-06,1512518400,0.1262,0.1325,0.108,0.1186,19156946.68,2271824.91,multiply,ETH
2017-12-07,1512604800,0.1186,0.1319,0.1027,0.1032,13304724.31,1373365.07,multiply,ETH
2017-12-08,1512691200,0.1031,0.1215,0.09938,0.1172,15604882.26,1829306.2,multiply,ETH
2017-12-09,1512777600,0.1167,0.1333,0.1106,0.1205,11315960.35,1363935.49,multiply,ETH
2017-12-10,1512864000,0.1202,0.1143,0.1004,0.1092,10369049.64,1131949.22,multiply,ETH
2017-12-11,1512950400,0.1092,0.1344,0.1181,0.1181,12252130.56,1446446.1,multiply,ETH
2017-12-12,1513036800,0.1181,0.1552,0.1149,0.1344,18257432.8,2453609.89,multiply,ETH
2017-12-13,1513123200,0.1408,0.1538,0.1258,0.1328,15959991.74,2119919.42,multiply,ETH
2017-12-14,1513209600,0.1328,0.2509,0.1235,0.2466,63306647.29,15609373.78,multiply,ETH
2017-12-15,1513296000,0.2455,0.2437,0.1914,0.2144,59402486.49,12734811.44,multiply,ETH
2017-12-16,1513382400,0.2154,0.4717,0.2015,0.3984,87163032.12,34723769.04,multiply,ETH
2017-12-17,1513468800,0.4006,0.5991,0.3811,0.4855,79897996.97,38787205.23,multiply,ETH
2017-12-18,1513555200,0.4855,0.561,0.4692,0.5261,32468078.14,17080258.06,multiply,ETH
2017-12-19,1513641600,0.5281,0.6367,0.4981,0.5281,37312035.37,19705418.68,multiply,ETH
2017-12-20,1513728000,0.528,0.5261,0.4219,0.493,30311244.29,14943685.11,multiply,ETH
2017-12-21,1513814400,0.4891,0.5128,0.4525,0.4744,31988299.08,15175997.29,multiply,ETH
2017-12-22,1513900800,0.4756,0.4245,0.3555,0.4125,39147284.48,16146665.86,multiply,ETH
2017-12-23,1513987200,0.4099,0.4402,0.4078,0.4139,24129928.2,9987135.89,multiply,ETH
2017-12-24,1514073600,0.4139,0.4011,0.3808,0.3828,15213389.38,5823196.09,multiply,ETH
2017-12-25,1514160000,0.3829,0.435,0.3536,0.4114,22658724.51,9321671.15,multiply,ETH
2017-12-26,1514246400,0.4118,0.4344,0.3917,0.4262,15430409.83,6576415.67,multiply,ETH
2017-12-27,1514332800,0.4262,0.4235,0.4011,0.4119,18895331.27,7783451.74,multiply,ETH
2017-12-28,1514419200,0.4119,0.4155,0.3806,0.4074,21112975.44,8600720.94,multiply,ETH
2017-12-29,1514505600,0.4074,0.575,0.4133,0.5283,54404770.63,28741837.94,multiply,ETH
2017-12-30,1514592000,0.4955,0.6941,0.42,0.59,24118261.7,14016860.69,direct,
2017-12-31,1514678400,0.59,0.74,0.59,0.71,13107255.34,8971147.7,direct,
2018-01-01,1514764800,0.71,0.715,0.632,0.7022,13805601.7,9403559.91,direct,
2018-01-02,1514851200,0.7022,0.8,0.675,0.762,8440669.4,6292466.84,direct,
2018-01-03,1514937600,0.762,1.1,0.7601,1.1,15615106.55,15269923.65,direct,
2018-01-04,1515024000,1.11,1.38,1.04,1.13,12154860.5,14721109.54,direct,
2018-01-05,1515110400,1.15,1.3,0.9,1.01,13828338.74,14616848.19,direct,
2018-01-06,1515196800,1.01,1.08,0.908,1.04,7011296.21,7036404.33,direct,
2018-01-07,1515283200,1.03,1.05,0.979,1.01,3692813.75,3741344.23,direct,
2018-01-08,1515369600,1.01,1.02,0.7359,0.9,7518428.06,6765036.61,direct,
2018-01-09,1515456000,0.9,0.954,0.772,0.81,5489581.92,4729859.2,direct,
2018-01-10,1515542400,0.81,0.8293,0.6559,0.7765,9093897.84,6665172.35,direct,
2018-01-11,1515628800,0.78,0.783,0.51,0.68,13309307.09,8794376.36,direct,
2018-01-12,1515715200,0.679,0.93,0.631,0.895,10128654.96,7945692.59,direct,
2018-01-13,1515801600,0.8983,0.959,0.8329,0.879,7148300.9,6400745.85,direct,
2018-01-14,1515888000,0.879,0.89,0.72,0.8,6918665.69,5461450.35,direct,
2018-01-15,1515974400,0.8,0.8666,0.75,0.77,4816974.43,3956914.17,direct,
2018-01-16,1516060800,0.7724,0.7952,0.45,0.61,23996657.62,14442780.73,direct,
2018-01-17,1516147200,0.6,0.6839,0.434,0.6242,28249171.3,15237720.28,direct,
2018-01-18,1516233600,0.625,0.6996,0.6,0.65,3289452.71,2108397.87,direct,
2018-01-19,1516320000,0.65,0.6964,0.589,0.6441,9110742.77,5750844.38,direct,
2018-01-20,1516406400,0.6479,0.7263,0.64,0.7048,5550844.63,3820240.01,direct,
2018-01-21,1516492800,0.7049,0.7049,0.5765,0.61,7987304.26,4988683.38,direct,
2018-01-22,1516579200,0.6165,0.64,0.51,0.5675,8299339.54,4726783.99,direct,
2018-01-23,1516665600,0.5699,0.59,0.5166,0.5601,6748419.5,3765169.01,direct,
2018-01-24,1516752000,0.5619,0.65,0.537,0.628,6756615.18,4050649.27,direct,
2018-01-25,1516838400,0.63,0.685,0.6185,0.642,5962422.19,3864120.17,direct,
2018-01-26,1516924800,0.642,0.655,0.561,0.6268,13959569.11,8406839.7,direct,
2018-01-27,1517011200,0.6268,0.642,0.595,0.6213,4259906.16,2640804.41,direct,
2018-01-28,1517097600,0.6213,0.67,0.6131,0.6423,4980462.93,3194670.44,direct,
2018-01-29,1517184000,0.6423,0.6465,0.583,0.591,4453359.49,2712202.98,direct,
2018-01-30,1517270400,0.591,0.603,0.5,0.51,8570161.8,4609867.44,direct,
2018-01-31,1517356800,0.5136,0.517,0.463,0.5072,6258778.63,3069907.43,direct,
2018-02-01,1517443200,0.5072,0.5218,0.387,0.4217,10326614.2,4524656.19,direct,
2018-02-02,1517529600,0.4217,0.4217,0.2958,0.4047,31941163.56,11368745.26,direct,
2018-02-03,1517616000,0.4,0.5185,0.3453,0.464,16186834.07,6971494.08,direct,
2018-02-04,1517702400,0.464,0.488,0.364,0.382,38298282.28,17107431.63,direct,
2018-02-05,1517788800,0.382,0.3962,0.2915,0.317,28363246.66,9493848.67,direct,
2018-02-06,1517875200,0.317,0.3732,0.2612,0.359,41362427.8,12659288.18,direct,
2018-02-07,1517961600,0.359,0.38,0.318,0.331,23234131.21,8234163.49,direct,
2018-02-08,1518048000,0.331,0.361,0.318,0.3449,14190857.92,4887107.79,direct,
2018-02-09,1518134400,0.345,0.386,0.32,0.379,12999338.3,4655595.05,direct,
2018-02-10,1518220800,0.379,0.4386,0.358,0.381,29183935.95,11886451.73,direct,
2018-02-11,1518307200,0.381,0.381,0.34,0.3488,12282926.66,4366709.77,direct,
2018-02-12,1518393600,0.3488,0.383,0.3488,0.371,6933557.81,2552983.28,direct,
2018-02-13,1518480000,0.3713,0.374,0.342,0.3578,5046147.91,1790268.54,direct,
2018-02-14,1518566400,0.3578,0.3951,0.35,0.393,12984103.65,4851562.03,direct,
2018-02-15,1518652800,0.393,0.4044,0.37,0.39,9835169.17,3806042.96,direct,
2018-02-16,1518739200,0.389,0.395,0.3704,0.39,6738931.47,2584705.73,direct,
2018-02-17,1518825600,0.39,0.4186,0.3854,0.41,10125806.34,4047992.17,direct,
2018-02-18,1518912000,0.41,0.4102,0.36,0.36,11668452.53,4440011.76,direct,
2018-02-19,1518998400,0.36,0.3865,0.36,0.375,5595604.76,2106787.71,direct,
2018-02-20,1519084800,0.3758,0.3872,0.3437,0.346,7807993.5,2886435.13,direct,
2018-02-21,1519171200,0.345,0.355,0.325,0.3328,7625415.34,2574378.55,direct,
2018-02-22,1519257600,0.3328,0.3476,0.304,0.31,5966532.67,1913250.36,direct,
2018-02-23,1519344000,0.31,0.3367,0.2996,0.3239,5516345.62,1737682.32,direct,
2018-02-24,1519430400,0.3239,0.3296,0.289,0.2968,5005016.36,1529634.28,direct,
2018-02-25,1519516800,0.3,0.3369,0.2948,0.3232,6131151.26,1928435.38,direct,
2018-02-26,1519603200,0.3232,0.3317,0.3028,0.3234,5912613.05,1894921.27,direct,
2018-02-27,1519689600,0.3234,0.3349,0.3176,0.328,3720435.86,1216716.93,direct,
2018-02-28,1519776000,0.328,0.3322,0.301,0.3038,4292622.5,1358702.77,direct,
2018-03-01,1519862400,0.3026,0.3102,0.2824,0.3,8089845.61,2403187.45,direct,
2018-03-02,1519948800,0.3,0.3033,0.2842,0.2891,5322421.67,1543670.78,direct,
2018-03-03,1520035200,0.2891,0.3056,0.2882,0.2924,4235974.98,1249523.14,direct,
2018-03-04,1520121600,0.2924,0.303,0.283,0.3,4204477.89,1216450.08,direct,
2018-03-05,1520208000,0.3,0.3192,0.2888,0.295,5574654.41,1680221.76,direct,
2018-03-06,1520294400,0.2934,0.299,0.2764,0.277,6658873.49,1894339.24,direct,
2018-03-07,1520380800,0.277,0.2829,0.225,0.2401,9247705.06,2324290.92,direct,
2018-03-08,1520467200,0.2401,0.2478,0.211,0.2125,8472256.31,1899731.93,direct,
2018-03-09,1520553600,0.2125,0.218,0.183,0.2157,11892221.8,2351613.66,direct,
2018-03-10,1520640000,0.2157,0.2222,0.1959,0.2003,9662993.08,2041925.48,direct,
2018-03-11,1520726400,0.2003,0.2228,0.1896,0.219,8052809.29,1654913.0,direct,
2018-03-12,1520812800,0.2189,0.2325,0.2088,0.218,10709900.16,2344672.77,direct,
2018-03-13,1520899200,0.218,0.225,0.21,0.2174,4362665.73,948464.42,direct,
2018-03-14,1520985600,0.2174,0.2295,0.1863,0.1933,9914103.5,2039418.87,direct,
2018-03-15,1521072000,0.1933,0.197,0.1672,0.1837,14260485.68,2538075.8,direct,
2018-03-16,1521158400,0.1837,0.1837,0.171,0.1741,12231398.97,2151653.19,direct,
2018-03-17,1521244800,0.1741,0.1774,0.15,0.15,8897081.48,1423569.1,direct,
2018-03-18,1521331200,0.152,0.165,0.1233,0.155,38867727.16,5398142.99,direct,
2018-03-19,1521417600,0.1535,0.19,0.153,0.19,40690086.29,6906206.64,direct,
2018-03-20,1521504000,0.1905,0.2114,0.1747,0.1989,22625535.99,4338367.4,direct,
2018-03-21,1521590400,0.1989,0.224,0.1969,0.2075,21492092.26,4530665.75,direct,
2018-03-22,1521676800,0.2076,0.2169,0.1852,0.1991,25917003.75,5063495.81,direct,
2018-03-23,1521763200,0.1985,0.1985,0.1797,0.1883,15075299.09,2807868.89,direct,
2018-03-24,1521849600,0.1885,0.202,0.181,0.1856,20030499.57,3789451.05,direct,
2018-03-25,1521936000,0.1856,0.1888,0.18,0.1836,6730880.18,1246302.57,direct,
2018-03-26,1522022400,0.1836,0.1841,0.1559,0.1652,17543627.32,2910211.57,direct,
2018-03-27,1522108800,0.1652,0.1669,0.1473,0.1521,12497951.96,1941446.29,direct,
2018-03-28,1522195200,0.1521,0.1622,0.1519,0.1583,7671563.95,1212852.29,direct,
2018-03-29,1522281600,0.1583,0.1599,0.1403,0.1427,18739188.83,2764011.78,direct,
2018-03-30,1522368000,0.1427,0.15,0.1321,0.1439,15097631.14,2098386.78,direct,
2018-03-31,1522454400,0.1439,0.1583,0.1393,0.1504,10278387.35,1542939.84,direct,
2018-04-01,1522540800,0.1504,0.1571,0.1379,0.1482,10876735.62,1587130.61,direct,
2018-04-02,1522627200,0.1482,0.1562,0.1459,0.1528,7278351.04,1095738.14,direct,
2018-04-03,1522713600,0.1527,0.1711,0.1519,0.1698,20767245.7,3359534.56,direct,
2018-04-04,1522800000,0.1706,0.1766,0.1484,0.152,31379772.05,5069040.4,direct,
2018-04-05,1522886400,0.1516,0.1557,0.14,0.1459,13409313.42,1963410.59,direct,
2018-04-06,1522972800,0.1471,0.1489,0.14,0.1418,10749188.26,1522845.8,direct,
2018-04-07,1523059200,0.1418,0.1508,0.1411,0.1458,15598624.46,2274792.87,direct,
2018-04-08,1523145600,0.1458,0.1587,0.1458,0.1566,7086721.83,1083919.13,direct,
2018-04-09,1523232000,0.1566,0.1658,0.1445,0.15,26665645.32,4117378.53,direct,
2018-04-10,1523318400,0.15,0.1578,0.1462,0.1556,6429257.27,977217.32,direct,
2018-04-11,1523404800,0.1556,0.1686,0.1524,0.1667,18243129.02,2917790.79,direct,
2018-04-12,1523491200,0.1667,0.221,0.1634,0.2166,49153430.71,9427755.06,direct,
2018-04-13,1523577600,0.2165,0.2243,0.1954,0.2002,33589461.27,7101712.41,direct,
2018-04-14,1523664000,0.2002,0.2142,0.1962,0.2046,13454956.94,2746195.39,direct,
2018-04-15,1523750400,0.2046,0.2349,0.204,0.2272,16744081.36,3689618.55,direct,
2018-04-16,1523836800,0.2272,0.2591,0.2114,0.2577,41632903.32,9917913.89,direct,
2018-04-17,1523923200,0.2577,0.2752,0.2419,0.2419,41499389.51,10645985.15,direct,
2018-04-18,1524009600,0.2419,0.2647,0.2416,0.2631,9365118.18,2369562.99,direct,
2018-04-19,1524096000,0.2631,0.2755,0.2594,0.2718,15212079.5,4093137.0,direct,
2018-04-20,1524182400,0.2692,0.3102,0.2668,0.3019,22547720.81,6426070.42,direct,
2018-04-21,1524268800,0.302,0.3075,0.2681,0.2852,20904198.96,5947149.81,direct,
2018-04-22,1524355200,0.2852,0.2965,0.2754,0.2801,11811077.87,3401432.21,direct,
2018-04-23,1524441600,0.2828,0.2896,0.28,0.2892,6064300.73,1732842.17,direct,
2018-04-24,1524528000,0.2891,0.3202,0.2833,0.3081,19090217.15,5824894.93,direct,
2018-04-25,1524614400,0.3104,0.3112,0.2601,0.2708,26528484.52,7422755.6,direct,
2018-04-26,1524700800,0.2708,0.2939,0.2562,0.2933,12519089.64,3446762.46,direct,
2018-04-27,1524787200,0.2933,0.306,0.2841,0.2851,14186149.97,4172989.64,direct,
2018-04-28,1524873600,0.2851,0.3645,0.281,0.3568,27018577.14,8962774.04,direct,
2018-04-29,1524960000,0.3559,0.3884,0.3414,0.3622,22788060.19,8366233.06,direct,
2018-04-30,1525046400,0.3622,0.365,0.3307,0.3382,16000598.14,5561625.15,direct,
2018-05-01,1525132800,0.3383,0.3605,0.3183,0.3571,15185545.76,5214682.32,direct,
2018-05-02,1525219200,0.3556,0.3763,0.3466,0.3705,7321806.97,2663078.43,direct,
2018-05-03,1525305600,0.3705,0.3882,0.365,0.3672,8600258.04,3215050.28,direct,
2018-05-04,1525392000,0.3672,0.3687,0.3462,0.3572,9388065.65,3384128.91,direct,
2018-05-05,1525478400,0.3572,0.375,0.3572,0.3638,5000840.39,1835429.28,direct,
2018-05-06,1525564800,0.3638,0.367,0.336,0.3451,10362165.18,3575432.19,direct,
2018-05-07,1525651200,0.3486,0.3494,0.3142,0.3326,8831617.37,2893725.9,direct,
2018-05-08,1525737600,0.3326,0.3449,0.3161,0.3226,6024921.02,1987029.06,direct,
2018-05-09,1525824000,0.3226,0.3249,0.2967,0.319,8522548.61,2640164.55,direct,
2018-05-10,1525910400,0.319,0.3235,0.2903,0.2923,7088654.99,2190992.43,direct,
2018-05-11,1525996800,0.2923,0.2939,0.2479,0.257,24188507.7,6436946.28,direct,
2018-05-12,1526083200,0.257,0.279,0.2331,0.2622,16129023.81,4174992.51,direct,
2018-05-13,1526169600,0.2622,0.2845,0.257,0.2764,7166005.17,1955815.75,direct,
2018-05-14,1526256000,0.2773,0.278,0.2505,0.2673,12284549.8,3238880.28,direct,
2018-05-15,1526342400,0.2673,0.2757,0.2513,0.2557,4377398.52,1154681.27,direct,
2018-05-16,1526428800,0.2536,0.2553,0.2384,0.253,6463351.18,1583201.58,direct,
2018-05-17,1526515200,0.253,0.2612,0.238,0.24,6411368.27,1611671.99,direct,
2018-05-18,1526601600,0.24,0.2525,0.2302,0.2443,5181705.24,1240414.32,direct,
2018-05-19,1526688000,0.2443,0.2479,0.2353,0.2411,2581216.49,623658.6,direct,
2018-05-20,1526774400,0.2411,0.2601,0.2384,0.2555,4719209.99,1180651.01,direct,
2018-05-21,1526860800,0.2555,0.26,0.2431,0.246,3861976.41,968287.32,direct,
2018-05-22,1526947200,0.246,0.2473,0.219,0.2219,7212825.97,1688622.45,direct,
2018-05-23,1527033600,0.221,0.2227,0.1928,0.2,14993850.37,3092881.46,direct,
2018-05-24,1527120000,0.2,0.2111,0.1881,0.2061,13375057.25,2692849.08,direct,
2018-05-25,1527206400,0.2083,0.2095,0.1911,0.1986,5656163.29,1130683.7,direct,
2018-05-26,1527292800,0.1988,0.2047,0.1924,0.1954,5823859.62,1161022.18,direct,
2018-05-27,1527379200,0.1954,0.1956,0.1835,0.1936,5016612.07,959500.2,direct,
2018-05-28,1527465600,0.1936,0.195,0.1711,0.1735,7475753.19,1354353.75,direct,
2018-05-29,1527552000,0.1718,0.2147,0.1709,0.2024,13239913.52,2594004.46,direct,
2018-05-30,1527638400,0.2016,0.2168,0.1963,0.2109,10980914.82,2247960.29,direct,
2018-05-31,1527724800,0.2109,0.2282,0.2034,0.2229,10319021.19,2278018.77,direct,
2018-06-01,1527811200,0.2229,0.2277,0.2142,0.2203,5883460.91,1292241.48,direct,
2018-06-02,1527897600,0.2203,0.2294,0.2168,0.2262,5294120.49,1188119.57,direct,
2018-06-03,1527984000,0.2262,0.2363,0.2206,0.226,6268488.06,1443692.6,direct,
2018-06-04,1528070400,0.226,0.2314,0.2049,0.2112,7558153.33,1635230.17,direct,
2018-06-05,1528156800,0.2112,0.2217,0.2024,0.2181,9618782.32,2026229.27,direct,
2018-06-06,1528243200,0.2181,0.2199,0.2072,0.2149,7299727.22,1560990.06,direct,
2018-06-07,1528329600,0.2149,0.219,0.2049,0.2101,6075182.87,1284469.46,direct,
2018-06-08,1528416000,0.2101,0.2111,0.2002,0.205,5040967.2,1028562.41,direct,
2018-06-09,1528502400,0.205,0.2097,0.2002,0.2005,1880273.62,385347.36,direct,
2018-06-10,1528588800,0.2005,0.2005,0.1685,0.1745,14815437.34,2714543.69,direct,
2018-06-11,1528675200,0.1743,0.1808,0.1648,0.1795,9266018.56,1589223.93,direct,
2018-06-12,1528761600,0.1786,0.181,0.159,0.1646,9841996.5,1658740.83,direct,
2018-06-13,1528848000,0.1646,0.1655,0.146,0.1592,11053659.71,1711454.33,direct,
2018-06-14,1528934400,0.1569,0.1748,0.1499,0.17,15342692.09,2554696.61,direct,
2018-06-15,1529020800,0.17,0.171,0.1595,0.1607,5255323.27,868891.71,direct,
2018-06-16,1529107200,0.1607,0.1647,0.1578,0.162,3378740.84,544381.03,direct,
2018-06-17,1529193600,0.162,0.1644,0.16,0.1601,1743918.54,283019.01,direct,
2018-06-18,1529280000,0.1601,0.1685,0.1557,0.1643,5627014.87,910209.3,direct,
2018-06-19,1529366400,0.1643,0.1709,0.1612,0.1658,6307021.89,1040703.28,direct,
2018-06-20,1529452800,0.1669,0.1669,0.1567,0.1621,7666561.37,1219764.79,direct,
2018-06-21,1529539200,0.1615,0.1635,0.157,0.1588,3504037.07,559349.71,direct,
2018-06-22,1529625600,0.1588,0.1592,0.1347,0.1384,11646877.96,1668020.71,direct,
2018-06-23,1529712000,0.1384,0.142,0.1334,0.1373,4627533.38,636554.94,direct,
2018-06-24,1529798400,0.1378,0.138,0.1196,0.1305,10976006.38,1396590.14,direct,
2018-06-25,1529884800,0.1305,0.1387,0.1265,0.1355,6965234.04,932408.71,direct,
2018-06-26,1529971200,0.1355,0.1356,0.125,0.125,3682267.59,478322.38,direct,
2018-06-27,1530057600,0.125,0.1279,0.123,0.1271,3487820.9,439238.29,direct,
2018-06-28,1530144000,0.1271,0.1287,0.117,0.1185,3964521.4,489681.91,direct,
2018-06-29,1530230400,0.1186,0.1268,0.1132,0.1247,7935997.28,946429.13,direct,
2018-06-30,1530316800,0.1247,0.1437,0.1247,0.1385,12655341.69,1699030.55,direct,
2018-07-01,1530403200,0.1385,0.1459,0.1331,0.1425,6637274.5,926590.67,direct,
2018-07-02,1530489600,0.1425,0.1596,0.1376,0.1535,15693795.43,2372276.76,direct,
2018-07-03,1530576000,0.1535,0.161,0.1475,0.1498,10553067.83,1635259.05,direct,
2018-07-04,1530662400,0.1498,0.1595,0.1456,0.1511,8262561.38,1261253.59,direct,
2018-07-05,1530748800,0.1511,0.1558,0.143,0.148,9243047.71,1369781.8,direct,
2018-07-06,1530835200,0.1475,0.1475,0.1386,0.1446,7854304.52,1125120.37,direct,
2018-07-07,1530921600,0.1446,0.1485,0.1375,0.1485,4558570.79,644762.59,direct,
2018-07-08,1531008000,0.1485,0.1495,0.1432,0.1451,4445941.92,652408.36,direct,
2018-07-09,1531094400,0.1451,0.1463,0.1392,0.1392,3878502.55,554619.56,direct,
2018-07-10,1531180800,0.1392,0.1406,0.1268,0.128,12094020.64,1604756.02,direct,
2018-07-11,1531267200,0.128,0.134,0.1249,0.1308,5095356.0,657459.15,direct,
2018-07-12,1531353600,0.1308,0.131,0.1241,0.1258,1279759.82,161469.42,direct,
2018-07-13,1531440000,0.1269,0.1436,0.1259,0.1374,25194205.61,3461495.95,multiply,ETH
2018-07-14,1531526400,0.1374,0.1392,0.1341,0.1366,17389086.49,2375837.85,multiply,ETH
2018-07-15,1531612800,0.1369,0.1455,0.1401,0.1426,11818796.21,1685058.98,multiply,ETH
2018-07-16,1531699200,0.1426,0.1585,0.1509,0.1567,15420832.32,2416365.39,multiply,ETH
2018-07-17,1531785600,0.1566,0.1747,0.1592,0.1716,24116116.22,4138970.26,multiply,ETH
2018-07-18,1531872000,0.1716,0.1887,0.1644,0.1803,52347780.52,9435961.01,multiply,ETH
2018-07-19,1531958400,0.1803,0.1869,0.1662,0.1818,44042028.77,8006371.12,multiply,ETH
2018-07-20,1532044800,0.1818,0.1764,0.1607,0.161,34805920.68,5605277.45,multiply,ETH
2018-07-21,1532131200,0.161,0.1671,0.1598,0.1636,17490016.08,2861770.58,multiply,ETH
2018-07-22,1532217600,0.1636,0.1748,0.1618,0.1693,15733945.93,2664236.93,multiply,ETH
2018-07-23,1532304000,0.1695,0.1727,0.1639,0.1641,22695820.43,3724723.44,multiply,ETH
2018-07-24,1532390400,0.1641,0.1792,0.1699,0.1734,21931911.38,3803526.36,multiply,ETH
2018-07-25,1532476800,0.1734,0.1741,0.1679,0.1724,32787916.76,5653992.7,multiply,ETH
2018-07-26,1532563200,0.1725,0.1695,0.162,0.1642,12312152.38,2021722.67,multiply,ETH
2018-07-27,1532649600,0.164,0.1686,0.1596,0.1657,13450895.42,2228902.58,multiply,ETH
2018-07-28,1532736000,0.1657,0.1659,0.1615,0.1641,10179333.8,1670765.26,multiply,ETH
2018-07-29,1532822400,0.164,0.1637,0.1607,0.1626,8189173.61,1331264.33,multiply,ETH
2018-07-30,1532908800,0.1625,0.1597,0.1508,0.1534,13698757.05,2100820.89,multiply,ETH
2018-07-31,1532995200,0.1533,0.1458,0.1371,0.1419,22440474.52,3183529.5,multiply,ETH
2018-08-01,1533081600,0.1417,0.1421,0.1348,0.1398,13787147.19,1927094.68,multiply,ETH
2018-08-02,1533168000,0.1398,0.1372,0.1289,0.1309,14576414.08,1907913.22,multiply,ETH
2018-08-03,1533254400,0.1307,0.1345,0.1288,0.1298,19959079.53,2591448.13,multiply,ETH
2018-08-04,1533340800,0.1298,0.13,0.1243,0.1261,13197457.09,1663680.92,multiply,ETH
2018-08-05,1533427200,0.1261,0.1314,0.1264,0.1305,12514832.96,1633599.1,multiply,ETH
2018-08-06,1533513600,0.1306,0.1332,0.1269,0.1294,12509085.63,1618951.13,multiply,ETH
2018-08-07,1533600000,0.1294,0.1256,0.118,0.1235,21908521.79,2705110.87,multiply,ETH
2018-08-08,1533686400,0.1235,0.1167,0.1099,0.1128,22999876.64,2594900.39,multiply,ETH
2018-08-09,1533772800,0.1129,0.1252,0.105,0.122,25512783.64,3112405.4,multiply,ETH
2018-08-10,1533859200,0.1221,0.1157,0.1075,0.1145,23301757.66,2667844.36,multiply,ETH
2018-08-11,1533945600,0.1146,0.1147,0.1087,0.11,24439757.56,2688365.0,multiply,ETH
2018-08-12,1534032000,0.1101,0.112,0.1095,0.1117,11062966.12,1235954.8,multiply,ETH
2018-08-13,1534118400,0.1117,0.1044,0.09904,0.1013,15359133.21,1555651.31,multiply,ETH
2018-08-14,1534204800,0.1013,0.09925,0.09198,0.09354,29480283.11,2757585.42,multiply,ETH
2018-08-15,1534291200,0.09351,0.09782,0.09194,0.09377,22838634.12,2141474.03,multiply,ETH
2018-08-16,1534377600,0.09377,0.09665,0.09287,0.09467,14032326.36,1328477.94,multiply,ETH
2018-08-17,1534464000,0.09467,0.1112,0.1036,0.1098,21784583.93,2391597.65,multiply,ETH
2018-08-18,1534550400,0.1099,0.1035,0.09633,0.09877,18702068.26,1847292.12,multiply,ETH
2018-08-19,1534636800,0.09877,0.1023,0.0992,0.1018,8980461.75,914308.68,multiply,ETH
2018-08-20,1534723200,0.1018,0.09416,0.0904,0.09178,13027397.18,1195622.06,multiply,ETH
2018-08-21,1534809600,0.09176,0.09595,0.09274,0.09483,15439251.52,1464029.33,multiply,ETH
2018-08-22,1534896000,0.1258,0.1258,0.09,0.094,47403.27,4523.43,direct,
2018-08-23,1534982400,0.094,0.094,0.0851,0.09252,27193.92,2485.87,direct,
2018-08-24,1535068800,0.09252,0.0945,0.087,0.094,35769.99,3295.62,direct,
2018-08-25,1535155200,0.094,0.09949,0.091,0.0928,30453.7,2909.97,direct,
2018-08-26,1535241600,0.0928,0.09949,0.0928,0.09508,26132.62,2497.46,direct,
2018-08-27,1535328000,0.09323,0.1025,0.09738,0.1008,20025329.26,2018116.6,multiply,ETH
2018-08-28,1535414400,0.09709,0.1095,0.09709,0.1054,77451.08,8041.9,direct,
2018-08-29,1535500800,0.1055,0.109,0.1013,0.106,100082.1,10581.47,direct,
2018-08-30,1535587200,0.106,0.109,0.098,0.101,75081.47,7596.1,direct,
2018-08-31,1535673600,0.101,0.1042,0.09845,0.1039,34441.31,3514.4,direct,
2018-09-01,1535760000,0.1039,0.112,0.1015,0.1098,122589.51,13236.98,direct,
2018-09-02,1535846400,0.1098,0.1098,0.1034,0.106,104220.86,11131.56,direct,
2018-09-03,1535932800,0.106,0.107,0.1036,0.1048,69197.6,7292.67,direct,
2018-09-04,1536019200,0.1048,0.1089,0.104,0.108,82991.43,8834.94,direct,
2018-09-05,1536105600,0.108,0.108,0.0875,0.0875,135797.53,13284.12,direct,
2018-09-06,1536192000,0.0875,0.09,0.084,0.088,106212.72,9195.48,direct,
2018-09-07,1536278400,0.088,0.097,0.085,0.0854,56325.76,4924.12,direct,
2018-09-08,1536364800,0.0854,0.08825,0.0792,0.0795,116443.5,9651.72,direct,
2018-09-09,1536451200,0.0795,0.0846,0.07718,0.08035,49432.34,3952.37,direct,
2018-09-10,1536537600,0.08035,0.0825,0.07421,0.075,78699.46,6042.93,direct,
2018-09-11,1536624000,0.075,0.0795,0.06833,0.06952,41634.39,3027.92,direct,
2018-09-12,1536710400,0.06952,0.0725,0.0611,0.06588,145338.49,9619.8,direct,
2018-09-13,1536796800,0.066,0.075,0.063,0.07128,124646.25,8693.2,direct,
2018-09-14,1536883200,0.07128,0.072,0.065,0.06964,96248.13,6618.44,direct,
2018-09-15,1536969600,0.06964,0.0718,0.06718,0.06986,30318.22,2136.65,direct,
2018-09-16,1537056000,0.06986,0.0744,0.06881,0.06985,182864.35,13124.91,direct,
2018-09-17,1537142400,0.06985,0.07234,0.0644,0.066,51902.96,3556.35,direct,
2018-09-18,1537228800,0.066,0.0768,0.0644,0.0714,106555.99,7396.44,direct,
2018-09-19,1537315200,0.0714,0.075,0.0686,0.07279,114593.97,8294.58,direct,
2018-09-20,1537401600,0.07128,0.083,0.07106,0.08002,121547.58,9097.47,direct,
2018-09-21,1537488000,0.08002,0.08825,0.07301,0.0879,255243.01,21475.19,direct,
2018-09-22,1537574400,0.0879,0.088,0.08002,0.083,56602.04,4719.69,direct,
2018-09-23,1537660800,0.083,0.0949,0.083,0.08907,217165.51,19695.26,direct,
2018-09-24,1537747200,0.08907,0.0935,0.0829,0.083,139724.96,12048.38,direct,
2018-09-25,1537833600,0.083,0.0847,0.075,0.081,135041.26,10673.54,direct,
2018-09-26,1537920000,0.081,0.0849,0.0741,0.08,126640.2,10250.48,direct,
2018-09-27,1538006400,0.08,0.09,0.07853,0.08749,276832.69,23631.64,direct,
2018-09-28,1538092800,0.08749,0.09,0.083,0.084,137656.44,11859.63,direct,
2018-09-29,1538179200,0.084,0.089,0.0791,0.08528,181560.54,15474.95,direct,
2018-09-30,1538265600,0.0861,0.088,0.08101,0.0846,242822.53,20815.42,direct,
2018-10-01,1538352000,0.0846,0.09,0.08308,0.086,320430.88,27737.54,direct,
2018-10-02,1538438400,0.086,0.0881,0.0823,0.0843,172048.33,14525.66,direct,
2018-10-03,1538524800,0.08487,0.08487,0.07894,0.08139,523472.63,42379.67,direct,
2018-10-04,1538611200,0.08139,0.08547,0.08093,0.08176,1049886.05,86113.67,direct,
2018-10-05,1538697600,0.08176,0.08418,0.0801,0.08357,1510346.88,124123.99,direct,
2018-10-06,1538784000,0.08357,0.08484,0.08072,0.08129,1198534.78,97980.82,direct,
2018-10-07,1538870400,0.08129,0.08659,0.08025,0.08468,1629074.45,134690.11,direct,
2018-10-08,1538956800,0.08468,0.0887,0.08121,0.08677,2689317.69,231127.29,direct,
2018-10-09,1539043200,0.08677,0.08774,0.08423,0.08629,1696718.1,146195.56,direct,
2018-10-10,1539129600,0.08629,0.08733,0.08294,0.08554,1804487.31,152341.77,direct,
2018-10-11,1539216000,0.08554,0.08554,0.06921,0.07001,6593913.44,496668.12,direct,
2018-10-12,1539302400,0.07001,0.07853,0.06883,0.07281,2415824.47,178002.52,direct,
2018-10-13,1539388800,0.07281,0.07744,0.07143,0.07514,1413298.42,103325.38,direct,
2018-10-14,1539475200,0.07514,0.07683,0.06778,0.07037,1636603.92,117261.13,direct,
2018-10-15,1539561600,0.07037,0.07685,0.0688,0.07345,7077927.74,512861.97,direct,
2018-10-16,1539648000,0.07345,0.08144,0.07265,0.07499,2213693.27,165252.58,direct,
2018-10-17,1539734400,0.07499,0.07963,0.07431,0.07667,2753748.04,209991.71,direct,
2018-10-18,1539820800,0.07667,0.07951,0.07279,0.07449,2130825.52,160070.75,direct,
2018-10-19,1539907200,0.07449,0.07764,0.07304,0.07543,1355603.64,100907.87,direct,
2018-10-20,1539993600,0.07543,0.07918,0.07428,0.07693,2136870.47,162160.06,direct,
2018-10-21,1540080000,0.07693,0.07921,0.07553,0.07588,902338.32,68955.83,direct,
2018-10-22,1540166400,0.07588,0.07847,0.07417,0.07591,923724.06,69382.16,direct,
2018-10-23,1540252800,0.07579,0.0776,0.0705,0.07412,2026515.11,148949.85,direct,
2018-10-24,1540339200,0.07412,0.07686,0.07354,0.07377,1473582.61,109567.56,direct,
2018-10-25,1540425600,0.07377,0.07621,0.07296,0.07382,1309021.54,96200.49,direct,
2018-10-26,1540512000,0.07382,0.07596,0.07205,0.07399,1146253.83,84186.01,direct,
2018-10-27,1540598400,0.07399,0.07596,0.07287,0.07444,702484.7,51545.75,direct,
2018-10-28,1540684800,0.07444,0.07559,0.07249,0.07335,572957.29,41819.26,direct,
2018-10-29,1540771200,0.07335,0.07475,0.06847,0.06984,3904025.71,274167.49,direct,
2018-10-30,1540857600,0.06984,0.07675,0.06883,0.06986,1796801.53,127104.39,direct,
2018-10-31,1540944000,0.06986,0.07194,0.06783,0.06998,1685158.91,116289.98,direct,
2018-11-01,1541030400,0.06998,0.07216,0.0693,0.07172,788949.09,55502.78,direct,
2018-11-02,1541116800,0.07172,0.0739,0.07055,0.07307,1686082.55,120672.24,direct,
2018-11-03,1541203200,0.07307,0.07396,0.07044,0.07273,1419393.49,100979.01,direct,
2018-11-04,1541289600,0.07273,0.07793,0.07117,0.07775,6430315.64,487929.39,direct,
2018-11-05,1541376000,0.07775,0.07866,0.07466,0.07634,2518165.76,192122.84,direct,
2018-11-06,1541462400,0.07634,0.08108,0.07634,0.08078,4298145.77,338248.21,direct,
2018-11-07,1541548800,0.08078,0.08163,0.07719,0.07862,3632011.49,287187.13,direct,
2018-11-08,1541635200,0.07862,0.07923,0.07608,0.07627,3840106.3,295978.4,direct,
2018-11-09,1541721600,0.07627,0.07842,0.07329,0.07414,2600452.64,195807.62,direct,
2018-11-10,1541808000,0.07414,0.07841,0.07347,0.07506,1538389.69,116160.29,direct,
2018-11-11,1541894400,0.07506,0.07812,0.07417,0.07643,3654677.5,276428.38,direct,
2018-11-12,1541980800,0.07643,0.07816,0.07415,0.07611,1260845.27,95919.42,direct,
2018-11-13,1542067200,0.07611,0.07791,0.07256,0.07351,3507910.56,261332.66,direct,
2018-11-14,1542153600,0.07351,0.07657,0.05895,0.06327,13347328.14,881031.11,direct,
2018-11-15,1542240000,0.06327,0.06623,0.05592,0.06278,7373904.51,444557.82,direct,
2018-11-16,1542326400,0.06278,0.06589,0.05921,0.06069,2526539.61,155187.6,direct,
2018-11-17,1542412800,0.06069,0.06322,0.0587,0.0628,2274274.67,136301.1,direct,
2018-11-18,1542499200,0.0628,0.06519,0.06024,0.06318,2443608.19,149771.87,direct,
2018-11-19,1542585600,0.06318,0.06948,0.05156,0.05526,9635966.28,543026.23,direct,
2018-11-20,1542672000,0.05526,0.06014,0.04206,0.0445,13373841.4,638243.62,direct,
2018-11-21,1542758400,0.04481,0.04948,0.04331,0.04784,5516436.87,252386.12,direct,
2018-11-22,1542844800,0.04784,0.05083,0.04419,0.04419,3500876.28,160880.13,direct,
2018-11-23,1542931200,0.04419,0.04594,0.04102,0.04342,4136619.99,175179.6,direct,
2018-11-24,1543017600,0.04342,0.04559,0.03345,0.03784,7884025.11,314472.41,direct,
2018-11-25,1543104000,0.03594,0.03831,0.02801,0.03732,14159469.37,492144.98,direct,
2018-11-26,1543190400,0.03732,0.03896,0.03225,0.03498,13412597.01,467808.27,direct,
2018-11-27,1543276800,0.03498,0.03667,0.0312,0.03619,5700247.24,197429.48,direct,
2018-11-28,1543363200,0.03619,0.04787,0.03619,0.04181,13998386.11,573006.41,direct,
2018-11-29,1543449600,0.04181,0.04495,0.03929,0.04143,8847366.07,367421.29,direct,
2018-11-30,1543536000,0.04143,0.04286,0.03712,0.03888,4575227.81,176985.38,direct,
2018-12-01,1543622400,0.03888,0.04464,0.03782,0.04102,6845102.03,281376.99,direct,
2018-12-02,1543708800,0.04102,0.04404,0.03991,0.04102,3512732.68,146190.22,direct,
2018-12-03,1543795200,0.04102,0.04198,0.03741,0.03815,4290302.68,168797.1,direct,
2018-12-04,1543881600,0.03815,0.04354,0.03564,0.03717,9581603.85,367128.09,direct,
2018-12-05,1543968000,0.03717,0.03856,0.03353,0.0339,8345217.97,294381.26,direct,
2018-12-06,1544054400,0.0339,0.03744,0.03041,0.03049,8087181.15,271580.19,direct,
2018-12-07,1544140800,0.03049,0.03399,0.02609,0.02941,19171893.91,561377.87,direct,
2018-12-08,1544227200,0.02941,0.03165,0.0285,0.03054,5404928.58,165154.84,direct,
2018-12-09,1544313600,0.03054,0.03333,0.02966,0.03158,2392116.36,74319.3,direct,
2018-12-10,1544400000,0.03158,0.03207,0.02902,0.02983,5158363.73,154271.85,direct,
2018-12-11,1544486400,0.02983,0.03091,0.02841,0.02913,4532940.82,132078.49,direct,
2018-12-12,1544572800,0.02913,0.03179,0.02852,0.03043,2747179.26,83308.4,direct,
2018-12-13,1544659200,0.03043,0.03185,0.02841,0.02886,4612703.65,135841.57,direct,
2018-12-14,1544745600,0.02886,0.0303,0.02733,0.02916,5132292.29,145760.44,direct,
2018-12-15,1544832000,0.02916,0.02944,0.02742,0.02781,3636322.38,101541.47,direct,
2018-12-16,1544918400,0.02781,0.03074,0.02761,0.02889,4600420.6,132700.13,direct,
2018-12-17,1545004800,0.02889,0.03448,0.02846,0.03267,11723445.44,373130.75,direct,
2018-12-18,1545091200,0.03267,0.03519,0.03135,0.03462,8153977.02,268580.01,direct,
2018-12-19,1545177600,0.03462,0.03894,0.03395,0.03399,13776255.99,494059.43,direct,
2018-12-20,1545264000,0.03399,0.03996,0.03377,0.03815,11512369.99,425854.4,direct,
2018-12-21,1545350400,0.03815,0.04494,0.03806,0.04033,16352722.19,681193.0,direct,
2018-12-22,1545436800,0.04033,0.04215,0.03813,0.04198,5010252.77,201945.06,direct,
2018-12-23,1545523200,0.04198,0.0448,0.04146,0.04446,8781084.56,377977.0,direct,
2018-12-24,1545609600,0.04446,0.04957,0.04439,0.04529,11011998.67,514355.25,direct,
2018-12-25,1545696000,0.04529,0.04558,0.03873,0.04138,8152667.83,333739.5,direct,
2018-12-26,1545782400,0.04138,0.04411,0.03864,0.04091,4964611.0,202972.96,direct,
2018-12-27,1545868800,0.04091,0.04174,0.03575,0.03661,9010218.78,337237.2,direct,
2018-12-28,1545955200,0.03661,0.04301,0.03603,0.0415,6591459.5,264671.27,direct,
2018-12-29,1546041600,0.0415,0.04462,0.04021,0.04077,10743401.09,454702.35,direct,
2018-12-30,1546128000,0.04077,0.04423,0.03962,0.04325,4496607.84,186938.94,direct,
2018-12-31,1546214400,0.04325,0.04452,0.03956,0.04082,5701417.66,233711.75,direct,
2019-01-01,1546300800,0.04082,0.04273,0.0397,0.04245,6166718.05,253788.52,direct,
2019-01-02,1546387200,0.04245,0.04695,0.0418,0.04539,5743195.12,251561.33,direct,
2019-01-03,1546473600,0.04539,0.04539,0.04209,0.04234,4093072.38,176764.35,direct,
2019-01-04,1546560000,0.04234,0.0449,0.04162,0.04389,2806659.18,121322.1,direct,
2019-01-05,1546646400,0.04389,0.04625,0.04236,0.04456,6237421.52,276709.82,direct,
2019-01-06,1546732800,0.04456,0.04995,0.04448,0.04929,8174160.65,385540.99,direct,
2019-01-07,1546819200,0.04929,0.05117,0.04728,0.04728,6911503.44,341846.46,direct,
2019-01-08,1546905600,0.04728,0.06757,0.04647,0.04813,11418343.83,569574.96,direct,
2019-01-09,1546992000,0.04813,0.05315,0.04813,0.05195,11022346.57,568388.38,direct,
2019-01-10,1547078400,0.05195,0.06305,0.04172,0.04412,29842796.37,1424960.11,direct,
2019-01-11,1547164800,0.04412,0.04603,0.0421,0.04352,9282547.74,406404.09,direct,
2019-01-12,1547251200,0.04352,0.04526,0.04224,0.04338,8774232.97,377667.57,direct,
2019-01-13,1547337600,0.04338,0.04464,0.03917,0.03971,6470372.09,265248.61,direct,
2019-01-14,1547424000,0.03971,0.04468,0.03971,0.04399,8862426.4,377006.11,direct,
2019-01-15,1547510400,0.04399,0.04472,0.04139,0.04214,4555731.65,195317.78,direct,
2019-01-16,1547596800,0.04214,0.04579,0.04206,0.04433,6916407.58,304354.88,direct,
2019-01-17,1547683200,0.04433,0.04665,0.04344,0.04517,6013639.99,269795.91,direct,
2019-01-18,1547769600,0.04517,0.04623,0.0432,0.04408,2475955.33,109062.87,direct,
2019-01-19,1547856000,0.04408,0.04738,0.04337,0.04555,3493449.86,159256.11,direct,
2019-01-20,1547942400,0.04555,0.04745,0.04179,0.04305,10383812.41,453573.0,direct,
2019-01-21,1548028800,0.04305,0.04551,0.0421,0.04266,7384878.83,318417.87,direct,
2019-01-22,1548115200,0.04266,0.04487,0.04133,0.04332,8615165.12,370470.94,direct,
2019-01-23,1548201600,0.04332,0.04479,0.04225,0.04319,3762913.39,162841.16,direct,
2019-01-24,1548288000,0.04319,0.04459,0.04207,0.04311,2211455.44,94417.96,direct,
2019-01-25,1548374400,0.04311,0.04478,0.04208,0.04364,2852654.97,122036.33,direct,
2019-01-26,1548460800,0.04364,0.04431,0.0421,0.04279,1940245.83,83599.85,direct,
2019-01-27,1548547200,0.04279,0.04403,0.0401,0.04041,2893098.33,119328.37,direct,
2019-01-28,1548633600,0.04041,0.04123,0.03674,0.03852,4868731.46,187283.6,direct,
2019-01-29,1548720000,0.03852,0.03928,0.03657,0.03795,3723327.44,142436.3,direct,
2019-01-30,1548806400,0.03795,0.0402,0.03731,0.03995,4272176.78,168584.08,direct,
2019-01-31,1548892800,0.03995,0.04051,0.03742,0.0383,2030492.27,78991.66,direct,
2019-02-01,1548979200,0.0383,0.0395,0.03667,0.03856,2907785.27,109810.59,direct,
2019-02-02,1549065600,0.03856,0.03948,0.03714,0.03885,1617010.36,61893.24,direct,
2019-02-03,1549152000,0.03885,0.03967,0.03716,0.03793,2096460.4,79807.77,direct,
2019-02-04,1549238400,0.03793,0.03893,0.03717,0.03763,977354.13,36950.32,direct,
2019-02-05,1549324800,0.03763,0.04002,0.03703,0.0382,1638693.52,61744.69,direct,
2019-02-06,1549411200,0.0382,0.0382,0.03538,0.03637,5931215.29,214414.87,direct,
2019-02-07,1549497600,0.03637,0.03844,0.036,0.03704,1776770.73,65504.52,direct,
2019-02-08,1549584000,0.03704,0.04168,0.03529,0.04058,4916197.23,194603.69,direct,
2019-02-09,1549670400,0.04058,0.04241,0.04001,0.04091,7364771.59,304264.37,direct,
2019-02-10,1549756800,0.04091,0.04283,0.03917,0.04264,6872391.19,283060.57,direct,
2019-02-11,1549843200,0.04264,0.04264,0.04087,0.0423,4701330.5,194355.95,direct,
2019-02-12,1549929600,0.0423,0.0423,0.04015,0.04149,4381440.58,179284.7,direct,
2019-02-13,1550016000,0.04149,0.04257,0.04002,0.0401,1905879.29,78278.03,direct,
2019-02-14,1550102400,0.0401,0.04186,0.0397,0.04056,786827.88,31862.21,direct,
2019-02-15,1550188800,0.04056,0.04184,0.03983,0.04038,1655193.11,67062.22,direct,
2019-02-16,1550275200,0.04038,0.04245,0.0402,0.04069,1790846.96,73277.77,direct,
2019-02-17,1550361600,0.04069,0.04218,0.04023,0.0413,2173984.41,88773.76,direct,
2019-02-18,1550448000,0.0413,0.04825,0.04107,0.04519,15381409.67,679452.12,direct,
2019-02-19,1550534400,0.04519,0.04816,0.04515,0.04586,7600291.72,356694.45,direct,
2019-02-20,1550620800,0.04586,0.0479,0.04462,0.04731,2301969.85,106509.26,direct,
2019-02-21,1550707200,0.04731,0.0477,0.04414,0.04467,5939770.92,269992.87,direct,
2019-02-22,1550793600,0.04467,0.04663,0.04436,0.04563,2644717.25,120107.62,direct,
2019-02-23,1550880000,0.04563,0.04898,0.04528,0.04827,6384501.6,302537.97,direct,
2019-02-24,1550966400,0.04827,0.0505,0.04138,0.04155,17354265.35,795971.97,direct,
2019-02-25,1551052800,0.04155,0.04466,0.04152,0.0435,4330828.16,187793.58,direct,
2019-02-26,1551139200,0.0435,0.0444,0.04177,0.04288,2672949.77,114137.58,direct,
2019-02-27,1551225600,0.04288,0.04413,0.04146,0.04287,2847935.06,121475.25,direct,
2019-02-28,1551312000,0.04287,0.04461,0.04257,0.04295,1262205.69,54371.6,direct,
2019-03-01,1551398400,0.04295,0.04468,0.04264,0.04283,3878796.4,167365.93,direct,
2019-03-02,1551484800,0.04283,0.04454,0.04202,0.04358,1534682.04,65230.15,direct,
2019-03-03,1551571200,0.04358,0.04439,0.04178,0.04228,878848.13,37233.48,direct,
2019-03-04,1551657600,0.04228,0.04364,0.03944,0.04035,5022421.62,202626.13,direct,
2019-03-05,1551744000,0.04035,0.04371,0.03983,0.0427,3263795.73,137347.0,direct,
2019-03-06,1551830400,0.0427,0.0436,0.04185,0.04344,2184285.2,92750.7,direct,
2019-03-07,1551916800,0.04344,0.04391,0.04204,0.04259,2116320.24,90545.57,direct,
2019-03-08,1552003200,0.04259,0.04404,0.04203,0.04245,2019105.56,86315.96,direct,
2019-03-09,1552089600,0.04245,0.04689,0.04236,0.04644,6195672.33,280619.02,direct,
2019-03-10,1552176000,0.04644,0.04648,0.04415,0.04534,4384893.6,197582.64,direct,
2019-03-11,1552262400,0.04534,0.0483,0.04458,0.04755,4831371.59,225847.93,direct,
2019-03-12,1552348800,0.04755,0.04846,0.04474,0.04717,7385941.64,345295.97,direct,
2019-03-13,1552435200,0.04717,0.04876,0.0457,0.04624,3952530.34,184508.03,direct,
2019-03-14,1552521600,0.04624,0.04856,0.04583,0.04738,3155601.69,147942.89,direct,
2019-03-15,1552608000,0.04738,0.05067,0.04736,0.04972,8281040.75,407985.02,direct,
2019-03-16,1552694400,0.04972,0.05143,0.04902,0.05122,7354025.48,371689.21,direct,
2019-03-17,1552780800,0.05122,0.05138,0.04929,0.04974,5001464.55,251621.84,direct,
2019-03-18,1552867200,0.04974,0.05121,0.04891,0.0499,4638507.2,231146.56,direct,
2019-03-19,1552953600,0.0499,0.0532,0.0491,0.05199,7221608.69,368355.5,direct,
2019-03-20,1553040000,0.05199,0.05363,0.05098,0.05341,6348361.35,333864.62,direct,
2019-03-21,1553126400,0.05341,0.05447,0.04998,0.05238,10037445.26,521188.18,direct,
2019-03-22,1553212800,0.05238,0.05855,0.05175,0.05774,14417943.26,813290.41,direct,
2019-03-23,1553299200,0.05774,0.06413,0.0567,0.06328,14336265.5,870124.55,direct,
2019-03-24,1553385600,0.06328,0.07048,0.0588,0.0612,16082847.47,989512.78,direct,
2019-03-25,1553472000,0.0612,0.06133,0.05605,0.05864,13917758.92,813238.19,direct,
2019-03-26,1553558400,0.05864,0.0617,0.05784,0.06162,9310515.44,558887.17,direct,
2019-03-27,1553644800,0.06162,0.06758,0.06045,0.06683,12863047.59,838480.63,direct,
2019-03-28,1553731200,0.06683,0.06683,0.06359,0.06523,7259031.04,473731.52,direct,
2019-03-29,1553817600,0.06523,0.07266,0.06522,0.07134,14587222.2,1014687.12,direct,
2019-03-30,1553904000,0.07134,0.07267,0.06847,0.07167,10364903.22,733313.25,direct,
2019-03-31,1553990400,0.07167,0.07208,0.06925,0.06993,2777296.32,195480.18,direct,
2019-04-01,1554076800,0.06993,0.07264,0.06859,0.07167,8355054.29,586997.84,direct,
2019-04-02,1554163200,0.07167,0.08596,0.07034,0.08596,28173094.31,2241160.57,direct,
2019-04-03,1554249600,0.08596,0.1016,0.06139,0.09104,43633789.6,3988588.62,direct,
2019-04-04,1554336000,0.09104,0.09455,0.08151,0.08761,19722048.42,1725388.44,direct,
2019-04-05,1554422400,0.08761,0.09236,0.08727,0.09093,9311084.72,839936.98,direct,
2019-04-06,1554508800,0.09093,0.09395,0.08738,0.08991,6950479.92,632273.57,direct,
2019-04-07,1554595200,0.08991,0.09131,0.08823,0.08985,6900808.46,619846.27,direct,
2019-04-08,1554681600,0.08985,0.0917,0.08346,0.08706,10496210.95,917512.66,direct,
2019-04-09,1554768000,0.08706,0.08706,0.08114,0.08372,6457966.2,543608.14,direct,
2019-04-10,1554854400,0.08372,0.09258,0.08348,0.08959,11467543.35,1030062.08,direct,
2019-04-11,1554940800,0.08959,0.09026,0.07692,0.08313,12868327.27,1070035.04,direct,
2019-04-12,1555027200,0.08313,0.08533,0.08007,0.08395,6400503.17,530369.91,direct,
2019-04-13,1555113600,0.08395,0.08547,0.08233,0.08351,4394974.19,367439.01,direct,
2019-04-14,1555200000,0.08351,0.08526,0.08115,0.08453,2400538.85,199160.19,direct,
2019-04-15,1555286400,0.08453,0.08541,0.08027,0.08251,7538222.71,625844.63,direct,
2019-04-16,1555372800,0.08251,0.08383,0.08005,0.08341,5543867.58,454760.87,direct,
2019-04-17,1555459200,0.08341,0.08444,0.08181,0.08283,6058032.11,502144.53,direct,
2019-04-18,1555545600,0.08283,0.08394,0.08114,0.08164,3745598.0,309954.16,direct,
2019-04-19,1555632000,0.08164,0.08179,0.07771,0.07925,9337702.63,738976.25,direct,
2019-04-20,1555718400,0.07925,0.07937,0.07502,0.07619,12800648.27,993964.09,direct,
2019-04-21,1555804800,0.07619,0.07761,0.07139,0.07401,8072377.26,595158.18,direct,
2019-04-22,1555891200,0.07401,0.07959,0.07212,0.07802,8353969.86,641348.77,direct,
2019-04-23,1555977600,0.07802,0.08002,0.07394,0.07413,6456006.91,500212.83,direct,
2019-04-24,1556064000,0.07413,0.07564,0.0684,0.0724,13682511.47,980420.69,direct,
2019-04-25,1556150400,0.0724,0.07593,0.06707,0.06843,15102949.43,1064019.37,direct,
2019-04-26,1556236800,0.06843,0.0693,0.06541,0.06803,10146048.68,681923.47,direct,
2019-04-27,1556323200,0.06803,0.07156,0.06707,0.06947,3508548.34,242894.26,direct,
2019-04-28,1556409600,0.06931,0.07228,0.06659,0.06739,1856586.54,126869.22,direct,
2019-04-29,1556496000,0.06739,0.06967,0.06328,0.06362,5272756.28,343714.69,direct,
2019-04-30,1556582400,0.06362,0.06959,0.06362,0.06953,5512595.44,368277.77,direct,
2019-05-01,1556668800,0.06953,0.07017,0.06624,0.06811,6139209.08,418733.96,direct,
2019-05-02,1556755200,0.06811,0.06878,0.06704,0.06739,3941758.71,267855.42,direct,
2019-05-03,1556841600,0.06739,0.07343,0.06656,0.06882,13243434.96,921530.29,direct,
2019-05-04,1556928000,0.06882,0.07137,0.06531,0.06626,12480584.76,844915.77,direct,
2019-05-05,1557014400,0.06626,0.06721,0.06489,0.06556,4178453.12,275696.45,direct,
2019-05-06,1557100800,0.06556,0.06808,0.06294,0.06611,7637297.94,497359.88,direct,
2019-05-07,1557187200,0.06611,0.06833,0.06295,0.06313,8420188.64,554755.46,direct,
2019-05-08,1557273600,0.06313,0.06471,0.06186,0.06395,5357608.17,337544.84,direct,
2019-05-09,1557360000,0.06395,0.06486,0.06003,0.06132,8333907.01,514781.67,direct,
2019-05-10,1557446400,0.06132,0.06521,0.05896,0.06302,10855316.66,676645.78,direct,
2019-05-11,1557532800,0.06302,0.07922,0.063,0.07584,32242745.61,2333373.57,direct,
2019-05-12,1557619200,0.07584,0.07736,0.06801,0.0704,26176670.15,1878910.94,direct,
2019-05-13,1557705600,0.0704,0.07693,0.06972,0.07275,17124269.26,1272399.53,direct,
2019-05-14,1557792000,0.07275,0.08481,0.07275,0.08481,25356202.2,1999605.76,direct,
2019-05-15,1557878400,0.08481,0.09563,0.08304,0.09408,28803553.2,2538036.22,direct,
2019-05-16,1557964800,0.09408,0.1004,0.08333,0.08765,34667804.34,3179980.98,direct,
2019-05-17,1558051200,0.08765,0.08995,0.07386,0.08325,41369048.4,3297380.45,direct,
2019-05-18,1558137600,0.08325,0.08467,0.07743,0.07835,11433447.52,938694.39,direct,
2019-05-19,1558224000,0.07835,0.08833,0.07746,0.08693,16491623.78,1404638.17,direct,
2019-05-20,1558310400,0.08693,0.08732,0.07927,0.0846,14014051.02,1170441.7,direct,
2019-05-21,1558396800,0.0846,0.08651,0.08213,0.08453,7915068.26,670119.61,direct,
2019-05-22,1558483200,0.08453,0.08563,0.07709,0.07737,14418814.6,1165296.43,direct,
2019-05-23,1558569600,0.07737,0.08068,0.07398,0.08068,7811056.53,604481.09,direct,
2019-05-24,1558656000,0.08068,0.08396,0.0784,0.08098,12609984.84,1036663.56,direct,
2019-05-25,1558742400,0.08098,0.08238,0.07899,0.07998,3617705.54,291910.82,direct,
2019-05-26,1558828800,0.07998,0.0879,0.07845,0.0861,10527356.12,888245.56,direct,
2019-05-27,1558915200,0.0861,0.0936,0.08425,0.09103,12459762.19,1100101.8,direct,
2019-05-28,1559001600,0.09103,0.09293,0.08575,0.09291,12350708.36,1104125.35,direct,
2019-05-29,1559088000,0.09291,0.09393,0.08578,0.09076,14683691.04,1331198.85,direct,
2019-05-30,1559174400,0.09076,0.09817,0.0798,0.08402,30952454.12,2794919.92,direct,
2019-05-31,1559260800,0.08402,0.08977,0.08137,0.08911,15149031.75,1294799.98,direct,
2019-06-01,1559347200,0.08911,0.09248,0.08571,0.09009,9670545.71,865228.92,direct,
2019-06-02,1559433600,0.09009,0.09761,0.09009,0.0964,15805994.61,1485377.18,direct,
2019-06-03,1559520000,0.0964,0.09786,0.08725,0.08772,17721930.88,1643932.66,direct,
2019-06-04,1559606400,0.08772,0.08778,0.07896,0.08223,28284067.78,2354150.45,direct,
2019-06-05,1559692800,0.08223,0.08437,0.0796,0.08281,10327867.55,854080.56,direct,
2019-06-06,1559779200,0.08281,0.08386,0.07818,0.08297,6585082.85,535246.85,direct,
2019-06-07,1559865600,0.08297,0.08729,0.08223,0.08542,8649811.02,735551.34,direct,
2019-06-08,1559952000,0.08542,0.08615,0.08191,0.08385,3156555.99,264751.01,direct,
2019-06-09,1560038400,0.08385,0.08421,0.07733,0.0791,12618364.99,1002904.28,direct,
2019-06-10,1560124800,0.0791,0.0856,0.07796,0.08552,8810274.9,730133.42,direct,
2019-06-11,1560211200,0.08552,0.08932,0.08249,0.08806,10959349.24,945081.22,direct,
2019-06-12,1560297600,0.08806,0.09657,0.08595,0.09646,21021113.62,1938086.15,direct,
2019-06-13,1560384000,0.09646,0.0969,0.0885,0.08946,13223052.89,1225104.41,direct,
2019-06-14,1560470400,0.08946,0.0908,0.08574,0.09047,16779442.58,1477434.18,direct,
2019-06-15,1560556800,0.09047,0.09284,0.09034,0.09143,7304530.69,667700.49,direct,
2019-06-16,1560643200,0.09143,0.09426,0.09029,0.09208,14547020.31,1340429.75,direct,
2019-06-17,1560729600,0.09208,0.09387,0.09156,0.09337,8329521.6,773423.99,direct,
2019-06-18,1560816000,0.09337,0.09353,0.08809,0.08875,9399973.66,846736.59,direct,
2019-06-19,1560902400,0.08875,0.09142,0.08859,0.08972,4006623.97,359437.14,direct,
2019-06-20,1560988800,0.08972,0.09028,0.08532,0.08742,10876212.75,955193.89,direct,
2019-06-21,1561075200,0.08742,0.09109,0.08742,0.08965,8802596.16,788210.87,direct,
2019-06-22,1561161600,0.08965,0.09735,0.08923,0.09381,26365913.81,2459248.7,direct,
2019-06-23,1561248000,0.09381,0.1022,0.09051,0.0959,24004303.01,2344687.71,direct,
2019-06-24,1561334400,0.0959,0.09884,0.09352,0.09756,10536214.47,1013145.01,direct,
2019-06-25,1561420800,0.09756,0.09815,0.09342,0.09576,11821074.65,1128560.87,direct,
2019-06-26,1561507200,0.09576,0.1063,0.08911,0.09607,39986804.71,3978933.74,direct,
2019-06-27,1561593600,0.09607,0.09823,0.08229,0.08498,36474438.02,3180856.82,direct,
2019-06-28,1561680000,0.08498,0.08923,0.08336,0.08854,18984104.87,1637404.13,direct,
2019-06-29,1561766400,0.08854,0.09031,0.08359,0.08947,13992958.27,1214210.97,direct,
2019-06-30,1561852800,0.08947,0.09031,0.08101,0.08199,13331076.56,1144950.02,direct,
2019-07-01,1561939200,0.08199,0.08537,0.07962,0.0831,10596337.3,871653.24,direct,
2019-07-02,1562025600,0.0831,0.08382,0.07624,0.08054,16742748.86,1326001.04,direct,
2019-07-03,1562112000,0.08054,0.08338,0.07976,0.0827,10394307.19,850238.32,direct,
2019-07-04,1562198400,0.0827,0.08278,0.07734,0.07749,8059821.14,641848.25,direct,
2019-07-05,1562284800,0.07749,0.07795,0.0756,0.0765,5654395.51,434956.66,direct,
2019-07-06,1562371200,0.0765,0.08074,0.0765,0.07729,3593520.52,280724.67,direct,
2019-07-07,1562457600,0.07729,0.0806,0.07676,0.08014,5104016.71,403578.12,direct,
2019-07-08,1562544000,0.08014,0.08242,0.07896,0.08023,12190360.73,982439.79,direct,
2019-07-09,1562630400,0.08023,0.08084,0.07708,0.07814,12378709.78,977347.93,direct,
2019-07-10,1562716800,0.07814,0.07838,0.06933,0.07158,19863501.04,1445733.83,direct,
2019-07-11,1562803200,0.07158,0.07158,0.0626,0.0649,17491966.2,1139892.72,direct,
2019-07-12,1562889600,0.0649,0.07071,0.06342,0.06959,7723426.88,527240.75,direct,
2019-07-13,1562976000,0.06959,0.0709,0.06407,0.06667,6624178.67,443055.4,direct,
2019-07-14,1563062400,0.06667,0.06732,0.05916,0.05918,10573588.89,656170.33,direct,
2019-07-15,1563148800,0.05918,0.06033,0.05464,0.05922,11474876.33,669107.08,direct,
2019-07-16,1563235200,0.05922,0.06079,0.05017,0.05187,18604258.26,1034351.41,direct,
2019-07-17,1563321600,0.05187,0.05784,0.05012,0.05514,13953043.78,750833.05,direct,
2019-07-18,1563408000,0.05514,0.05968,0.05336,0.05871,10118782.96,576795.74,direct,
2019-07-19,1563494400,0.05871,0.06077,0.05615,0.05996,5981892.72,347829.14,direct,
2019-07-20,1563580800,0.05996,0.06521,0.05969,0.06282,9145176.61,572257.67,direct,
2019-07-21,1563667200,0.06282,0.06399,0.05937,0.06113,6875490.67,421554.72,direct,
2019-07-22,1563753600,0.06113,0.06256,0.05818,0.05959,5892762.85,352707.48,direct,
2019-07-23,1563840000,0.05959,0.05998,0.05524,0.0558,6585441.94,373976.06,direct,
2019-07-24,1563926400,0.0558,0.05906,0.054,0.05885,5419866.25,305833.81,direct,
2019-07-25,1564012800,0.05885,0.06072,0.05834,0.05889,3588027.07,214072.88,direct,
2019-07-26,1564099200,0.05889,0.06289,0.05693,0.06283,8157967.5,495163.39,direct,
2019-07-27,1564185600,0.06283,0.06379,0.05721,0.05983,8389858.43,503341.1,direct,
2019-07-28,1564272000,0.05983,0.0613,0.05694,0.05955,3503694.41,205023.89,direct,
2019-07-29,1564358400,0.05955,0.06229,0.05803,0.06033,4780372.51,289682.57,direct,
2019-07-30,1564444800,0.06033,0.06161,0.05888,0.06048,3776806.36,227928.63,direct,
2019-07-31,1564531200,0.06048,0.0615,0.05923,0.06009,7108243.04,424314.45,direct,
2019-08-01,1564617600,0.06009,0.0602,0.05794,0.05881,2209887.76,129817.43,direct,
2019-08-02,1564704000,0.05881,0.05989,0.05618,0.05762,5392988.56,311175.64,direct,
2019-08-03,1564790400,0.05762,0.05833,0.05698,0.0577,2613847.81,150620.71,direct,
2019-08-04,1564876800,0.0577,0.0581,0.05602,0.05633,2113578.33,120035.18,direct,
2019-08-05,1564963200,0.05633,0.05815,0.05618,0.05642,5154210.74,295065.18,direct,
2019-08-06,1565049600,0.05642,0.05647,0.05278,0.05345,6969111.07,380422.12,direct,
2019-08-07,1565136000,0.05345,0.05421,0.0514,0.05194,4075197.45,213101.88,direct,
2019-08-08,1565222400,0.05194,0.05306,0.05051,0.05214,5551539.71,287637.66,direct,
2019-08-09,1565308800,0.05214,0.05215,0.04735,0.04765,8616547.03,421999.98,direct,
2019-08-10,1565395200,0.04765,0.05366,0.04763,0.05189,11983666.06,611671.84,direct,
2019-08-11,1565481600,0.05189,0.0559,0.05171,0.05506,6456783.21,347835.57,direct,
2019-08-12,1565568000,0.05506,0.05506,0.05261,0.05302,3109482.05,166239.55,direct,
2019-08-13,1565654400,0.05302,0.0531,0.04983,0.0526,5768228.81,296437.36,direct,
2019-08-14,1565740800,0.0526,0.05344,0.04667,0.04704,8383864.39,421820.23,direct,
2019-08-15,1565827200,0.04704,0.04814,0.04463,0.04749,8920843.27,413676.76,direct,
2019-08-16,1565913600,0.04749,0.04769,0.0446,0.04675,7448244.33,340751.22,direct,
2019-08-17,1566000000,0.04675,0.04933,0.04636,0.04762,3383571.37,159325.87,direct,
2019-08-18,1566086400,0.04762,0.05143,0.04704,0.0507,4310611.99,212606.85,direct,
2019-08-19,1566172800,0.0507,0.0515,0.04941,0.05022,2765574.92,139170.96,direct,
2019-08-20,1566259200,0.05022,0.0503,0.04873,0.04926,2491090.04,123098.56,direct,
2019-08-21,1566345600,0.04926,0.05942,0.04599,0.04727,4959623.98,234099.08,direct,
2019-08-22,1566432000,0.04727,0.05138,0.04668,0.04944,4561842.23,223843.67,direct,
2019-08-23,1566518400,0.04944,0.05131,0.04921,0.05001,3590459.11,179049.75,direct,
2019-08-24,1566604800,0.05001,0.05145,0.04832,0.0503,5003365.14,248151.7,direct,
2019-08-25,1566691200,0.0503,0.05346,0.04879,0.04979,4845309.2,245845.63,direct,
2019-08-26,1566777600,0.04979,0.05106,0.04886,0.0498,4182588.9,209626.52,direct,
2019-08-27,1566864000,0.0498,0.05037,0.04828,0.05003,2274277.02,111887.87,direct,
2019-08-28,1566950400,0.05003,0.05064,0.04534,0.04603,6764575.6,320149.86,direct,
2019-08-29,1567036800,0.04603,0.04604,0.04353,0.04476,11865049.24,523832.29,direct,
2019-08-30,1567123200,0.04476,0.04697,0.04418,0.04522,2434276.16,110365.53,direct,
2019-08-31,1567209600,0.04522,0.04681,0.04413,0.04531,3246583.89,146464.31,direct,
2019-09-01,1567296000,0.04531,0.04646,0.04386,0.04498,3843934.2,172873.0,direct,
2019-09-02,1567382400,0.04498,0.04626,0.04359,0.04565,3957773.82,177912.3,direct,
2019-09-03,1567468800,0.04565,0.04748,0.04479,0.04693,5161526.54,238013.13,direct,
2019-09-04,1567555200,0.04693,0.04695,0.04528,0.04555,4027907.45,184261.97,direct,
2019-09-05,1567641600,0.04555,0.0457,0.04408,0.0445,3514416.86,157066.12,direct,
2019-09-06,1567728000,0.0445,0.04498,0.04361,0.04449,7288044.12,323138.31,direct,
2019-09-07,1567814400,0.04449,0.04661,0.04381,0.04636,4437651.67,201416.73,direct,
2019-09-08,1567900800,0.04636,0.04815,0.04615,0.04677,4086273.37,192089.72,direct,
2019-09-09,1567987200,0.04677,0.04759,0.04554,0.04699,4391905.5,204503.73,direct,
2019-09-10,1568073600,0.04699,0.04927,0.04578,0.04671,5490350.09,257175.18,direct,
2019-09-11,1568160000,0.04671,0.0473,0.04466,0.04497,3749271.74,171113.57,direct,
2019-09-12,1568246400,0.04497,0.04646,0.04461,0.04564,3488993.68,158066.95,direct,
2019-09-13,1568332800,0.04564,0.04632,0.04506,0.04608,4678497.85,212761.13,direct,
2019-09-14,1568419200,0.04608,0.04729,0.04507,0.04657,3163078.9,146282.89,direct,
2019-09-15,1568505600,0.04657,0.04745,0.0462,0.04702,1339832.97,62643.27,direct,
2019-09-16,1568592000,0.04702,0.04814,0.04489,0.04724,6602104.05,308242.99,direct,
2019-09-17,1568678400,0.04724,0.05087,0.04714,0.04898,10449865.51,511749.15,direct,
2019-09-18,1568764800,0.04898,0.05558,0.04892,0.053,14598931.59,773589.8,direct,
2019-09-19,1568851200,0.053,0.05472,0.04964,0.05249,14269101.01,737833.1,direct,
2019-09-20,1568937600,0.05249,0.05277,0.05044,0.05254,4084478.1,210089.55,direct,
2019-09-21,1569024000,0.05254,0.05426,0.05128,0.05202,4162081.43,217180.52,direct,
2019-09-22,1569110400,0.05202,0.05202,0.0478,0.04909,7180098.39,353945.36,direct,
2019-09-23,1569196800,0.04909,0.04953,0.04614,0.04623,7519864.26,361719.38,direct,
2019-09-24,1569283200,0.04623,0.0475,0.03643,0.0376,20771854.28,856293.58,direct,
2019-09-25,1569369600,0.0376,0.0406,0.03604,0.03917,11296870.85,430393.18,direct,
2019-09-26,1569456000,0.03917,0.04014,0.03515,0.03792,13339879.72,503640.43,direct,
2019-09-27,1569542400,0.03792,0.04,0.03703,0.03943,5749975.41,220509.64,direct,
2019-09-28,1569628800,0.03943,0.04086,0.03827,0.03888,3827812.54,149539.95,direct,
2019-09-29,1569715200,0.03888,0.03975,0.03644,0.03856,6243289.47,233371.05,direct,
2019-09-30,1569801600,0.03856,0.04021,0.03631,0.03933,9518619.47,367211.17,direct,
2019-10-01,1569888000,0.03933,0.04039,0.03836,0.03896,4169755.99,163171.01,direct,
2019-10-02,1569974400,0.03896,0.04038,0.03821,0.03969,2443018.33,95514.05,direct,
2019-10-03,1570060800,0.03969,0.04035,0.03779,0.0385,4820914.86,187129.46,direct,
2019-10-04,1570147200,0.0385,0.04099,0.03779,0.03994,3688846.3,146172.4,direct,
2019-10-05,1570233600,0.03994,0.04106,0.03911,0.04047,2921369.58,115844.65,direct,
2019-10-06,1570320000,0.04047,0.04123,0.03843,0.03915,3197667.06,126214.45,direct,
2019-10-07,1570406400,0.03915,0.04215,0.03865,0.0417,10915671.5,444902.58,direct,
2019-10-08,1570492800,0.0417,0.04285,0.04048,0.0414,5191900.31,213603.29,direct,
2019-10-09,1570579200,0.0414,0.04356,0.04089,0.04274,5285746.86,224108.26,direct,
2019-10-10,1570665600,0.04274,0.04282,0.04079,0.04174,3803392.8,157720.95,direct,
2019-10-11,1570752000,0.04174,0.04245,0.04021,0.04025,3026986.06,124150.76,direct,
2019-10-12,1570838400,0.04025,0.04184,0.04023,0.04102,1995435.74,81267.62,direct,
2019-10-13,1570924800,0.04102,0.04276,0.04074,0.04153,2361157.55,97393.28,direct,
2019-10-14,1571011200,0.04153,0.04324,0.04118,0.04195,3884826.45,161840.18,direct,
2019-10-15,1571097600,0.04195,0.04294,0.0393,0.03978,5078526.51,205444.34,direct,
2019-10-16,1571184000,0.03978,0.04085,0.03775,0.03866,4564775.99,175576.39,direct,
2019-10-17,1571270400,0.03866,0.0404,0.03811,0.03969,4090453.59,159681.91,direct,
2019-10-18,1571356800,0.03969,0.04052,0.03764,0.03825,5009160.59,192264.74,direct,
2019-10-19,1571443200,0.03825,0.04067,0.03796,0.04017,6525004.83,251461.46,direct,
2019-10-20,1571529600,0.04017,0.04057,0.03838,0.04049,2257667.94,88259.7,direct,
2019-10-21,1571616000,0.04049,0.04067,0.03887,0.03975,2112680.94,83192.29,direct,
2019-10-22,1571702400,0.03975,0.04097,0.03883,0.03897,3351759.81,133163.06,direct,
2019-10-23,1571788800,0.03897,0.03988,0.03551,0.03652,8421983.11,316693.68,direct,
2019-10-24,1571875200,0.03652,0.03915,0.03623,0.03774,5453844.16,204871.64,direct,
2019-10-25,1571961600,0.03774,0.04201,0.03761,0.04132,10118826.1,407341.66,direct,
2019-10-26,1572048000,0.04132,0.04339,0.03935,0.04076,11980298.73,495531.45,direct,
2019-10-27,1572134400,0.04076,0.04341,0.03976,0.04224,5899235.59,247326.73,direct,
2019-10-28,1572220800,0.04224,0.04472,0.04202,0.04234,6750262.2,292120.38,direct,
2019-10-29,1572307200,0.04234,0.04391,0.04229,0.04333,2484175.1,106662.89,direct,
2019-10-30,1572393600,0.04333,0.04448,0.04122,0.04182,4980214.26,209565.75,direct,
2019-10-31,1572480000,0.04182,0.04231,0.04033,0.04146,3358874.38,138703.28,direct,
2019-11-01,1572566400,0.04146,0.04277,0.04118,0.04244,3333980.6,139871.21,direct,
2019-11-02,1572652800,0.04244,0.04319,0.042,0.04271,2441453.71,103805.63,direct,
2019-11-03,1572739200,0.04271,0.04303,0.04153,0.04224,973116.5,40984.76,direct,
2019-11-04,1572825600,0.04224,0.04355,0.04175,0.04328,1877124.98,80418.47,direct,
2019-11-05,1572912000,0.04328,0.0449,0.04317,0.04435,3882104.04,171495.78,direct,
2019-11-06,1572998400,0.04435,0.04601,0.04376,0.04493,2669608.84,119713.38,direct,
2019-11-07,1573084800,0.04493,0.04533,0.04273,0.04366,2879177.02,125236.22,direct,
2019-11-08,1573171200,0.04366,0.04436,0.04102,0.04225,5974695.5,251650.98,direct,
2019-11-09,1573257600,0.04225,0.04387,0.04216,0.04308,1119540.78,47944.58,direct,
2019-11-10,1573344000,0.04308,0.04465,0.04266,0.04396,16483786.48,723892.72,direct,
2019-11-11,1573430400,0.04396,0.04465,0.04239,0.04347,2126853.44,92442.26,direct,
2019-11-12,1573516800,0.04347,0.04518,0.04316,0.04395,3111735.96,136338.06,direct,
2019-11-13,1573603200,0.04395,0.04485,0.04062,0.04319,5159826.56,222683.92,direct,
2019-11-14,1573689600,0.04319,0.0444,0.04214,0.04365,3181763.86,136090.62,direct,
2019-11-15,1573776000,0.04365,0.04469,0.04208,0.04412,6550291.53,282567.4,direct,
2019-11-16,1573862400,0.04412,0.04555,0.04339,0.04423,4530489.44,199893.12,direct,
2019-11-17,1573948800,0.04423,0.04685,0.04346,0.04529,3702657.01,166037.62,direct,
2019-11-18,1574035200,0.04529,0.04678,0.04291,0.0434,5451631.61,242010.2,direct,
2019-11-19,1574121600,0.0434,0.04495,0.04124,0.04243,3723968.15,157386.19,direct,
2019-11-20,1574208000,0.04243,0.04409,0.04059,0.0412,3511674.55,146091.12,direct,
2019-11-21,1574294400,0.0412,0.04237,0.03748,0.03852,7498998.72,292095.37,direct,
2019-11-22,1574380800,0.03852,0.0399,0.03452,0.03722,15090671.92,551354.12,direct,
2019-11-23,1574467200,0.03722,0.03999,0.03663,0.03963,2128916.27,81117.55,direct,
2019-11-24,1574553600,0.03963,0.04086,0.03548,0.03551,2791586.83,102806.82,direct,
2019-11-25,1574640000,0.03551,0.03863,0.03332,0.03607,9916040.11,344493.94,direct,
2019-11-26,1574726400,0.03607,0.0386,0.03575,0.03821,3236813.4,118318.27,direct,
2019-11-27,1574812800,0.03821,0.04005,0.03558,0.0391,13355448.26,521006.11,direct,
2019-11-28,1574899200,0.0391,0.04112,0.0385,0.03947,3577803.53,140061.56,direct,
2019-11-29,1574985600,0.03947,0.04308,0.03938,0.04136,8877647.93,365415.92,direct,
2019-11-30,1575072000,0.04136,0.04299,0.04005,0.04085,4829896.44,197042.17,direct,
2019-12-01,1575158400,0.04085,0.04183,0.03859,0.04053,3300482.26,130930.54,direct,
2019-12-02,1575244800,0.04053,0.04124,0.0377,0.03898,3572053.19,136789.69,direct,
2019-12-03,1575331200,0.03898,0.04005,0.03795,0.03807,3988908.0,153335.99,direct,
2019-12-04,1575417600,0.03807,0.03973,0.03649,0.03758,6095007.5,228527.78,direct,
2019-12-05,1575504000,0.03758,0.03924,0.037,0.03815,2361778.32,89462.57,direct,
2019-12-06,1575590400,0.03815,0.03946,0.03748,0.03883,1452092.45,55456.3,direct,
2019-12-07,1575676800,0.03883,0.04029,0.03857,0.04001,4072012.99,157937.92,direct,
2019-12-08,1575763200,0.04001,0.0402,0.03847,0.03895,2605555.35,101279.47,direct,
2019-12-09,1575849600,0.03895,0.04011,0.03717,0.03859,4280293.57,164794.3,direct,
2019-12-10,1575936000,0.03859,0.03876,0.03649,0.03677,2443993.42,90801.38,direct,
2019-12-11,1576022400,0.03677,0.03832,0.03642,0.03713,2549042.79,93819.38,direct,
2019-12-12,1576108800,0.03713,0.03824,0.03624,0.03683,7031367.97,256747.13,direct,
2019-12-13,1576195200,0.03683,0.03882,0.03667,0.03744,3109686.45,115664.85,direct,
2019-12-14,1576281600,0.03744,0.03896,0.03602,0.03795,3662836.77,135057.09,direct,
2019-12-15,1576368000,0.03795,0.03844,0.03611,0.03735,1613722.94,59369.83,direct,
2019-12-16,1576454400,0.03735,0.0382,0.03365,0.03443,5840548.2,202107.49,direct,
2019-12-17,1576540800,0.03443,0.03602,0.0315,0.0318,5729509.88,187940.82,direct,
2019-12-18,1576627200,0.0318,0.0348,0.03062,0.03436,7019723.11,229233.45,direct,
2019-12-19,1576713600,0.03436,0.0358,0.03326,0.03339,2242953.53,76544.53,direct,
2019-12-20,1576800000,0.03339,0.03549,0.03306,0.03454,1329403.25,45199.69,direct,
2019-12-21,1576886400,0.03454,0.03554,0.03326,0.03338,2917043.41,97758.22,direct,
2019-12-22,1576972800,0.03338,0.03604,0.03338,0.03485,1745625.49,59815.43,direct,
2019-12-23,1577059200,0.03485,0.03591,0.03309,0.03437,3983910.66,135032.8,direct,
2019-12-24,1577145600,0.03437,0.03604,0.03299,0.03497,1979323.18,67578.49,direct,
2019-12-25,1577232000,0.03497,0.03569,0.03327,0.03396,1360098.73,46009.41,direct,
2019-12-26,1577318400,0.03396,0.03599,0.03371,0.03459,2120875.63,72723.79,direct,
2019-12-27,1577404800,0.03459,0.03602,0.03174,0.03294,9878084.61,324058.18,direct,
2019-12-28,1577491200,0.03294,0.03565,0.03292,0.03528,2358097.37,80429.88,direct,
2019-12-29,1577577600,0.03528,0.03573,0.03355,0.03539,3137553.9,106667.69,direct,
2019-12-30,1577664000,0.03539,0.03562,0.03345,0.034,2812757.06,95020.27,direct,
2019-12-31,1577750400,0.034,0.0349,0.03251,0.03277,8507625.13,280257.76,direct,
2020-01-01,1577836800,0.03277,0.03504,0.03268,0.03381,4920174.42,164456.62,direct,
2020-01-02,1577923200,0.03381,0.03491,0.03239,0.03437,6835733.12,226620.34,direct,
2020-01-03,1578009600,0.03437,0.03549,0.03262,0.03461,4630401.95,156772.98,direct,
2020-01-04,1578096000,0.03461,0.03565,0.03408,0.03493,1198369.38,41438.34,direct,
2020-01-05,1578182400,0.03493,0.03636,0.03443,0.03465,4322003.99,151693.25,direct,
2020-01-06,1578268800,0.03465,0.03742,0.03457,0.03737,5671683.11,203686.46,direct,
2020-01-07,1578355200,0.03737,0.03883,0.03657,0.03717,8364345.66,313041.42,direct,
2020-01-08,1578441600,0.03717,0.03895,0.03587,0.03647,11440136.81,428113.13,direct,
2020-01-09,1578528000,0.03647,0.03751,0.03575,0.0364,4357547.84,157489.31,direct,
2020-01-10,1578614400,0.0364,0.03826,0.03495,0.03707,4519611.67,163206.37,direct,
2020-01-11,1578700800,0.03707,0.03923,0.03693,0.03721,2379520.34,89315.72,direct,
2020-01-12,1578787200,0.03721,0.03895,0.03698,0.03837,1246147.45,47102.19,direct,
2020-01-13,1578873600,0.03837,0.03913,0.0372,0.03724,2195589.52,81969.4,direct,
2020-01-14,1578960000,0.03724,0.04272,0.03724,0.04174,13819705.91,555998.79,direct,
2020-01-15,1579046400,0.04174,0.04365,0.04016,0.04282,19455112.68,813852.57,direct,
2020-01-16,1579132800,0.04282,0.04328,0.04034,0.04156,5599034.06,232729.47,direct,
2020-01-17,1579219200,0.04156,0.04607,0.04132,0.04503,17479603.01,773446.88,direct,
2020-01-18,1579305600,0.04503,0.04601,0.04323,0.04497,10254132.51,462040.38,direct,
2020-01-19,1579392000,0.04497,0.04681,0.04148,0.04227,5383482.34,233196.57,direct,
2020-01-20,1579478400,0.04227,0.04521,0.04212,0.04521,3914904.12,170968.57,direct,
2020-01-21,1579564800,0.04521,0.04706,0.04379,0.0463,7904250.56,361902.42,direct,
2020-01-22,1579651200,0.0463,0.04725,0.04548,0.04604,3487129.45,160209.56,direct,
2020-01-23,1579737600,0.04604,0.04703,0.04228,0.04339,5842922.86,254368.09,direct,
2020-01-24,1579824000,0.04339,0.04638,0.0415,0.0454,4007288.16,175018.28,direct,
2020-01-25,1579910400,0.0454,0.04587,0.04337,0.04388,1390029.61,61838.29,direct,
2020-01-26,1579996800,0.04388,0.04585,0.04353,0.04489,2682536.76,118208.31,direct,
2020-01-27,1580083200,0.04489,0.04889,0.04427,0.04774,13341600.37,623218.22,direct,
2020-01-28,1580169600,0.04774,0.05448,0.04756,0.05309,27651679.1,1423515.64,direct,
2020-01-29,1580256000,0.05309,0.0575,0.05255,0.05319,16784249.64,928172.43,direct,
2020-01-30,1580342400,0.05319,0.05709,0.05215,0.05607,12214364.44,671602.3,direct,
2020-01-31,1580428800,0.05607,0.0565,0.05227,0.05383,8940698.59,485390.54,direct,
2020-02-01,1580515200,0.05383,0.05708,0.05322,0.05612,5130318.1,282630.11,direct,
2020-02-02,1580601600,0.05612,0.05871,0.05492,0.05578,8531715.8,489070.9,direct,
2020-02-03,1580688000,0.05578,0.05795,0.05533,0.05704,5773863.62,327418.3,direct,
2020-02-04,1580774400,0.05704,0.0577,0.05421,0.05607,7516294.49,419354.46,direct,
2020-02-05,1580860800,0.05607,0.06017,0.05561,0.05925,8986317.02,529425.84,direct,
2020-02-06,1580947200,0.05925,0.06074,0.05824,0.05999,9252886.5,552410.24,direct,
2020-02-07,1581033600,0.05999,0.06235,0.05948,0.05981,8958329.02,544220.74,direct,
2020-02-08,1581120000,0.05981,0.06127,0.05697,0.06017,13086698.64,781090.92,direct,
2020-02-09,1581206400,0.06017,0.06252,0.06006,0.06214,11878846.45,728032.14,direct,
2020-02-10,1581292800,0.06214,0.06214,0.05849,0.06034,7324080.15,438389.25,direct,
2020-02-11,1581379200,0.06034,0.06383,0.05874,0.06383,11518563.31,710965.65,direct,
2020-02-12,1581465600,0.06383,0.07039,0.06383,0.06833,19704893.09,1307172.84,direct,
2020-02-13,1581552000,0.06833,0.07226,0.06546,0.06894,18738969.68,1296384.03,direct,
2020-02-14,1581638400,0.06894,0.07129,0.06714,0.07083,9129714.45,635897.58,direct,
2020-02-15,1581724800,0.07083,0.07138,0.06255,0.06423,18079494.19,1203187.7,direct,
2020-02-16,1581811200,0.06423,0.06702,0.05644,0.06216,20805263.44,1290746.12,direct,
2020-02-17,1581897600,0.06216,0.0627,0.05585,0.06024,9840911.37,576147.9,direct,
2020-02-18,1581984000,0.06024,0.0637,0.0582,0.0629,12295638.53,758307.41,direct,
2020-02-19,1582070400,0.0629,0.0634,0.05697,0.0575,12432981.47,755361.17,direct,
2020-02-20,1582156800,0.0575,0.059,0.05553,0.05827,11321753.98,649180.23,direct,
2020-02-21,1582243200,0.05827,0.06019,0.05769,0.05915,4880131.96,288494.07,direct,
2020-02-22,1582329600,0.05915,0.06048,0.05765,0.05887,1462456.76,85980.1,direct,
2020-02-23,1582416000,0.05887,0.06244,0.05886,0.06192,5722399.65,350409.55,direct,
2020-02-24,1582502400,0.06192,0.06242,0.05736,0.05925,5649710.25,335493.99,direct,
2020-02-25,1582588800,0.05925,0.05949,0.05606,0.05659,5127110.89,293107.28,direct,
2020-02-26,1582675200,0.05659,0.05666,0.04671,0.04928,31389417.26,1580873.2,direct,
2020-02-27,1582761600,0.04928,0.05226,0.04638,0.04955,13777626.35,685890.46,direct,
2020-02-28,1582848000,0.04955,0.05272,0.04613,0.04902,9251196.36,443357.96,direct,
2020-02-29,1582934400,0.04902,0.05152,0.04765,0.04765,2051065.69,99813.05,direct,
2020-03-01,1583020800,0.04765,0.05448,0.04518,0.04595,15005534.62,695238.97,direct,
2020-03-02,1583107200,0.04595,0.04994,0.04557,0.0493,9705020.69,467822.67,direct,
2020-03-03,1583193600,0.0493,0.0507,0.0477,0.0487,3844010.22,187121.33,direct,
2020-03-04,1583280000,0.0487,0.05066,0.04815,0.04887,6957875.14,344249.73,direct,
2020-03-05,1583366400,0.04887,0.05798,0.04887,0.05107,8060778.76,415716.19,direct,
2020-03-06,1583452800,0.05107,0.0517,0.05005,0.0517,3827413.17,195385.47,direct,
2020-03-07,1583539200,0.0517,0.05189,0.04833,0.04895,3536974.91,174857.34,direct,
2020-03-08,1583625600,0.04895,0.04895,0.04252,0.04274,10610395.17,476975.52,direct,
2020-03-09,1583712000,0.04274,0.04401,0.03901,0.04154,23081946.18,954527.06,direct,
2020-03-10,1583798400,0.04154,0.04308,0.04031,0.04136,7451844.69,311080.55,direct,
2020-03-11,1583884800,0.04136,0.04176,0.03745,0.03975,13894778.54,545347.28,direct,
2020-03-12,1583971200,0.03975,0.03982,0.02296,0.02319,45655740.68,1375690.44,direct,
2020-03-13,1584057600,0.02319,0.02972,0.01608,0.02845,61118871.79,1533719.66,direct,
2020-03-14,1584144000,0.02845,0.02908,0.02534,0.0257,9952458.58,271252.88,direct,
2020-03-15,1584230400,0.0257,0.02888,0.02334,0.02695,25425391.65,670820.7,direct,
2020-03-16,1584316800,0.02695,0.02695,0.02165,0.02419,21801207.36,515590.63,direct,
2020-03-17,1584403200,0.02419,0.02667,0.02419,0.02598,13212709.57,341779.85,direct,
2020-03-18,1584489600,0.02598,0.02653,0.02445,0.02616,9618572.58,245942.55,direct,
2020-03-19,1584576000,0.02616,0.03202,0.02584,0.03047,28893580.47,861847.33,direct,
2020-03-20,1584662400,0.03047,0.03412,0.02666,0.02937,25860547.68,807184.84,direct,
2020-03-21,1584748800,0.02937,0.03059,0.02788,0.02943,7802297.96,228508.29,direct,
2020-03-22,1584835200,0.02943,0.03052,0.02685,0.02716,13533882.55,380292.09,direct,
2020-03-23,1584921600,0.02716,0.03,0.02667,0.02914,12464966.29,353072.15,direct,
2020-03-24,1585008000,0.02914,0.03046,0.02898,0.03029,15616324.4,462494.38,direct,
2020-03-25,1585094400,0.03029,0.03052,0.02886,0.02949,12364413.66,365952.66,direct,
2020-03-26,1585180800,0.02949,0.031,0.02934,0.03095,5764312.32,171775.15,direct,
2020-03-27,1585267200,0.03095,0.03149,0.02868,0.02888,9736049.84,295475.88,direct,
2020-03-28,1585353600,0.02888,0.02999,0.02788,0.02992,9711365.39,279579.29,direct,
2020-03-29,1585440000,0.02992,0.03003,0.02818,0.02822,5711661.48,164808.06,direct,
2020-03-30,1585526400,0.02822,0.03048,0.02805,0.02972,11783657.49,345774.55,direct,
2020-03-31,1585612800,0.02972,0.03074,0.02955,0.03057,4986133.54,150662.16,direct,
2020-04-01,1585699200,0.03057,0.03099,0.02955,0.03093,10864554.28,328637.59,direct,
2020-04-02,1585785600,0.03093,0.03361,0.02884,0.03194,10253851.34,328975.87,direct,
2020-04-03,1585872000,0.03194,0.03283,0.03169,0.03226,7659701.84,246945.63,direct,
2020-04-04,1585958400,0.03226,0.03259,0.03184,0.0325,2125233.36,68451.12,direct,
2020-04-05,1586044800,0.0325,0.03261,0.03165,0.032,6149981.01,196941.4,direct,
2020-04-06,1586131200,0.032,0.03609,0.032,0.03605,12791179.83,438259.51,direct,
2020-04-07,1586217600,0.03605,0.03726,0.03456,0.03518,17482991.29,634861.73,direct,
2020-04-08,1586304000,0.03518,0.03718,0.03518,0.03652,6958291.5,253223.45,direct,
2020-04-09,1586390400,0.03652,0.0366,0.03533,0.03619,4404609.59,158229.65,direct,
2020-04-10,1586476800,0.03619,0.0362,0.03216,0.03316,8395717.37,282795.19,direct,
2020-04-11,1586563200,0.03316,0.03413,0.03279,0.03353,3849115.55,129597.49,direct,
2020-04-12,1586649600,0.03353,0.03499,0.03303,0.03354,6584578.78,226076.45,direct,
2020-04-13,1586736000,0.03354,0.03355,0.03204,0.0332,6921611.57,225832.62,direct,
2020-04-14,1586822400,0.0332,0.03379,0.03268,0.03313,3059174.7,101800.73,direct,
2020-04-15,1586908800,0.03313,0.03369,0.03184,0.03185,2220459.63,72593.31,direct,
2020-04-16,1586995200,0.03185,0.035,0.03086,0.03441,11818449.28,383523.89,direct,
2020-04-17,1587081600,0.03441,0.03483,0.03418,0.03448,3140053.22,108285.04,direct,
2020-04-18,1587168000,0.03448,0.03692,0.03448,0.0366,5853353.54,210391.05,direct,
2020-04-19,1587254400,0.0366,0.03678,0.03526,0.03561,3892975.05,139710.57,direct,
2020-04-20,1587340800,0.03561,0.03658,0.03398,0.03401,11024018.44,386024.95,direct,
2020-04-21,1587427200,0.03401,0.03506,0.03381,0.03464,5817173.48,199393.59,direct,
2020-04-22,1587513600,0.03464,0.03669,0.03166,0.03666,6445377.19,228778.89,direct,
2020-04-23,1587600000,0.03666,0.04262,0.03653,0.04085,15203417.72,600387.42,direct,
2020-04-24,1587686400,0.04085,0.04384,0.04085,0.04169,18387730.84,789964.5,direct,
2020-04-25,1587772800,0.04169,0.04363,0.04089,0.04214,10028180.54,426398.54,direct,
2020-04-26,1587859200,0.04214,0.04622,0.04196,0.04593,11444783.43,510599.41,direct,
2020-04-27,1587945600,0.04593,0.0475,0.04426,0.04658,12647893.38,581013.33,direct,
2020-04-28,1588032000,0.04658,0.04806,0.04613,0.047,10484955.67,494603.43,direct,
2020-04-29,1588118400,0.047,0.05223,0.04686,0.05155,20392150.18,1031611.01,direct,
2020-04-30,1588204800,0.05155,0.05445,0.04714,0.0475,36699929.91,1849363.99,direct,
2020-05-01,1588291200,0.0475,0.05186,0.0475,0.05101,15790127.54,791364.41,direct,
2020-05-02,1588377600,0.05101,0.05147,0.04947,0.05097,7376638.6,372480.75,direct,
2020-05-03,1588464000,0.05097,0.05178,0.048,0.04899,10834447.04,537651.26,direct,
2020-05-04,1588550400,0.04899,0.05022,0.04617,0.04957,23187843.5,1122362.05,direct,
2020-05-05,1588636800,0.04957,0.05058,0.04868,0.04953,6155960.1,305533.03,direct,
2020-05-06,1588723200,0.04953,0.05115,0.04862,0.04907,9636074.89,482151.53,direct,
2020-05-07,1588809600,0.04907,0.05153,0.04853,0.05131,11443840.19,575067.21,direct,
2020-05-08,1588896000,0.05131,0.05379,0.05102,0.0521,12528378.36,657583.89,direct,
2020-05-09,1588982400,0.0521,0.05304,0.05135,0.05151,6960098.43,364478.54,direct,
2020-05-10,1589068800,0.05151,0.05152,0.04272,0.04767,33199543.01,1557387.67,direct,
2020-05-11,1589155200,0.04767,0.04995,0.045,0.04796,21853609.33,1032825.53,direct,
2020-05-12,1589241600,0.04796,0.05105,0.04796,0.05049,14358578.8,717016.97,direct,
2020-05-13,1589328000,0.05049,0.05239,0.04989,0.05168,24400406.02,1250991.28,direct,
2020-05-14,1589414400,0.05168,0.05212,0.05046,0.05111,16773794.66,860175.88,direct,
2020-05-15,1589500800,0.05111,0.05192,0.04972,0.05025,14963357.52,759463.05,direct,
2020-05-16,1589587200,0.05025,0.05182,0.04998,0.05097,9207758.05,468756.76,direct,
2020-05-17,1589673600,0.05097,0.05226,0.05091,0.05136,12381155.11,637898.37,direct,
2020-05-18,1589760000,0.05136,0.05497,0.05119,0.05422,18336363.2,987478.07,direct,
2020-05-19,1589846400,0.05422,0.05717,0.05258,0.05682,20333114.3,1116186.46,direct,
2020-05-20,1589932800,0.05682,0.05749,0.05382,0.05692,18151749.66,1017443.28,direct,
2020-05-21,1590019200,0.05692,0.05754,0.05005,0.05221,37728620.16,2015741.97,direct,
2020-05-22,1590105600,0.05221,0.05686,0.05124,0.05578,22534269.9,1218448.34,direct,
2020-05-23,1590192000,0.05578,0.05652,0.05429,0.05498,13195138.29,730048.59,direct,
2020-05-24,1590278400,0.05498,0.05617,0.05169,0.05169,17288700.11,934136.73,direct,
2020-05-25,1590364800,0.05169,0.05436,0.05096,0.0539,16121997.65,848997.51,direct,
2020-05-26,1590451200,0.0539,0.0541,0.052,0.05348,15390655.34,816636.42,direct,
2020-05-27,1590537600,0.05348,0.05592,0.05316,0.05508,18830445.42,1034009.11,direct,
2020-05-28,1590624000,0.05508,0.06759,0.05492,0.0648,64945839.43,4005632.93,direct,
2020-05-29,1590710400,0.0648,0.06662,0.06267,0.06462,43633922.89,2819877.63,direct,
2020-05-30,1590796800,0.06462,0.07809,0.0639,0.07709,89028472.0,6466560.69,direct,
2020-05-31,1590883200,0.07709,0.08643,0.07219,0.0742,124159671.4,9934891.38,direct,
2020-06-01,1590969600,0.0742,0.08336,0.07383,0.08108,60912046.42,4826926.76,direct,
2020-06-02,1591056000,0.08108,0.08239,0.07237,0.07869,55922097.32,4392047.97,direct,
2020-06-03,1591142400,0.07869,0.08573,0.07724,0.08539,56278932.61,4656512.81,direct,
2020-06-04,1591228800,0.08539,0.09034,0.08407,0.08882,50753569.84,4456000.57,direct,
2020-06-05,1591315200,0.08882,0.08933,0.08395,0.08526,35691496.09,3084456.1,direct,
2020-06-06,1591401600,0.08526,0.08711,0.08482,0.08621,25652804.89,2207974.1,direct,
2020-06-07,1591488000,0.08621,0.08854,0.08277,0.08655,40150469.54,3422075.37,direct,
2020-06-08,1591574400,0.08655,0.08717,0.08476,0.0865,18383166.75,1579921.28,direct,
2020-06-09,1591660800,0.0865,0.08681,0.083,0.08301,21087115.11,1786276.23,direct,
2020-06-10,1591747200,0.08301,0.0839,0.07983,0.0836,40595841.89,3313494.23,direct,
2020-06-11,1591833600,0.0836,0.08503,0.07394,0.07514,80198682.82,6258723.25,direct,
2020-06-12,1591920000,0.07514,0.08054,0.07497,0.07947,34458634.45,2705161.98,direct,
2020-06-13,1592006400,0.07947,0.07969,0.07739,0.07912,13345214.25,1044460.75,direct,
2020-06-14,1592092800,0.07912,0.07919,0.07577,0.07645,11268871.71,870475.34,direct,
2020-06-15,1592179200,0.07645,0.07986,0.06939,0.07821,64919006.45,4782594.13,direct,
2020-06-16,1592265600,0.07821,0.07965,0.07684,0.07911,19619556.91,1538625.43,direct,
2020-06-17,1592352000,0.07911,0.08419,0.07754,0.08328,43835127.7,3559879.49,direct,
2020-06-18,1592438400,0.08328,0.08423,0.08001,0.08206,38646930.15,3168218.17,direct,
2020-06-19,1592524800,0.08206,0.08206,0.07853,0.07972,25777569.36,2065453.79,direct,
2020-06-20,1592611200,0.07972,0.08015,0.07721,0.0795,25558069.38,2011725.69,direct,
2020-06-21,1592697600,0.0795,0.08084,0.07822,0.07846,16338444.16,1299537.33,direct,
2020-06-22,1592784000,0.07846,0.08402,0.07825,0.0839,31727464.46,2591237.1,direct,
2020-06-23,1592870400,0.0839,0.08438,0.08166,0.0828,30260463.75,2508337.77,direct,
2020-06-24,1592956800,0.0828,0.08701,0.07997,0.08242,52212961.36,4357488.61,direct,
2020-06-25,1593043200,0.08242,0.08324,0.07857,0.08175,26925369.1,2190676.23,direct,
2020-06-26,1593129600,0.08175,0.08175,0.07945,0.08059,19278249.51,1553244.54,direct,
2020-06-27,1593216000,0.08059,0.08099,0.07502,0.07732,38011442.53,2980795.67,direct,
2020-06-28,1593302400,0.07732,0.08104,0.07609,0.08018,35095129.79,2757619.83,direct,
2020-06-29,1593388800,0.08018,0.08429,0.08018,0.08384,44199172.93,3651241.62,direct,
2020-06-30,1593475200,0.08384,0.0849,0.08193,0.08369,33535714.93,2806449.78,direct,
2020-07-01,1593561600,0.08369,0.09781,0.08304,0.09764,101342924.55,9210644.86,direct,
2020-07-02,1593648000,0.09764,0.09806,0.08767,0.0933,103589402.23,9697669.37,direct,
2020-07-03,1593734400,0.0933,0.1019,0.09236,0.09669,115140216.38,11253047.43,direct,
2020-07-04,1593820800,0.09669,0.1011,0.09604,0.1001,67584875.84,6665131.36,direct,
2020-07-05,1593907200,0.1001,0.1002,0.09429,0.09834,64130897.21,6206483.95,direct,
2020-07-06,1593993600,0.09834,0.1065,0.09732,0.1051,91227228.81,9230593.75,direct,
2020-07-07,1594080000,0.1051,0.119,0.1031,0.1178,124066792.84,13754476.24,direct,
2020-07-08,1594166400,0.1178,0.1382,0.1148,0.1302,201245656.93,25927270.24,direct,
2020-07-09,1594252800,0.1302,0.1302,0.1174,0.1241,87688683.29,10718432.59,direct,
2020-07-10,1594339200,0.1241,0.1242,0.1104,0.1185,91236571.45,10664902.39,direct,
2020-07-11,1594425600,0.1185,0.1272,0.1179,0.1254,56982787.72,6953419.47,direct,
2020-07-12,1594512000,0.1254,0.1285,0.1204,0.127,61764206.85,7678205.39,direct,
2020-07-13,1594598400,0.127,0.1356,0.1218,0.1245,107476763.71,14045396.09,direct,
2020-07-14,1594684800,0.1245,0.1346,0.121,0.1324,84601322.73,10840798.63,direct,
2020-07-15,1594771200,0.1324,0.1326,0.1272,0.1305,51567729.41,6717894.03,direct,
2020-07-16,1594857600,0.1305,0.133,0.1183,0.126,81084407.5,10185246.7,direct,
2020-07-17,1594944000,0.126,0.1265,0.1217,0.1225,32866640.7,4077250.76,direct,
2020-07-18,1595030400,0.1225,0.1248,0.1181,0.1229,38173921.23,4624184.7,direct,
2020-07-19,1595116800,0.1229,0.1248,0.1213,0.1241,19219313.7,2366352.83,direct,
2020-07-20,1595203200,0.1241,0.1244,0.1162,0.1179,30016356.37,3616554.55,direct,
2020-07-21,1595289600,0.1179,0.1246,0.1169,0.1232,32063610.14,3920504.79,direct,
2020-07-22,1595376000,0.1232,0.1247,0.1206,0.1243,26888921.38,3295127.8,direct,
2020-07-23,1595462400,0.1243,0.1266,0.1239,0.1243,31883160.53,3988276.28,direct,
2020-07-24,1595548800,0.1243,0.1244,0.1209,0.1222,23231772.34,2853283.03,direct,
2020-07-25,1595635200,0.1222,0.1476,0.1222,0.1439,90658717.55,12257017.21,direct,
2020-07-26,1595721600,0.1439,0.1548,0.1416,0.1485,102135323.35,15148310.83,direct,
2020-07-27,1595808000,0.1485,0.1499,0.1309,0.1389,88880711.63,12444054.71,direct,
2020-07-28,1595894400,0.1389,0.1515,0.1348,0.1492,60023892.54,8587742.32,direct,
2020-07-29,1595980800,0.1492,0.1501,0.139,0.14,49341140.89,7079110.51,direct,
2020-07-30,1596067200,0.14,0.143,0.1376,0.1414,34232329.05,4790492.51,direct,
2020-07-31,1596153600,0.1414,0.1415,0.1366,0.1396,30855220.36,4301303.73,direct,
2020-08-01,1596240000,0.1396,0.1477,0.1392,0.1447,48248016.55,6882347.5,direct,
2020-08-02,1596326400,0.1447,0.1485,0.1304,0.1343,51720170.17,7125834.73,direct,
2020-08-03,1596412800,0.1343,0.1437,0.1325,0.1393,26035269.39,3596407.85,direct,
2020-08-04,1596499200,0.1393,0.1483,0.1386,0.1435,45244694.14,6475104.38,direct,
2020-08-05,1596585600,0.1435,0.1454,0.1414,0.1427,24774885.73,3555740.86,direct,
2020-08-06,1596672000,0.1427,0.1459,0.1406,0.1445,21371441.76,3065698.0,direct,
2020-08-07,1596758400,0.1445,0.1476,0.1355,0.1393,28758771.84,4084540.04,direct,
2020-08-08,1596844800,0.1393,0.1482,0.138,0.1469,31743527.99,4560754.32,direct,
2020-08-09,1596931200,0.1469,0.1526,0.1424,0.1454,43546819.61,6408799.58,direct,
2020-08-10,1597017600,0.1454,0.1465,0.143,0.1442,20380195.05,2949606.37,direct,
2020-08-11,1597104000,0.1442,0.1445,0.1329,0.137,37606981.06,5216291.43,direct,
2020-08-12,1597190400,0.137,0.138,0.1243,0.1368,42351700.55,5637753.74,direct,
2020-08-13,1597276800,0.1368,0.1421,0.1324,0.1394,72152956.69,9896430.08,direct,
2020-08-14,1597363200,0.1394,0.1416,0.1381,0.1386,25631427.3,3573221.32,direct,
2020-08-15,1597449600,0.1386,0.1422,0.1368,0.1386,20648609.62,2868577.13,direct,
2020-08-16,1597536000,0.1386,0.1397,0.1354,0.139,21266449.25,2930121.71,direct,
2020-08-17,1597622400,0.139,0.1448,0.138,0.1409,31604303.32,4486526.24,direct,
2020-08-18,1597708800,0.1409,0.1439,0.135,0.1372,30566945.08,4225551.94,direct,
2020-08-19,1597795200,0.1372,0.1382,0.1272,0.1297,30577626.37,4035399.99,direct,
2020-08-20,1597881600,0.1297,0.1346,0.1264,0.1342,62448950.02,8179896.62,direct,
2020-08-21,1597968000,0.1342,0.1344,0.1216,0.1229,91440207.26,11776022.58,direct,
2020-08-22,1598054400,0.1229,0.1262,0.1183,0.1253,84207229.64,10373929.94,direct,
2020-08-23,1598140800,0.1253,0.1259,0.1195,0.1215,64772529.12,7945897.18,direct,
2020-08-24,1598227200,0.1215,0.127,0.1201,0.1237,77809944.45,9662533.63,direct,
2020-08-25,1598313600,0.1237,0.1238,0.1063,0.1126,65939158.71,7699604.99,direct,
2020-08-26,1598400000,0.1126,0.1183,0.1107,0.1144,21686624.36,2483949.36,direct,
2020-08-27,1598486400,0.1144,0.1157,0.1031,0.1073,42047628.18,4543389.04,direct,
2020-08-28,1598572800,0.1073,0.1115,0.1062,0.1096,22381018.15,2446282.5,direct,
2020-08-29,1598659200,0.1096,0.1181,0.1085,0.1166,19035365.18,2152707.54,direct,
2020-08-30,1598745600,0.1166,0.1189,0.1142,0.1176,15233999.98,1778262.45,direct,
2020-08-31,1598832000,0.1176,0.1268,0.1135,0.1226,30725729.98,3719129.86,direct,
2020-09-01,1598918400,0.1226,0.1282,0.1196,0.1247,25472267.37,3161304.55,direct,
2020-09-02,1599004800,0.1247,0.1266,0.1112,0.1153,31678493.54,3695898.13,direct,
2020-09-03,1599091200,0.1153,0.1168,0.09493,0.09523,39020857.14,4109787.91,direct,
2020-09-04,1599177600,0.09523,0.104,0.09295,0.102,28411037.05,2820975.27,direct,
2020-09-05,1599264000,0.102,0.1038,0.08638,0.08985,38945014.35,3634392.92,direct,
2020-09-06,1599350400,0.08985,0.09555,0.08566,0.09271,22067569.72,2030802.02,direct,
2020-09-07,1599436800,0.09271,0.09418,0.08641,0.09351,29832368.29,2694766.3,direct,
2020-09-08,1599523200,0.09351,0.09681,0.08854,0.09104,17921868.2,1643330.15,direct,
2020-09-09,1599609600,0.09104,0.09611,0.08937,0.09338,14871771.33,1393806.22,direct,
2020-09-10,1599696000,0.09338,0.09949,0.09338,0.09714,34233270.59,3355701.4,direct,
2020-09-11,1599782400,0.09714,0.0975,0.09333,0.097,10686012.02,1022133.04,direct,
2020-09-12,1599868800,0.097,0.09847,0.09471,0.09779,14426083.83,1394048.45,direct,
2020-09-13,1599955200,0.09779,0.09973,0.09284,0.09503,12757205.34,1223577.3,direct,
2020-09-14,1600041600,0.09503,0.09766,0.09311,0.09677,14031871.66,1347634.01,direct,
2020-09-15,1600128000,0.09677,0.09774,0.09309,0.09334,10549344.97,1007778.53,direct,
2020-09-16,1600214400,0.09334,0.09347,0.0899,0.09145,19004473.36,1732349.11,direct,
2020-09-17,1600300800,0.09145,0.09455,0.09104,0.09418,14239277.3,1322276.01,direct,
2020-09-18,1600387200,0.09418,0.09418,0.08992,0.09105,15829270.53,1455764.58,direct,
2020-09-19,1600473600,0.09105,0.09295,0.0906,0.09145,8773348.45,806753.28,direct,
2020-09-20,1600560000,0.09145,0.09223,0.0879,0.08939,18239845.06,1640258.51,direct,
2020-09-21,1600646400,0.08939,0.09012,0.07812,0.07988,22630313.39,1839347.41,direct,
2020-09-22,1600732800,0.07988,0.08324,0.07917,0.0816,20807187.83,1690151.38,direct,
2020-09-23,1600819200,0.0816,0.08271,0.07571,0.07665,19708936.76,1548158.35,direct,
2020-09-24,1600905600,0.07665,0.08376,0.07577,0.08271,14272679.47,1142743.17,direct,
2020-09-25,1600992000,0.08271,0.09835,0.08254,0.09702,35887531.7,3322453.95,direct,
2020-09-26,1601078400,0.09702,0.09983,0.09243,0.09553,17556413.48,1680759.27,direct,
2020-09-27,1601164800,0.09553,0.1026,0.09447,0.1013,23596867.56,2344976.78,direct,
2020-09-28,1601251200,0.1013,0.1066,0.09997,0.1005,30540940.22,3176225.4,direct,
2020-09-29,1601337600,0.1005,0.1033,0.09753,0.1012,14137019.55,1417552.57,direct,
2020-09-30,1601424000,0.1012,0.1015,0.09687,0.1011,15044606.25,1492529.94,direct,
2020-10-01,1601510400,0.1011,0.1046,0.09509,0.098,24236719.53,2418745.11,direct,
2020-10-02,1601596800,0.098,0.1003,0.08993,0.09287,29575368.77,2779564.0,direct,
2020-10-03,1601683200,0.09287,0.09532,0.09231,0.09331,13084656.07,1234171.94,direct,
2020-10-04,1601769600,0.09331,0.09805,0.09232,0.09692,10354869.0,989314.96,direct,
2020-10-05,1601856000,0.09692,0.09948,0.09606,0.09754,12615428.61,1231314.24,direct,
2020-10-06,1601942400,0.09754,0.09861,0.09152,0.09293,16411624.11,1547441.48,direct,
2020-10-07,1602028800,0.09293,0.09438,0.08951,0.09369,9888533.69,911634.23,direct,
2020-10-08,1602115200,0.09369,0.09723,0.09012,0.09629,12236760.97,1154918.05,direct,
2020-10-09,1602201600,0.09629,0.1026,0.09501,0.1015,18657546.29,1832464.47,direct,
2020-10-10,1602288000,0.1015,0.1113,0.1015,0.1052,27421077.08,2938403.07,direct,
2020-10-11,1602374400,0.1052,0.1091,0.1043,0.1066,14185552.77,1516924.15,direct,
2020-10-12,1602460800,0.1066,0.1138,0.1023,0.1095,38595286.15,4169415.95,direct,
2020-10-13,1602547200,0.1095,0.114,0.1078,0.1094,20433258.44,2259021.62,direct,
2020-10-14,1602633600,0.1094,0.1123,0.1054,0.1073,14040545.93,1523468.07,direct,
2020-10-15,1602720000,0.1073,0.1078,0.1046,0.1067,14517725.18,1545731.2,direct,
2020-10-16,1602806400,0.1067,0.1073,0.1024,0.1043,14150634.42,1477493.06,direct,
2020-10-17,1602892800,0.1043,0.1073,0.1035,0.1061,7993435.23,845866.08,direct,
2020-10-18,1602979200,0.1061,0.1076,0.1053,0.1075,4905747.42,522842.71,direct,
2020-10-19,1603065600,0.1075,0.111,0.1062,0.1087,11367287.09,1236647.93,direct,
2020-10-20,1603152000,0.1087,0.1088,0.1008,0.1024,20036522.11,2088279.31,direct,
2020-10-21,1603238400,0.1024,0.1086,0.1016,0.1062,22322860.33,2369495.28,direct,
2020-10-22,1603324800,0.1062,0.1128,0.1055,0.1108,28969515.17,3182909.94,direct,
2020-10-23,1603411200,0.1108,0.1119,0.1054,0.1081,16072238.51,1748391.43,direct,
2020-10-24,1603497600,0.1081,0.1099,0.1075,0.108,9978568.06,1084542.9,direct,
2020-10-25,1603584000,0.108,0.1088,0.1063,0.1066,7765066.19,833833.52,direct,
2020-10-26,1603670400,0.1066,0.1076,0.09928,0.1032,21426361.24,2210180.68,direct,
2020-10-27,1603756800,0.1032,0.1056,0.102,0.1029,12225473.48,1272401.74,direct,
2020-10-28,1603843200,0.1029,0.1034,0.09549,0.09909,13184426.15,1312948.99,direct,
2020-10-29,1603929600,0.09909,0.1006,0.09511,0.09534,11617425.77,1135660.43,direct,
2020-10-30,1604016000,0.09534,0.09562,0.09009,0.09344,19725177.12,1833788.35,direct,
2020-10-31,1604102400,0.09344,0.09549,0.09237,0.09311,11383673.83,1068315.34,direct,
2020-11-01,1604188800,0.09311,0.09862,0.09276,0.09818,11070469.7,1060572.31,direct,
2020-11-02,1604275200,0.09818,0.1,0.09169,0.09258,15145058.72,1450758.66,direct,
2020-11-03,1604361600,0.09258,0.09385,0.08843,0.09365,8682116.06,798333.67,direct,
2020-11-04,1604448000,0.09365,0.09609,0.09184,0.09553,8869556.22,836836.2,direct,
2020-11-05,1604534400,0.09553,0.09809,0.09233,0.09772,9738896.5,939521.62,direct,
2020-11-06,1604620800,0.09772,0.11,0.09737,0.1093,21237515.99,2247981.77,direct,
2020-11-07,1604707200,0.1093,0.1135,0.09938,0.1013,18233056.74,1949809.99,direct,
2020-11-08,1604793600,0.1013,0.1082,0.1003,0.1068,10721470.15,1130010.77,direct,
2020-11-09,1604880000,0.1068,0.1079,0.1014,0.1054,10789091.57,1129523.16,direct,
2020-11-10,1604966400,0.1054,0.1089,0.1038,0.1059,12496701.79,1325913.86,direct,
2020-11-11,1605052800,0.1059,0.109,0.1058,0.1061,20847608.45,2242518.34,direct,
2020-11-12,1605139200,0.1061,0.1067,0.1028,0.1048,18948846.51,1989421.82,direct,
2020-11-13,1605225600,0.1048,0.108,0.1044,0.1066,12262248.65,1303383.85,direct,
2020-11-14,1605312000,0.1066,0.1072,0.1017,0.1044,14685562.53,1528146.66,direct,
2020-11-15,1605398400,0.1044,0.1051,0.09875,0.1006,14640517.3,1490553.89,direct,
2020-11-16,1605484800,0.1006,0.1053,0.09971,0.1039,19915493.14,2059587.28,direct,
2020-11-17,1605571200,0.1039,0.1123,0.1037,0.1097,34339903.07,3733066.96,direct,
2020-11-18,1605657600,0.1097,0.1117,0.1033,0.1067,25822736.47,2768073.15,direct,
2020-11-19,1605744000,0.1067,0.1081,0.1045,0.1059,17330380.19,1843738.64,direct,
2020-11-20,1605830400,0.1059,0.1189,0.1058,0.1184,69327854.13,7785803.68,direct,
2020-11-21,1605916800,0.1184,0.1346,0.1166,0.1338,101006819.73,12726938.19,direct,
2020-11-22,1606003200,0.1338,0.1534,0.1202,0.146,144410723.17,19914597.88,direct,
2020-11-23,1606089600,0.146,0.1601,0.1413,0.1544,104160352.18,15797789.58,direct,
2020-11-24,1606176000,0.1544,0.1828,0.1446,0.1673,151683939.12,25277534.86,direct,
2020-11-25,1606262400,0.1673,0.1758,0.1484,0.1563,91310511.64,15105251.29,direct,
2020-11-26,1606348800,0.1563,0.1608,0.1239,0.1413,92995596.5,12665830.63,direct,
2020-11-27,1606435200,0.1413,0.1458,0.1314,0.1418,35479658.44,4897217.7,direct,
2020-11-28,1606521600,0.1418,0.1721,0.1393,0.1652,75939727.3,12130810.84,direct,
2020-11-29,1606608000,0.1652,0.1711,0.1575,0.167,32736860.35,5364901.04,direct,
2020-11-30,1606694400,0.167,0.1739,0.1604,0.1723,64657845.14,10891578.85,direct,
2020-12-01,1606780800,0.1723,0.1744,0.1444,0.1556,74183489.63,11891637.88,direct,
2020-12-02,1606867200,0.1556,0.1597,0.1511,0.1587,28043554.92,4384474.22,direct,
2020-12-03,1606953600,0.1587,0.1685,0.1559,0.1642,31702945.26,5143908.19,direct,
2020-12-04,1607040000,0.1642,0.1646,0.1463,0.1479,44654743.98,6964126.02,direct,
2020-12-05,1607126400,0.1479,0.1619,0.1462,0.16,23344689.67,3642052.91,direct,
2020-12-06,1607212800,0.16,0.1627,0.1535,0.1588,23300655.04,3678379.8,direct,
2020-12-07,1607299200,0.1588,0.1589,0.1516,0.1541,19692214.92,3050549.45,direct,
2020-12-08,1607385600,0.1541,0.1549,0.1382,0.1411,37967715.42,5532867.23,direct,
2020-12-09,1607472000,0.1411,0.1501,0.1301,0.1482,55964014.6,7876917.48,direct,
2020-12-10,1607558400,0.1482,0.1486,0.1396,0.1419,26943159.15,3883600.22,direct,
2020-12-11,1607644800,0.1419,0.1427,0.1349,0.1392,24649228.89,3420946.16,direct,
2020-12-12,1607731200,0.1392,0.1473,0.1388,0.1443,31508892.3,4567986.16,direct,
2020-12-13,1607817600,0.1443,0.1567,0.1431,0.1538,31643931.94,4791441.66,direct,
2020-12-14,1607904000,0.1538,0.1586,0.1498,0.1586,28166070.4,4331596.84,direct,
2020-12-15,1607990400,0.1586,0.16,0.1529,0.154,33416129.4,5217915.01,direct,
2020-12-16,1608076800,0.154,0.1684,0.1494,0.1684,56077403.06,8968769.03,direct,
2020-12-17,1608163200,0.1684,0.1763,0.1611,0.1635,73621449.08,12384494.9,direct,
2020-12-18,1608249600,0.1635,0.1693,0.1587,0.1653,29505121.78,4825901.05,direct,
2020-12-19,1608336000,0.1653,0.1707,0.1634,0.1646,29637743.95,4953325.83,direct,
2020-12-20,1608422400,0.1646,0.1691,0.1578,0.1623,28707001.96,4697140.89,direct,
2020-12-21,1608508800,0.1623,0.1662,0.1471,0.153,40961114.69,6327601.04,direct,
2020-12-22,1608595200,0.153,0.1686,0.1491,0.1569,51556793.05,8084253.89,direct,
2020-12-23,1608681600,0.1569,0.1579,0.1264,0.1367,82469399.78,11850537.46,direct,
2020-12-24,1608768000,0.1367,0.1546,0.1316,0.1532,58182047.88,8314632.11,direct,
2020-12-25,1608854400,0.1532,0.1671,0.1504,0.1575,57339051.43,9046490.58,direct,
2020-12-26,1608940800,0.1575,0.1623,0.149,0.1581,60893229.12,9476118.4,direct,
2020-12-27,1609027200,0.1581,0.1657,0.1494,0.1542,66812672.42,10546356.77,direct,
2020-12-28,1609113600,0.1542,0.1798,0.1528,0.1763,90862361.78,15342391.65,direct,
2020-12-29,1609200000,0.1763,0.1967,0.1731,0.1906,191031710.11,35472220.84,direct,
2020-12-30,1609286400,0.1906,0.1933,0.1753,0.1839,80297570.74,14660504.53,direct,
2020-12-31,1609372800,0.1839,0.1863,0.1756,0.1817,61138721.63,11000777.69,direct,
2021-01-01,1609459200,0.1817,0.1848,0.1596,0.1755,62602004.31,11119437.38,direct,
2021-01-02,1609545600,0.1755,0.1847,0.1689,0.1772,83287104.58,14807147.65,direct,
2021-01-03,1609632000,0.1772,0.2097,0.1721,0.2062,124310423.46,23943844.21,direct,
2021-01-04,1609718400,0.2062,0.241,0.1926,0.2258,183864145.4,39761970.16,direct,
2021-01-05,1609804800,0.2258,0.2648,0.2075,0.2595,152184319.26,36447288.6,direct,
2021-01-06,1609891200,0.2595,0.347,0.2548,0.3342,251278565.27,75062476.73,direct,
2021-01-07,1609977600,0.3342,0.3557,0.2786,0.299,216076600.11,69013059.56,direct,
2021-01-08,1610064000,0.299,0.321,0.2626,0.3042,195207749.83,57645527.08,direct,
2021-01-09,1610150400,0.3042,0.3392,0.2966,0.3315,95746830.37,30471456.57,direct,
2021-01-10,1610236800,0.3315,0.3415,0.2797,0.3019,125496099.04,39276768.66,direct,
2021-01-11,1610323200,0.3019,0.3035,0.2292,0.276,209193541.45,55059337.11,direct,
2021-01-12,1610409600,0.276,0.3145,0.2637,0.2888,141896777.81,40768117.65,direct,
2021-01-13,1610496000,0.2888,0.3156,0.2708,0.3128,100063474.64,29254520.16,direct,
2021-01-14,1610582400,0.3128,0.324,0.2967,0.311,96351738.5,30008031.17,direct,
2021-01-15,1610668800,0.311,0.3311,0.2775,0.3027,130744147.26,40231461.68,direct,
2021-01-16,1610755200,0.3027,0.3668,0.3021,0.3511,168377304.49,57646426.87,direct,
2021-01-17,1610841600,0.3511,0.3974,0.3415,0.3815,188931087.27,70590866.8,direct,
2021-01-18,1610928000,0.3815,0.3968,0.3643,0.3709,96421115.06,36173045.45,direct,
2021-01-19,1611014400,0.3709,0.3848,0.3628,0.3681,81809329.57,30468473.23,direct,
2021-01-20,1611100800,0.3681,0.3769,0.3303,0.3758,119110009.91,42311316.44,direct,
2021-01-21,1611187200,0.3758,0.3793,0.2998,0.3081,137186941.84,46234468.07,direct,
2021-01-22,1611273600,0.3081,0.3598,0.2794,0.3496,160918646.62,51412369.05,direct,
2021-01-23,1611360000,0.3496,0.3579,0.3361,0.3457,59481663.0,20684398.78,direct,
2021-01-24,1611446400,0.3457,0.3695,0.3369,0.3538,65222679.2,23010866.72,direct,
2021-01-25,1611532800,0.3538,0.3644,0.3403,0.3431,63118579.76,22356564.72,direct,
2021-01-26,1611619200,0.3431,0.3508,0.3246,0.3445,53941423.19,18304607.46,direct,
2021-01-27,1611705600,0.3445,0.3445,0.3045,0.3124,77725360.7,24885033.8,direct,
2021-01-28,1611792000,0.3124,0.3562,0.3053,0.3446,85849544.22,28863977.84,direct,
2021-01-29,1611878400,0.3446,0.3689,0.3313,0.348,108027303.41,38155866.51,direct,
2021-01-30,1611964800,0.348,0.3766,0.3373,0.3637,79279638.55,28198025.45,direct,
2021-01-31,1612051200,0.3637,0.3771,0.3382,0.3454,63326780.48,22361381.2,direct,
2021-02-01,1612137600,0.3454,0.424,0.3333,0.4084,160666802.46,60483981.25,direct,
2021-02-02,1612224000,0.4084,0.456,0.3897,0.4255,220016957.11,92862946.45,direct,
2021-02-03,1612310400,0.4255,0.45,0.4159,0.443,90625146.79,39240175.4,direct,
2021-02-04,1612396800,0.443,0.4502,0.4118,0.4405,88776316.72,38419535.94,direct,
2021-02-05,1612483200,0.4405,0.5606,0.4372,0.5408,246908063.48,125431451.18,direct,
2021-02-06,1612569600,0.5408,0.6678,0.5222,0.6348,216958315.34,127860973.86,direct,
2021-02-07,1612656000,0.6348,0.709,0.5817,0.6642,275067511.25,176857045.85,direct,
2021-02-08,1612742400,0.6642,0.7247,0.633,0.6778,193209201.73,131859938.91,direct,
2021-02-09,1612828800,0.6778,0.7128,0.6664,0.7066,110375875.89,75937842.83,direct,
2021-02-10,1612915200,0.7066,0.9522,0.7066,0.9414,314624462.33,260113323.13,direct,
2021-02-11,1613001600,0.9414,0.98,0.8678,0.9292,210196358.99,194864093.78,direct,
2021-02-12,1613088000,0.9292,0.948,0.8665,0.9273,153168768.06,139894566.1,direct,
2021-02-13,1613174400,0.9273,0.9525,0.8103,0.9137,123895617.62,111626072.9,direct,
2021-02-14,1613260800,0.9137,0.9198,0.808,0.845,102810835.23,88447427.04,direct,
2021-02-15,1613347200,0.845,0.9118,0.6895,0.8605,207417748.25,170657663.92,direct,
2021-02-16,1613433600,0.8605,0.9055,0.8351,0.8712,100201261.7,87525330.81,direct,
2021-02-17,1613520000,0.8712,0.8989,0.823,0.8922,90306594.47,78123135.0,direct,
2021-02-18,1613606400,0.8922,0.9577,0.8922,0.9144,117951335.8,109053623.75,direct,
2021-02-19,1613692800,0.9144,0.946,0.8793,0.9267,106665866.47,98242322.07,direct,
2021-02-20,1613779200,0.9267,1.197,0.915,1.118,334277624.8,362628163.95,direct,
2021-02-21,1613865600,1.118,1.152,1.071,1.101,103649331.24,115163142.52,direct,
2021-02-22,1613952000,1.101,1.147,0.5628,1.099,303319068.22,303751439.04,direct,
2021-02-23,1614038400,1.099,1.14,0.824,0.9634,330321496.13,316455622.97,direct,
2021-02-24,1614124800,0.9634,1.077,0.9001,1.05,176953216.91,179591449.55,direct,
2021-02-25,1614211200,1.05,1.176,1.014,1.074,196589120.03,216004171.13,direct,
2021-02-26,1614297600,1.074,1.298,0.9909,1.242,335571844.14,387757271.85,direct,
2021-02-27,1614384000,1.242,1.484,1.23,1.319,339280468.04,461041081.63,direct,
2021-02-28,1614470400,1.319,1.363,1.159,1.315,264380184.08,330771774.69,direct,
2021-03-01,1614556800,1.315,1.351,1.235,1.297,160758952.74,206865849.13,direct,
2021-03-02,1614643200,1.297,1.301,1.181,1.225,146519335.25,179723724.21,direct,
2021-03-03,1614729600,1.225,1.268,1.211,1.215,91995354.94,113944985.07,direct,
2021-03-04,1614816000,1.215,1.231,1.064,1.113,163819713.4,187069602.2,direct,
2021-03-05,1614902400,1.113,1.198,1.034,1.16,179802911.51,202237049.19,direct,
2021-03-06,1614988800,1.16,1.183,1.086,1.129,77570528.96,87291823.31,direct,
2021-03-07,1615075200,1.129,1.145,1.107,1.131,62982521.4,71038826.13,direct,
2021-03-08,1615161600,1.131,1.179,1.106,1.119,71328069.96,80919572.91,direct,
2021-03-09,1615248000,1.119,1.22,1.109,1.199,104923879.9,122145225.55,direct,
2021-03-10,1615334400,1.199,1.208,1.114,1.133,68316806.03,79303624.65,direct,
2021-03-11,1615420800,1.133,1.14,1.11,1.125,54800404.16,61539023.85,direct,
2021-03-12,1615507200,1.125,1.129,1.026,1.032,107898739.64,115244741.31,direct,
2021-03-13,1615593600,1.032,1.19,0.9845,1.101,127124559.12,138266906.79,direct,
2021-03-14,1615680000,1.101,1.102,1.054,1.054,55832558.81,60228389.26,direct,
2021-03-15,1615766400,1.054,1.07,1.001,1.031,82773599.54,85851955.54,direct,
2021-03-16,1615852800,1.031,1.296,1.001,1.25,237296685.76,278440557.67,direct,
2021-03-17,1615939200,1.25,1.43,1.204,1.378,210004375.19,271357791.75,direct,
2021-03-18,1616025600,1.378,1.473,1.223,1.231,293819951.7,399633565.61,direct,
2021-03-19,1616112000,1.231,1.342,1.181,1.296,162068466.18,206221559.8,direct,
2021-03-20,1616198400,1.296,1.309,1.2,1.201,94894574.9,119155651.08,direct,
2021-03-21,1616284800,1.201,1.242,1.16,1.187,71949933.29,86559429.33,direct,
2021-03-22,1616371200,1.187,1.207,1.068,1.102,113344380.66,130739048.26,direct,
2021-03-23,1616457600,1.102,1.174,1.083,1.115,65992756.55,74523927.41,direct,
2021-03-24,1616544000,1.115,1.165,1.038,1.069,74277706.92,82429869.26,direct,
2021-03-25,1616630400,1.069,1.152,1.047,1.097,80026467.6,88128045.05,direct,
2021-03-26,1616716800,1.097,1.288,1.096,1.215,101137102.76,121476617.54,direct,
2021-03-27,1616803200,1.215,1.239,1.157,1.177,45036176.05,53645703.52,direct,
2021-03-28,1616889600,1.177,1.219,1.168,1.19,29216414.84,34690027.5,direct,
2021-03-29,1616976000,1.19,1.229,1.179,1.203,39472154.87,47517856.01,direct,
2021-03-30,1617062400,1.203,1.235,1.19,1.213,36309459.19,44055807.04,direct,
2021-03-31,1617148800,1.213,1.213,1.155,1.192,41610105.3,49419154.93,direct,
2021-04-01,1617235200,1.192,1.207,1.173,1.184,33275572.07,39610869.69,direct,
2021-04-02,1617321600,1.184,1.243,1.181,1.191,44558829.92,53670646.03,direct,
2021-04-03,1617408000,1.191,1.24,1.16,1.164,46607970.5,56241858.14,direct,
2021-04-04,1617494400,1.164,1.193,1.152,1.182,22622761.58,26614176.02,direct,
2021-04-05,1617580800,1.182,1.225,1.163,1.212,42751953.78,51005972.05,direct,
2021-04-06,1617667200,1.212,1.342,1.191,1.254,99411416.15,125201929.16,direct,
2021-04-07,1617753600,1.254,1.289,1.161,1.174,59350388.45,71819740.02,direct,
2021-04-08,1617840000,1.174,1.224,1.171,1.219,26815773.65,32253308.38,direct,
2021-04-09,1617926400,1.219,1.228,1.193,1.202,23377196.25,28257531.97,direct,
2021-04-10,1618012800,1.202,1.251,1.195,1.218,42965535.78,52424983.51,direct,
2021-04-11,1618099200,1.218,1.289,1.199,1.263,63460823.73,79402786.4,direct,
2021-04-12,1618185600,1.263,1.346,1.263,1.315,81415737.63,106273611.71,direct,
2021-04-13,1618272000,1.315,1.435,1.283,1.413,98915806.3,135881399.53,direct,
2021-04-14,1618358400,1.413,1.557,1.352,1.453,163320174.9,237618966.88,direct,
2021-04-15,1618444800,1.453,1.495,1.411,1.48,62456329.38,91361179.8,direct,
2021-04-16,1618531200,1.48,1.52,1.336,1.412,106390606.94,150923353.27,direct,
2021-04-17,1618617600,1.412,1.458,1.36,1.373,46971355.45,66187782.06,direct,
2021-04-18,1618704000,1.373,1.384,1.07,1.279,146982174.86,180334143.37,direct,
2021-04-19,1618790400,1.279,1.325,1.172,1.196,76316948.77,94881758.67,direct,
2021-04-20,1618876800,1.196,1.282,1.123,1.269,117046875.25,139661587.07,direct,
2021-04-21,1618963200,1.269,1.288,1.197,1.204,71564766.76,89127169.02,direct,
2021-04-22,1619049600,1.204,1.28,1.118,1.145,94197317.03,113264449.04,direct,
2021-04-23,1619136000,1.145,1.168,0.9336,1.159,166994383.44,177927123.17,direct,
2021-04-24,1619222400,1.159,1.198,1.095,1.105,56509344.34,64373069.19,direct,
2021-04-25,1619308800,1.105,1.147,1.021,1.092,55037847.27,60110463.11,direct,
2021-04-26,1619395200,1.092,1.253,1.082,1.238,76759810.28,91822699.54,direct,
2021-04-27,1619481600,1.238,1.334,1.226,1.309,66771936.04,86043075.28,direct,
2021-04-28,1619568000,1.309,1.351,1.237,1.338,68614756.75,89611154.11,direct,
2021-04-29,1619654400,1.338,1.411,1.269,1.308,101648115.6,135826339.77,direct,
2021-04-30,1619740800,1.308,1.372,1.286,1.354,50052217.88,67299102.94,direct,
2021-05-01,1619827200,1.354,1.369,1.318,1.353,32907572.49,44184231.43,direct,
2021-05-02,1619913600,1.353,1.356,1.296,1.328,34539324.95,45874211.47,direct,
2021-05-03,1620000000,1.328,1.38,1.323,1.363,49539926.13,67078921.8,direct,
2021-05-04,1620086400,1.363,1.366,1.258,1.273,78174612.14,102040241.87,direct,
2021-05-05,1620172800,1.273,1.495,1.262,1.48,132698829.76,186707971.99,direct,
2021-05-06,1620259200,1.48,1.703,1.431,1.649,248439869.69,393108691.29,direct,
2021-05-07,1620345600,1.649,1.746,1.53,1.655,143471668.81,236892851.89,direct,
2021-05-08,1620432000,1.655,1.656,1.566,1.623,66723770.76,107546719.75,direct,
2021-05-09,1620518400,1.623,1.832,1.575,1.77,149033505.43,259727793.62,direct,
2021-05-10,1620604800,1.77,1.825,1.539,1.645,119139424.53,203186962.07,direct,
2021-05-11,1620691200,1.645,1.779,1.598,1.764,86825930.82,147393918.82,direct,
2021-05-12,1620777600,1.764,1.822,1.544,1.559,117923531.86,202920466.15,direct,
2021-05-13,1620864000,1.559,1.969,1.505,1.929,277567729.27,501409792.93,direct,
2021-05-14,1620950400,1.929,2.042,1.816,2.009,105450842.05,202713436.1,direct,
2021-05-15,1621036800,2.009,2.377,1.967,2.175,230361605.01,507407769.29,direct,
2021-05-16,1621123200,2.175,2.462,2.013,2.307,204747006.72,459097571.19,direct,
2021-05-17,1621209600,2.307,2.329,1.863,2.031,207897425.99,433216591.32,direct,
2021-05-18,1621296000,2.031,2.15,1.976,2.006,102282752.3,209644283.58,direct,
2021-05-19,1621382400,2.006,2.028,1.04,1.471,485149767.62,781513663.93,direct,
2021-05-20,1621468800,1.471,1.947,1.343,1.802,267425584.55,453228691.95,direct,
2021-05-21,1621555200,1.802,1.869,1.326,1.551,210582240.42,331991066.24,direct,
2021-05-22,1621641600,1.551,1.598,1.372,1.465,120486536.68,180081183.25,direct,
2021-05-23,1621728000,1.465,1.54,1.056,1.316,273047711.93,338925172.59,direct,
2021-05-24,1621814400,1.316,1.598,1.261,1.551,153104894.19,223656156.58,direct,
2021-05-25,1621900800,1.551,1.648,1.439,1.554,110423295.91,170343022.26,direct,
2021-05-26,1621987200,1.554,1.83,1.554,1.782,166970256.11,286276096.06,direct,
2021-05-27,1622073600,1.782,1.789,1.612,1.654,81039522.55,136768582.33,direct,
2021-05-28,1622160000,1.654,1.679,1.453,1.514,113909913.34,175907135.93,direct,
2021-05-29,1622246400,1.514,1.561,1.337,1.404,94835377.6,134907385.46,direct,
2021-05-30,1622332800,1.404,1.698,1.35,1.576,111333955.94,175310366.49,direct,
2021-05-31,1622419200,1.576,1.749,1.527,1.74,92549197.39,151571562.7,direct,
2021-06-01,1622505600,1.74,1.778,1.656,1.735,89289741.64,153824983.71,direct,
2021-06-02,1622592000,1.735,1.803,1.719,1.754,70843082.78,125311773.24,direct,
2021-06-03,1622678400,1.754,1.889,1.713,1.845,68095787.54,123894855.24,direct,
2021-06-04,1622764800,1.845,1.847,1.609,1.708,103679293.67,177339958.74,direct,
2021-06-05,1622851200,1.708,1.782,1.611,1.657,59552744.16,100757323.29,direct,
2021-06-06,1622937600,1.657,1.707,1.648,1.677,28587263.7,47914801.67,direct,
2021-06-07,1623024000,1.677,1.742,1.552,1.565,74709674.46,124304327.8,direct,
2021-06-08,1623110400,1.565,1.597,1.401,1.584,127317896.46,193098516.83,direct,
2021-06-09,1623196800,1.584,1.634,1.486,1.627,78623452.53,123181287.7,direct,
2021-06-10,1623283200,1.627,1.636,1.509,1.533,49345825.88,77042169.74,direct,
2021-06-11,1623369600,1.533,1.547,1.421,1.436,53779603.79,79811144.13,direct,
2021-06-12,1623456000,1.436,1.493,1.358,1.477,53575668.29,76321912.81,direct,
2021-06-13,1623542400,1.477,1.58,1.402,1.559,57311262.3,85040079.32,direct,
2021-06-14,1623628800,1.559,1.594,1.508,1.577,50552655.37,78537353.52,direct,
2021-06-15,1623715200,1.577,1.611,1.544,1.556,37827949.4,59489310.74,direct,
2021-06-16,1623801600,1.556,1.574,1.475,1.484,33630086.7,51011496.16,direct,
2021-06-17,1623888000,1.484,1.538,1.458,1.482,29561230.38,44145311.69,direct,
2021-06-18,1623974400,1.482,1.492,1.376,1.415,42845486.42,61044771.63,direct,
2021-06-19,1624060800,1.415,1.441,1.384,1.385,30935731.87,43756712.75,direct,
2021-06-20,1624147200,1.385,1.459,1.308,1.426,62682578.03,86425758.38,direct,
2021-06-21,1624233600,1.426,1.436,1.168,1.176,117603690.09,151459034.1,direct,
2021-06-22,1624320000,1.176,1.263,1.001,1.155,186460772.12,210021036.69,direct,
2021-06-23,1624406400,1.155,1.309,1.12,1.251,100924798.64,124766882.83,direct,
2021-06-24,1624492800,1.251,1.399,1.202,1.358,64197924.67,85325605.15,direct,
2021-06-25,1624579200,1.358,1.394,1.245,1.255,35711439.09,46735357.68,direct,
2021-06-26,1624665600,1.255,1.29,1.199,1.251,23828426.47,29606234.94,direct,
2021-06-27,1624752000,1.251,1.347,1.244,1.337,18045667.2,23229043.91,direct,
2021-06-28,1624838400,1.337,1.349,1.306,1.326,20007782.15,26582760.61,direct,
2021-06-29,1624924800,1.326,1.42,1.321,1.371,26113269.33,35934284.11,direct,
2021-06-30,1625011200,1.371,1.399,1.287,1.384,30671651.18,41253112.24,direct,
2021-07-01,1625097600,1.384,1.385,1.304,1.336,19152135.63,25647402.09,direct,
2021-07-02,1625184000,1.336,1.395,1.286,1.395,21501102.96,28875675.07,direct,
2021-07-03,1625270400,1.395,1.442,1.359,1.405,15850465.44,22294048.93,direct,
2021-07-04,1625356800,1.405,1.494,1.384,1.46,13124080.94,18953697.63,direct,
2021-07-05,1625443200,1.46,1.461,1.378,1.405,30048595.75,42506589.01,direct,
2021-07-06,1625529600,1.405,1.456,1.391,1.418,22822034.2,32474525.59,direct,
2021-07-07,1625616000,1.418,1.44,1.401,1.403,17818558.31,25367419.65,direct,
2021-07-08,1625702400,1.403,1.405,1.32,1.329,31964250.73,43575459.98,direct,
2021-07-09,1625788800,1.329,1.373,1.288,1.35,30573541.43,40729463.81,direct,
2021-07-10,1625875200,1.35,1.365,1.319,1.336,13882420.25,18561484.53,direct,
2021-07-11,1625961600,1.336,1.367,1.325,1.348,12750201.72,17131802.53,direct,
2021-07-12,1626048000,1.348,1.373,1.292,1.314,20793837.29,27617453.98,direct,
2021-07-13,1626134400,1.314,1.321,1.25,1.265,28156677.5,36092318.07,direct,
2021-07-14,1626220800,1.265,1.289,1.2,1.263,34354423.18,42740406.97,direct,
2021-07-15,1626307200,1.263,1.289,1.206,1.226,26612469.65,32855655.63,direct,
2021-07-16,1626393600,1.226,1.245,1.159,1.172,27129858.68,32488151.5,direct,
2021-07-17,1626480000,1.172,1.195,1.151,1.173,21900904.64,25644632.59,direct,
2021-07-18,1626566400,1.173,1.218,1.168,1.183,16138250.0,19246511.23,direct,
2021-07-19,1626652800,1.183,1.191,1.117,1.122,23650047.44,26985843.86,direct,
2021-07-20,1626739200,1.122,1.136,1.022,1.055,65779431.35,69767786.57,direct,
2021-07-21,1626825600,1.055,1.222,1.038,1.169,59188666.74,67879337.32,direct,
2021-07-22,1626912000,1.169,1.207,1.151,1.186,28247570.52,33304963.68,direct,
2021-07-23,1626998400,1.186,1.207,1.148,1.207,21963982.29,25836119.46,direct,
2021-07-24,1627084800,1.207,1.249,1.199,1.234,25637729.11,31267655.95,direct,
2021-07-25,1627171200,1.234,1.239,1.192,1.229,19217277.7,23368546.32,direct,
2021-07-26,1627257600,1.229,1.399,1.224,1.256,81484571.06,107277399.85,direct,
2021-07-27,1627344000,1.256,1.316,1.214,1.28,42410130.08,53421500.18,direct,
2021-07-28,1627430400,1.28,1.318,1.259,1.287,30047494.52,38644325.56,direct,
2021-07-29,1627516800,1.287,1.298,1.259,1.284,22682574.16,29005091.73,direct,
2021-07-30,1627603200,1.284,1.317,1.25,1.311,26788586.49,34534651.14,direct,
2021-07-31,1627689600,1.311,1.333,1.289,1.318,23188499.89,30409147.12,direct,
2021-08-01,1627776000,1.318,1.388,1.3,1.316,37250702.43,50338495.66,direct,
2021-08-02,1627862400,1.316,1.35,1.295,1.31,21313891.66,28151492.37,direct,
2021-08-03,1627948800,1.31,1.381,1.263,1.368,40445960.54,53758661.09,direct,
2021-08-04,1628035200,1.368,1.393,1.324,1.377,30925866.56,42139434.55,direct,
2021-08-05,1628121600,1.377,1.398,1.339,1.387,29429192.89,40428282.27,direct,
2021-08-06,1628208000,1.387,1.426,1.363,1.402,36811684.93,51224897.78,direct,
2021-08-07,1628294400,1.402,1.485,1.397,1.475,44855696.45,64995565.84,direct,
2021-08-08,1628380800,1.475,1.495,1.409,1.427,34657080.97,50374850.02,direct,
2021-08-09,1628467200,1.427,1.5,1.395,1.476,37761855.21,54972482.87,direct,
2021-08-10,1628553600,1.476,1.699,1.458,1.678,79083838.43,125239929.46,direct,
2021-08-11,1628640000,1.678,1.895,1.671,1.797,122421381.03,220512410.38,direct,
2021-08-12,1628726400,1.797,1.868,1.683,1.831,91000591.13,161416455.63,direct,
2021-08-13,1628812800,1.831,2.15,1.824,2.139,163214196.48,325366841.73,direct,
2021-08-14,1628899200,2.139,2.249,2.085,2.191,107763083.26,232636746.22,direct,
2021-08-15,1628985600,2.191,2.248,2.037,2.169,71067951.81,152361870.0,direct,
2021-08-16,1629072000,2.169,2.196,2.048,2.073,59919248.62,127564365.29,direct,
2021-08-17,1629158400,2.073,2.142,1.909,1.925,86917283.33,176535754.47,direct,
2021-08-18,1629244800,1.925,2.164,1.873,2.105,98084441.43,199913570.77,direct,
2021-08-19,1629331200,2.105,2.449,2.048,2.441,159754857.29,357696275.04,direct,
2021-08-20,1629417600,2.441,2.581,2.373,2.457,140664245.13,349310514.13,direct,
2021-08-21,1629504000,2.457,2.528,2.387,2.437,91588198.26,224191260.48,direct,
2021-08-22,1629590400,2.437,2.724,2.433,2.713,284453585.79,732097559.76,direct,
2021-08-23,1629676800,2.713,2.97,2.68,2.917,383861985.83,1095576880.06,direct,
2021-08-24,1629763200,2.917,2.948,2.616,2.72,232283340.18,655576181.5,direct,
2021-08-25,1629849600,2.72,2.796,2.607,2.741,78702609.03,214106228.67,direct,
2021-08-26,1629936000,2.741,2.783,2.473,2.533,99180206.45,256919751.45,direct,
2021-08-27,1630022400,2.533,2.946,2.497,2.946,108993407.82,299327221.43,direct,
2021-08-28,1630108800,2.946,2.949,2.778,2.849,50177732.78,142845763.83,direct,
2021-08-29,1630195200,2.849,2.933,2.723,2.854,56826064.91,162004481.29,direct,
2021-08-30,1630281600,2.854,2.886,2.724,2.736,59875684.55,168026523.59,direct,
2021-08-31,1630368000,2.736,2.879,2.704,2.771,63904983.81,177694823.06,direct,
2021-09-01,1630454400,2.771,2.905,2.725,2.87,56281372.56,159140530.54,direct,
2021-09-02,1630540800,2.87,3.097,2.838,2.963,104174582.4,312196311.79,direct,
2021-09-03,1630627200,2.963,3.032,2.906,2.968,51985203.76,154275493.82,direct,
2021-09-04,1630713600,2.968,2.968,2.805,2.832,47905164.22,138315131.43,direct,
2021-09-05,1630800000,2.832,2.957,2.826,2.913,46409560.38,134035807.26,direct,
2021-09-06,1630886400,2.913,2.928,2.806,2.835,45033760.22,128698345.27,direct,
2021-09-07,1630972800,2.835,2.875,2.041,2.511,230640512.36,577055049.41,direct,
2021-09-08,1631059200,2.511,2.564,2.199,2.471,125607351.43,302361153.15,direct,
2021-09-09,1631145600,2.471,2.622,2.393,2.517,98696715.31,249846243.84,direct,
2021-09-10,1631232000,2.517,2.585,2.278,2.383,77236463.72,186936060.11,direct,
2021-09-11,1631318400,2.383,2.796,2.369,2.636,113146836.5,298525957.59,direct,
2021-09-12,1631404800,2.636,2.786,2.505,2.583,98042654.11,257372679.12,direct,
2021-09-13,1631491200,2.583,2.591,2.316,2.402,90973391.24,220474542.99,direct,
2021-09-14,1631577600,2.402,2.437,2.324,2.398,47388132.26,113123722.13,direct,
2021-09-15,1631664000,2.398,2.582,2.361,2.505,56518099.97,140039553.94,direct,
2021-09-16,1631750400,2.505,2.517,2.383,2.419,37324127.81,91430199.85,direct,
2021-09-17,1631836800,2.419,2.441,2.315,2.35,37267642.73,88570087.11,direct,
2021-09-18,1631923200,2.35,2.437,2.313,2.372,31586324.68,75246590.88,direct,
2021-09-19,1632009600,2.372,2.396,2.263,2.282,33345947.11,77760760.1,direct,
2021-09-20,1632096000,2.282,2.292,1.973,2.08,148922644.05,315821157.26,direct,
2021-09-21,1632182400,2.08,2.227,1.915,1.985,103171519.96,213795807.02,direct,
2021-09-22,1632268800,1.985,2.268,1.97,2.258,53825274.58,115175739.43,direct,
2021-09-23,1632355200,2.258,2.344,2.182,2.33,45140773.59,101591318.36,direct,
2021-09-24,1632441600,2.33,2.344,2.072,2.281,75573974.52,168789901.63,direct,
2021-09-25,1632528000,2.281,2.457,2.24,2.302,66616577.43,157052382.86,direct,
2021-09-26,1632614400,2.302,2.302,2.152,2.209,41879269.27,94026724.23,direct,
2021-09-27,1632700800,2.209,2.275,2.131,2.132,32596455.64,72040681.69,direct,
2021-09-28,1632787200,2.132,2.173,2.031,2.039,32407116.51,67922684.7,direct,
2021-09-29,1632873600,2.039,2.144,2.022,2.066,33640830.56,69723092.05,direct,
2021-09-30,1632960000,2.066,2.136,2.055,2.116,32003833.46,67184973.17,direct,
2021-10-01,1633046400,2.116,2.275,2.094,2.255,39816104.81,87657753.61,direct,
2021-10-02,1633132800,2.255,2.322,2.196,2.25,24578172.43,55627206.49,direct,
2021-10-03,1633219200,2.25,2.308,2.225,2.254,24780872.67,56200495.12,direct,
2021-10-04,1633305600,2.254,2.254,2.154,2.192,30227656.82,66364226.69,direct,
2021-10-05,1633392000,2.192,2.258,2.182,2.234,26018095.18,57666236.85,direct,
2021-10-06,1633478400,2.234,2.25,2.116,2.211,51271889.49,113316322.2,direct,
2021-10-07,1633564800,2.212,2.374,2.152,2.279,41877877.3,95081141.68,direct,
2021-10-08,1633651200,2.279,2.312,2.223,2.237,14855115.01,33725682.99,direct,
2021-10-09,1633737600,2.237,2.3,2.222,2.269,10539168.28,23861879.47,direct,
2021-10-10,1633824000,2.269,2.277,2.167,2.193,12968014.53,28912926.21,direct,
2021-10-11,1633910400,2.193,2.25,2.116,2.172,19323339.18,42159764.97,direct,
2021-10-12,1633996800,2.172,2.172,2.074,2.118,30905581.51,65516517.44,direct,
2021-10-13,1634083200,2.118,2.199,2.083,2.188,30425358.93,64948505.8,direct,
2021-10-14,1634169600,2.188,2.222,2.159,2.173,27392860.44,59879101.47,direct,
2021-10-15,1634256000,2.173,2.24,2.139,2.218,45349306.85,99599748.33,direct,
2021-10-16,1634342400,2.218,2.248,2.172,2.178,21512110.82,47562282.67,direct,
2021-10-17,1634428800,2.178,2.188,2.095,2.158,23074256.84,49626785.92,direct,
2021-10-18,1634515200,2.158,2.173,2.107,2.129,19713402.44,42105323.02,direct,
2021-10-19,1634601600,2.129,2.156,2.094,2.111,21083440.31,44700074.56,direct,
2021-10-20,1634688000,2.111,2.208,2.093,2.189,39927912.15,86346236.04,direct,
2021-10-21,1634774400,2.189,2.297,1.496,2.138,67287121.46,144579332.12,direct,
2021-10-22,1634860800,2.138,2.209,2.127,2.155,35134372.96,76115084.32,direct,
2021-10-23,1634947200,2.155,2.173,2.134,2.165,17003014.14,36623023.17,direct,
2021-10-24,1635033600,2.165,2.167,2.095,2.12,21736670.71,46230772.98,direct,
2021-10-25,1635120000,2.12,2.176,2.115,2.145,24162076.3,51921058.84,direct,
2021-10-26,1635206400,2.145,2.2,2.119,2.137,32627515.2,70703339.54,direct,
2021-10-27,1635292800,2.137,2.154,1.846,1.913,86254689.53,171242205.75,direct,
2021-10-28,1635379200,1.913,2.057,1.909,1.989,56978803.04,112901408.25,direct,
2021-10-29,1635465600,1.989,2.043,1.982,2.013,31235317.89,62763212.87,direct,
2021-10-30,1635552000,2.013,2.017,1.926,1.955,31880908.68,63000038.73,direct,
2021-10-31,1635638400,1.955,2.028,1.921,1.966,29114143.5,57125601.65,direct,
2021-11-01,1635724800,1.966,2.018,1.916,1.949,31629497.7,61942894.18,direct,
2021-11-02,1635811200,1.949,1.996,1.903,1.971,33815078.26,66510911.36,direct,
2021-11-03,1635897600,1.971,2.144,1.951,2.064,76217608.04,157408879.55,direct,
2021-11-04,1635984000,2.064,2.103,1.941,1.982,31504036.29,63365749.84,direct,
2021-11-05,1636070400,1.982,2.019,1.962,1.983,21734034.02,43235827.0,direct,
2021-11-06,1636156800,1.983,2.04,1.945,2.005,23002758.16,45698117.5,direct,
2021-11-07,1636243200,2.005,2.036,1.977,2.02,19081141.2,38313312.74,direct,
2021-11-08,1636329600,2.02,2.139,2.011,2.126,37171045.97,77143706.41,direct,
2021-11-09,1636416000,2.126,2.378,2.108,2.268,109468883.65,247992926.02,direct,
2021-11-10,1636502400,2.268,2.327,1.945,2.101,91623347.98,198950717.88,direct,
2021-11-11,1636588800,2.101,2.151,2.062,2.081,29399341.83,61811329.0,direct,
2021-11-12,1636675200,2.081,2.097,1.992,2.049,33476516.33,68475062.7,direct,
2021-11-13,1636761600,2.049,2.079,2.023,2.052,16628618.08,34128267.63,direct,
2021-11-14,1636848000,2.052,2.069,2.012,2.04,14775954.32,30110180.63,direct,
2021-11-15,1636934400,2.04,2.093,2.013,2.018,19373199.06,39660022.99,direct,
2021-11-16,1637020800,2.018,2.019,1.775,1.877,66248574.78,126309459.83,direct,
2021-11-17,1637107200,1.877,1.89,1.799,1.878,34831730.63,64546005.45,direct,
2021-11-18,1637193600,1.878,1.908,1.707,1.788,53552381.55,96681138.79,direct,
2021-11-19,1637280000,1.788,1.895,1.756,1.864,32919245.95,60247892.69,direct,
2021-11-20,1637366400,1.864,1.957,1.863,1.923,24733954.75,47039286.36,direct,
2021-11-21,1637452800,1.923,1.925,1.837,1.839,16235063.92,30408777.29,direct,
2021-11-22,1637539200,1.839,1.84,1.761,1.779,24283863.25,43691256.6,direct,
2021-11-23,1637625600,1.779,1.817,1.744,1.749,32969418.81,58524276.13,direct,
2021-11-24,1637712000,1.749,1.751,1.593,1.668,72561154.07,120587488.06,direct,
2021-11-25,1637798400,1.668,1.75,1.621,1.675,43470394.73,73511450.41,direct,
2021-11-26,1637884800,1.675,1.685,1.5,1.534,71336813.56,111410060.2,direct,
2021-11-27,1637971200,1.534,1.586,1.533,1.544,23123672.0,36090068.87,direct,
2021-11-28,1638057600,1.544,1.6,1.422,1.596,52685613.77,79380348.09,direct,
2021-11-29,1638144000,1.596,1.636,1.56,1.603,26581662.02,42426987.53,direct,
2021-11-30,1638230400,1.603,1.628,1.547,1.554,33673046.88,53326835.46,direct,
2021-12-01,1638316800,1.554,1.623,1.534,1.548,28940745.64,45719421.05,direct,
2021-12-02,1638403200,1.548,1.758,1.521,1.72,67551559.8,113119169.95,direct,
2021-12-03,1638489600,1.72,1.728,1.526,1.559,43820685.76,71005281.77,direct,
2021-12-04,1638576000,1.559,1.559,1.231,1.423,105877429.83,145269010.84,direct,
2021-12-05,1638662400,1.423,1.436,1.289,1.38,50399008.12,68407225.76,direct,
2021-12-06,1638748800,1.38,1.44,1.258,1.423,55862959.66,74556616.05,direct,
2021-12-07,1638835200,1.423,1.479,1.367,1.379,40154142.6,57421285.83,direct,
2021-12-08,1638921600,1.379,1.423,1.344,1.396,30548524.81,42228111.98,direct,
2021-12-09,1639008000,1.396,1.409,1.289,1.291,35586803.62,47695371.38,direct,
2021-12-10,1639094400,1.291,1.332,1.208,1.211,40940261.19,52258246.63,direct,
2021-12-11,1639180800,1.211,1.361,1.192,1.352,49216938.42,62815374.33,direct,
2021-12-12,1639267200,1.352,1.414,1.321,1.347,26621736.29,36201800.55,direct,
2021-12-13,1639353600,1.347,1.357,1.203,1.225,40222525.16,50679869.16,direct,
2021-12-14,1639440000,1.225,1.283,1.201,1.267,34767430.24,43115081.81,direct,
2021-12-15,1639526400,1.267,1.331,1.206,1.311,35544625.6,44950556.58,direct,
2021-12-16,1639612800,1.311,1.33,1.237,1.24,25209863.84,32592937.97,direct,
2021-12-17,1639699200,1.24,1.258,1.185,1.219,32500189.55,39949662.68,direct,
2021-12-18,1639785600,1.219,1.266,1.201,1.243,18078387.01,22396359.36,direct,
2021-12-19,1639872000,1.243,1.311,1.241,1.244,29909078.21,38184074.93,direct,
2021-12-20,1639958400,1.244,1.26,1.202,1.238,29777995.49,36548372.9,direct,
2021-12-21,1640044800,1.238,1.29,1.228,1.281,27589135.68,34831358.63,direct,
2021-12-22,1640131200,1.281,1.367,1.277,1.328,31828772.49,42231132.32,direct,
2021-12-23,1640217600,1.328,1.49,1.308,1.474,48901001.63,68643605.39,direct,
2021-12-24,1640304000,1.474,1.49,1.383,1.392,28319576.85,40815999.85,direct,
2021-12-25,1640390400,1.392,1.46,1.382,1.454,20289814.05,29025706.45,direct,
2021-12-26,1640476800,1.454,1.467,1.409,1.456,25172265.47,36351107.72,direct,
2021-12-27,1640563200,1.456,1.592,1.452,1.516,38865129.58,59839480.34,direct,
2021-12-28,1640649600,1.516,1.538,1.376,1.399,48750090.22,70804201.02,direct,
2021-12-29,1640736000,1.399,1.436,1.324,1.332,36908302.18,51033648.49,direct,
2021-12-30,1640822400,1.332,1.377,1.299,1.358,39015677.34,52282855.41,direct,
2021-12-31,1640908800,1.358,1.382,1.281,1.309,41018289.64,54557985.25,direct,
2022-01-01,1640995200,1.309,1.38,1.306,1.38,23188287.28,30938756.22,direct,
2022-01-02,1641081600,1.38,1.391,1.343,1.378,18197635.52,24852255.86,direct,
2022-01-03,1641168000,1.378,1.378,1.311,1.319,24375000.03,32705952.79,direct,
2022-01-04,1641254400,1.319,1.351,1.296,1.309,26521361.93,35077542.83,direct,
2022-01-05,1641340800,1.309,1.352,1.195,1.23,43273328.16,55246989.39,direct,
2022-01-06,1641427200,1.23,1.297,1.187,1.28,89365800.38,110854749.79,direct,
2022-01-07,1641513600,1.28,1.285,1.19,1.209,154957792.07,189441984.15,direct,
2022-01-08,1641600000,1.209,1.254,1.129,1.183,139569280.7,165569511.51,direct,
2022-01-09,1641686400,1.183,1.206,1.148,1.17,96209308.69,113464282.35,direct,
2022-01-10,1641772800,1.17,1.181,1.072,1.124,149707193.36,168545001.67,direct,
2022-01-11,1641859200,1.124,1.196,1.123,1.188,91595888.4,106419734.98,direct,
2022-01-12,1641945600,1.188,1.312,1.187,1.312,123412556.95,154607463.97,direct,
2022-01-13,1642032000,1.312,1.354,1.228,1.233,135802324.71,174595716.62,direct,
2022-01-14,1642118400,1.233,1.309,1.22,1.293,119732807.37,151292162.59,direct,
2022-01-15,1642204800,1.293,1.319,1.252,1.292,60116675.95,77115522.5,direct,
2022-01-16,1642291200,1.292,1.423,1.287,1.412,160628885.55,221964740.14,direct,
2022-01-17,1642377600,1.412,1.605,1.387,1.603,334559513.83,503785328.58,direct,
2022-01-18,1642464000,1.603,1.638,1.412,1.459,273407776.66,414410296.23,direct,
2022-01-19,1642550400,1.459,1.534,1.327,1.337,246759218.51,348583535.19,direct,
2022-01-20,1642636800,1.337,1.427,1.25,1.26,234189091.39,314221350.23,direct,
2022-01-21,1642723200,1.26,1.287,1.101,1.121,369137766.93,444147412.08,direct,
2022-01-22,1642809600,1.121,1.155,0.9262,1.071,493723683.68,525240338.18,direct,
2022-01-23,1642896000,1.071,1.169,1.052,1.125,245723406.93,270173995.76,direct,
2022-01-24,1642982400,1.125,1.125,0.9517,1.067,396656818.87,405885523.7,direct,
2022-01-25,1643068800,1.067,1.075,0.9927,1.042,184039424.16,190782124.58,direct,
2022-01-26,1643155200,1.042,1.158,1.023,1.078,291307154.4,316419472.86,direct,
2022-01-27,1643241600,1.078,1.08,1.003,1.043,185103740.84,192245211.63,direct,
2022-01-28,1643328000,1.043,1.06,1.01,1.049,134225580.15,139124250.93,direct,
2022-01-29,1643414400,1.049,1.083,1.039,1.06,91672911.64,97265325.53,direct,
2022-01-30,1643500800,1.06,1.078,1.024,1.036,76089273.1,79973638.56,direct,
2022-01-31,1643587200,1.036,1.059,1.01,1.052,125057194.29,129179460.74,direct,
2022-02-01,1643673600,1.052,1.097,1.035,1.096,133115589.67,141437864.07,direct,
2022-02-02,1643760000,1.096,1.103,1.024,1.027,129091691.44,137218279.14,direct,
2022-02-03,1643846400,1.027,1.062,1.018,1.061,103272160.84,107295538.72,direct,
2022-02-04,1643932800,1.061,1.14,1.046,1.139,124215791.36,134691680.22,direct,
2022-02-05,1644019200,1.139,1.178,1.097,1.126,116587100.95,132961437.54,direct,
2022-02-06,1644105600,1.126,1.151,1.099,1.144,70832377.52,79703621.02,direct,
2022-02-07,1644192000,1.144,1.209,1.127,1.199,173247752.16,204634466.86,direct,
2022-02-08,1644278400,1.199,1.264,1.134,1.176,180067716.14,215825790.41,direct,
2022-02-09,1644364800,1.176,1.215,1.153,1.195,109579875.37,130529768.43,direct,
2022-02-10,1644451200,1.195,1.225,1.145,1.152,136309104.56,161150238.73,direct,
2022-02-11,1644537600,1.152,1.164,1.068,1.08,113120124.09,127702143.7,direct,
2022-02-12,1644624000,1.08,1.093,1.03,1.059,104607089.61,111318103.33,direct,
2022-02-13,1644710400,1.059,1.077,1.033,1.043,72148998.4,76047314.34,direct,
2022-02-14,1644796800,1.043,1.055,1.019,1.05,97776991.37,101383281.6,direct,
2022-02-15,1644883200,1.05,1.115,1.049,1.109,107690453.13,116941025.1,direct,
2022-02-16,1644969600,1.109,1.112,1.066,1.083,74066792.86,80614877.77,direct,
2022-02-17,1645056000,1.083,1.094,1.01,1.021,91753017.01,96362844.26,direct,
2022-02-18,1645142400,1.021,1.043,0.9851,0.9959,120425860.25,121832844.95,direct,
2022-02-19,1645228800,0.9959,1.019,0.9742,0.997,89559638.69,89191607.82,direct,
2022-02-20,1645315200,0.997,0.9981,0.9194,0.9319,148011525.11,140037829.43,direct,
2022-02-21,1645401600,0.9319,0.992,0.8526,0.8578,217145086.48,201565400.71,direct,
2022-02-22,1645488000,0.8578,0.8961,0.8143,0.8883,257871513.27,221355097.0,direct,
2022-02-23,1645574400,0.8883,0.9596,0.8635,0.866,174261181.8,159107084.41,direct,
2022-02-24,1645660800,0.866,0.8998,0.7477,0.8532,382327005.08,308282191.99,direct,
2022-02-25,1645747200,0.8532,0.9096,0.8246,0.8996,155623857.0,134870059.57,direct,
2022-02-26,1645833600,0.8996,0.93,0.8819,0.8872,87564905.45,79256922.39,direct,
2022-02-27,1645920000,0.8872,0.9147,0.8333,0.8568,106435786.9,92698917.83,direct,
2022-02-28,1646006400,0.8568,0.9696,0.8428,0.9643,156975815.23,142666864.99,direct,
2022-03-01,1646092800,0.9643,1.012,0.9414,0.9631,162275582.49,157493359.72,direct,
2022-03-02,1646179200,0.9631,0.9768,0.9278,0.939,111878508.26,106530267.08,direct,
2022-03-03,1646265600,0.939,0.9455,0.8841,0.9023,97841994.86,89270999.7,direct,
2022-03-04,1646352000,0.9023,0.9027,0.8273,0.8446,103678039.19,89904193.26,direct,
2022-03-05,1646438400,0.8446,0.8825,0.821,0.8654,75061734.45,64112584.36,direct,
2022-03-06,1646524800,0.8654,0.8716,0.8202,0.823,58238011.13,49086996.55,direct,
2022-03-07,1646611200,0.823,0.8467,0.7781,0.7955,116438225.52,94566452.97,direct,
2022-03-08,1646697600,0.7955,0.8209,0.7879,0.802,98364836.44,78959191.82,direct,
2022-03-09,1646784000,0.802,0.863,0.7996,0.8489,101517840.18,85246683.33,direct,
2022-03-10,1646870400,0.8489,0.8533,0.7876,0.8068,89207321.29,72337044.78,direct,
2022-03-11,1646956800,0.8068,0.8189,0.7829,0.7884,81028956.4,64496520.59,direct,
2022-03-12,1647043200,0.7884,0.8016,0.7861,0.7882,39114246.37,31093280.94,direct,
2022-03-13,1647129600,0.7882,0.8199,0.7811,0.7905,55349767.54,44259728.11,direct,
2022-03-14,1647216000,0.7905,0.8128,0.7778,0.8029,68491606.27,54569659.97,direct,
2022-03-15,1647302400,0.8029,0.817,0.7841,0.799,72795781.88,58152697.68,direct,
2022-03-16,1647388800,0.799,0.8396,0.7945,0.839,95397776.86,77813227.62,direct,
2022-03-17,1647475200,0.839,0.8576,0.8286,0.8369,68613511.26,57877494.58,direct,
2022-03-18,1647561600,0.8369,0.8599,0.8221,0.8522,65310570.58,54930377.72,direct,
2022-03-19,1647648000,0.8522,0.9154,0.8513,0.9032,82690511.24,73305730.57,direct,
2022-03-20,1647734400,0.9032,0.9157,0.8645,0.8775,62654160.74,55571077.22,direct,
2022-03-21,1647820800,0.8775,0.9294,0.8639,0.9186,91533866.02,82615511.28,direct,
2022-03-22,1647907200,0.9186,0.9878,0.9083,0.9758,137194145.39,131159251.62,direct,
2022-03-23,1647993600,0.9758,1.11,0.9582,1.108,270738270.22,281599102.82,direct,
2022-03-24,1648080000,1.108,1.189,1.081,1.131,254456932.61,290167029.56,direct,
2022-03-25,1648166400,1.131,1.167,1.075,1.097,175447926.89,196295089.92,direct,
2022-03-26,1648252800,1.097,1.159,1.08,1.153,101616931.52,114374811.55,direct,
2022-03-27,1648339200,1.153,1.187,1.106,1.184,103131409.25,118317650.54,direct,
2022-03-28,1648425600,1.184,1.246,1.161,1.17,199161591.03,239839329.3,direct,
2022-03-29,1648512000,1.17,1.241,1.167,1.191,120372915.01,144693620.02,direct,
2022-03-30,1648598400,1.191,1.218,1.164,1.189,95035773.49,113049614.33,direct,
2022-03-31,1648684800,1.189,1.228,1.133,1.142,149495829.2,175860171.95,direct,
2022-04-01,1648771200,1.142,1.175,1.104,1.165,114036890.38,130598612.72,direct,
2022-04-02,1648857600,1.165,1.196,1.148,1.156,84531438.43,99252941.74,direct,
2022-04-03,1648944000,1.156,1.2,1.144,1.186,59602533.05,69967091.61,direct,
2022-04-04,1649030400,1.186,1.245,1.161,1.212,139759498.03,168050507.47,direct,
2022-04-05,1649116800,1.212,1.219,1.164,1.171,66031353.84,78989350.62,direct,
2022-04-06,1649203200,1.171,1.173,1.048,1.053,152469681.31,169172703.82,direct,
2022-04-07,1649289600,1.053,1.112,1.04,1.09,94601678.09,101617178.02,direct,
2022-04-08,1649376000,1.09,1.099,1.019,1.025,77347749.56,82403791.07,direct,
2022-04-09,1649462400,1.025,1.047,1.022,1.045,40932285.94,42323367.4,direct,
2022-04-10,1649548800,1.045,1.07,1.024,1.027,39562763.24,41392081.49,direct,
2022-04-11,1649635200,1.027,1.033,0.9173,0.9197,142782679.78,138299382.25,direct,
2022-04-12,1649721600,0.9197,0.9827,0.9161,0.9542,88643894.06,84294012.9,direct,
2022-04-13,1649808000,0.9542,0.98,0.9351,0.9747,65926623.38,63239879.61,direct,
2022-04-14,1649894400,0.9747,0.9853,0.923,0.9323,67702929.44,64406101.68,direct,
2022-04-15,1649980800,0.9323,0.9586,0.9299,0.956,53175540.09,50460490.52,direct,
2022-04-16,1650067200,0.956,0.9625,0.9376,0.9516,29829141.39,28371490.85,direct,
2022-04-17,1650153600,0.9516,0.9622,0.9125,0.9151,33113039.24,31158449.33,direct,
2022-04-18,1650240000,0.9151,0.938,0.875,0.9367,77148906.73,69900423.69,direct,
2022-04-19,1650326400,0.9367,0.9568,0.9273,0.9526,49167140.95,46253179.11,direct,
2022-04-20,1650412800,0.9526,0.9753,0.931,0.9366,54273205.4,51546773.04,direct,
2022-04-21,1650499200,0.9366,0.9705,0.8927,0.9102,62220400.37,58445192.7,direct,
2022-04-22,1650585600,0.9102,0.9245,0.8911,0.9064,45581667.63,41432491.22,direct,
2022-04-23,1650672000,0.9064,0.9125,0.8825,0.8873,30172340.73,27078953.11,direct,
2022-04-24,1650758400,0.8873,0.8987,0.8778,0.886,29294766.91,26031026.56,direct,
2022-04-25,1650844800,0.886,0.9028,0.8271,0.8977,117381941.99,101215795.77,direct,
2022-04-26,1650931200,0.8977,0.9028,0.817,0.8262,105367310.77,89751044.07,direct,
2022-04-27,1651017600,0.8262,0.8559,0.8196,0.8405,74818176.12,62692260.13,direct,
2022-04-28,1651104000,0.8405,0.8532,0.826,0.8435,68777071.67,57996577.35,direct,
2022-04-29,1651190400,0.8435,0.8492,0.7899,0.8048,86765287.53,70838647.47,direct,
2022-04-30,1651276800,0.8048,0.8178,0.7369,0.7561,86322072.04,67511721.77,direct,
2022-05-01,1651363200,0.7561,0.8001,0.7456,0.7901,92155711.71,71365280.32,direct,
2022-05-02,1651449600,0.7901,0.7968,0.7641,0.7807,67558008.6,52750235.6,direct,
2022-05-03,1651536000,0.7807,0.7993,0.7603,0.7709,52982959.61,41397806.15,direct,
2022-05-04,1651622400,0.7709,0.8988,0.7677,0.8983,118720668.25,99190031.72,direct,
2022-05-05,1651708800,0.8983,0.9047,0.7728,0.7886,173819978.62,145015543.26,direct,
2022-05-06,1651795200,0.7886,0.7989,0.7634,0.7832,94967154.01,74401006.85,direct,
2022-05-07,1651881600,0.7832,0.7857,0.7472,0.7599,53644704.28,41361853.89,direct,
2022-05-08,1651968000,0.7599,0.7657,0.726,0.7403,86092535.56,63993950.01,direct,
2022-05-09,1652054400,0.7403,0.7537,0.5991,0.6012,344299025.93,227014585.28,direct,
2022-05-10,1652140800,0.6012,0.701,0.5841,0.6282,312091719.09,202696010.67,direct,
2022-05-11,1652227200,0.6282,0.6617,0.4706,0.5164,479736890.12,274945883.55,direct,
2022-05-12,1652313600,0.5164,0.5487,0.3919,0.472,481761579.3,224193066.61,direct,
2022-05-13,1652400000,0.472,0.6061,0.4681,0.5283,309999574.68,171898654.41,direct,
2022-05-14,1652486400,0.5283,0.556,0.4882,0.537,138667600.93,72187640.54,direct,
2022-05-15,1652572800,0.537,0.5992,0.5142,0.5979,130234423.73,72535803.31,direct,
2022-05-16,1652659200,0.5979,0.6132,0.5437,0.5555,159224193.6,90780343.38,direct,
2022-05-17,1652745600,0.5555,0.5986,0.5506,0.577,111433522.83,64031297.9,direct,
2022-05-18,1652832000,0.577,0.5857,0.5022,0.5048,121598147.45,65252321.84,direct,
2022-05-19,1652918400,0.5048,0.5459,0.4913,0.5327,108571118.07,56605633.64,direct,
2022-05-20,1653004800,0.5327,0.5441,0.501,0.5157,116824181.04,60790945.11,direct,
2022-05-21,1653091200,0.5157,0.5378,0.5082,0.5279,47756989.36,25110267.67,direct,
2022-05-22,1653177600,0.5279,0.5478,0.5213,0.5412,52838709.78,28374662.87,direct,
2022-05-23,1653264000,0.5412,0.5587,0.5038,0.5124,95371917.23,51272293.28,direct,
2022-05-24,1653350400,0.5124,0.5245,0.4923,0.5213,94132589.47,48146344.38,direct,
2022-05-25,1653436800,0.5213,0.5319,0.5065,0.5139,69567359.67,35879918.74,direct,
2022-05-26,1653523200,0.5139,0.5203,0.4616,0.4787,128997439.62,62983793.29,direct,
2022-05-27,1653609600,0.4787,0.4832,0.445,0.4559,167194737.6,77077082.49,direct,
2022-05-28,1653696000,0.4559,0.4692,0.4461,0.4641,68632625.9,31473050.19,direct,
2022-05-29,1653782400,0.4641,0.4823,0.456,0.4816,65358592.22,30726740.58,direct,
2022-05-30,1653868800,0.4816,0.5774,0.4767,0.5697,175322424.07,93359549.29,direct,
2022-05-31,1653955200,0.5697,0.6878,0.5679,0.6266,394803876.92,248273304.97,direct,
2022-06-01,1654041600,0.6266,0.6306,0.5364,0.5515,242813588.99,140622481.67,direct,
2022-06-02,1654128000,0.5515,0.5976,0.5486,0.5872,221513921.45,126823896.19,direct,
2022-06-03,1654214400,0.5872,0.6048,0.5383,0.5594,177029342.55,100173113.31,direct,
2022-06-04,1654300800,0.5594,0.5712,0.5443,0.566,95259497.88,53222233.64,direct,
2022-06-05,1654387200,0.566,0.5801,0.5533,0.5669,76916032.35,43575813.74,direct,
2022-06-06,1654473600,0.5669,0.6452,0.5648,0.6085,283310314.95,173512541.93,direct,
2022-06-07,1654560000,0.6085,0.6446,0.571,0.6135,244780162.24,148084644.81,direct,
2022-06-08,1654646400,0.6135,0.6688,0.6084,0.6404,264556521.8,170540788.06,direct,
2022-06-09,1654732800,0.6404,0.6571,0.6252,0.6319,152238147.14,97386466.98,direct,
2022-06-10,1654819200,0.6319,0.6355,0.5708,0.5737,201640928.45,119719438.86,direct,
2022-06-11,1654905600,0.5737,0.6162,0.5427,0.5529,170210354.73,97710946.97,direct,
2022-06-12,1654992000,0.5529,0.5604,0.4889,0.49,253895649.81,132019566.84,direct,
2022-06-13,1655078400,0.49,0.4978,0.4358,0.4637,539916344.76,250255545.2,direct,
2022-06-14,1655164800,0.4637,0.5191,0.4358,0.482,400378521.77,192445656.18,direct,
2022-06-15,1655251200,0.482,0.5385,0.4479,0.5341,414056718.98,200561727.83,direct,
2022-06-16,1655337600,0.5341,0.5463,0.4668,0.4754,193799809.77,96931223.2,direct,
2022-06-17,1655424000,0.4754,0.503,0.4709,0.4867,157578276.21,76922216.5,direct,
2022-06-18,1655510400,0.4867,0.4946,0.4203,0.4546,217650218.53,98852524.95,direct,
2022-06-19,1655596800,0.4546,0.4893,0.4353,0.484,193475321.12,89336151.77,direct,
2022-06-20,1655683200,0.484,0.5086,0.4608,0.4913,159499860.66,77613689.35,direct,
2022-06-21,1655769600,0.4913,0.5103,0.4744,0.4807,178955813.52,88734923.91,direct,
2022-06-22,1655856000,0.4807,0.4808,0.4559,0.4585,118436752.15,55428876.46,direct,
2022-06-23,1655942400,0.4585,0.4828,0.4561,0.4797,117482077.41,55380390.51,direct,
2022-06-24,1656028800,0.4797,0.5092,0.4758,0.4979,131079817.77,65035190.04,direct,
2022-06-25,1656115200,0.4979,0.5072,0.4783,0.4981,96140787.97,47420846.38,direct,
2022-06-26,1656201600,0.4981,0.5254,0.4885,0.4898,120944600.48,61331844.8,direct,
2022-06-27,1656288000,0.4898,0.5085,0.4763,0.4852,98643946.83,48508128.83,direct,
2022-06-28,1656374400,0.4852,0.4971,0.4666,0.469,138070178.43,66753057.54,direct,
2022-06-29,1656460800,0.469,0.4767,0.4584,0.4655,125571801.05,58651727.23,direct,
2022-06-30,1656547200,0.4655,0.4671,0.4345,0.4599,157736516.67,70399145.8,direct,
2022-07-01,1656633600,0.4599,0.4738,0.4423,0.448,134723461.48,60966998.0,direct,
2022-07-02,1656720000,0.448,0.4607,0.4405,0.4552,57332683.28,25814101.12,direct,
2022-07-03,1656806400,0.4552,0.4593,0.4432,0.4555,48100631.18,21711131.86,direct,
2022-07-04,1656892800,0.4555,0.4753,0.4443,0.4691,137533540.91,62833532.09,direct,
2022-07-05,1656979200,0.4691,0.4712,0.4443,0.4568,106484213.65,48653549.26,direct,
2022-07-06,1657065600,0.4568,0.4646,0.4467,0.4619,85995114.25,39315961.58,direct,
2022-07-07,1657152000,0.4619,0.4823,0.4605,0.4774,96409180.63,45347927.74,direct,
2022-07-08,1657238400,0.4774,0.4923,0.4601,0.4658,107593087.63,50973589.89,direct,
2022-07-09,1657324800,0.4658,0.4845,0.4649,0.4777,70478575.65,33699265.7,direct,
2022-07-10,1657411200,0.4777,0.4796,0.4554,0.462,78657751.53,36509450.83,direct,
2022-07-11,1657497600,0.462,0.4626,0.4314,0.4342,168007548.34,75251474.01,direct,
2022-07-12,1657584000,0.4342,0.4419,0.4151,0.4165,100176800.11,43110055.79,direct,
2022-07-13,1657670400,0.4165,0.44,0.4026,0.4382,199252553.08,83808603.41,direct,
2022-07-14,1657756800,0.4382,0.4459,0.4167,0.441,149121496.44,64307078.71,direct,
2022-07-15,1657843200,0.441,0.4539,0.4326,0.4419,140561524.75,62092701.69,direct,
2022-07-16,1657929600,0.4419,0.459,0.4317,0.458,95186376.41,42491050.05,direct,
2022-07-17,1658016000,0.458,0.4657,0.442,0.4476,107022476.63,48491127.64,direct,
2022-07-18,1658102400,0.4476,0.4993,0.4457,0.4909,305504301.13,146728354.02,direct,
2022-07-19,1658188800,0.4909,0.5265,0.4736,0.5152,249892203.83,124986174.49,direct,
2022-07-20,1658275200,0.5152,0.5487,0.4867,0.491,252588219.08,131227319.79,direct,
2022-07-21,1658361600,0.491,0.5026,0.4755,0.4996,158023876.03,77165356.25,direct,
2022-07-22,1658448000,0.4996,0.5114,0.4775,0.483,106976890.7,53114341.39,direct,
2022-07-23,1658534400,0.483,0.5187,0.4733,0.517,112572862.33,55387219.76,direct,
2022-07-24,1658620800,0.517,0.5365,0.5094,0.5121,106114012.12,55286018.68,direct,
2022-07-25,1658707200,0.5121,0.5155,0.4742,0.4746,111496030.85,54821606.92,direct,
2022-07-26,1658793600,0.4746,0.4773,0.4509,0.4682,138656143.69,64110839.73,direct,
2022-07-27,1658880000,0.4682,0.5121,0.4589,0.5112,167876176.31,81461279.47,direct,
2022-07-28,1658966400,0.5112,0.5241,0.4887,0.5131,174592780.37,88838651.41,direct,
2022-07-29,1659052800,0.5131,0.5454,0.5067,0.5221,214108713.55,112667758.63,direct,
2022-07-30,1659139200,0.5221,0.5556,0.5091,0.5262,160729989.39,85561279.09,direct,
2022-07-31,1659225600,0.5262,0.5443,0.5135,0.5166,103636791.53,54867820.37,direct,
2022-08-01,1659312000,0.5166,0.5266,0.501,0.5127,95931515.19,49185635.28,direct,
2022-08-02,1659398400,0.5127,0.5157,0.489,0.4963,98179964.5,49011183.99,direct,
2022-08-03,1659484800,0.4963,0.517,0.4894,0.5008,76052384.95,38492893.43,direct,
2022-08-04,1659571200,0.5008,0.5111,0.4939,0.4997,62102176.04,31138125.47,direct,
2022-08-05,1659657600,0.4997,0.5193,0.4993,0.5176,68598019.09,35012137.01,direct,
2022-08-06,1659744000,0.5176,0.5234,0.5103,0.5113,53392665.45,27610227.3,direct,
2022-08-07,1659830400,0.5113,0.538,0.506,0.5276,70464226.08,36776257.58,direct,
2022-08-08,1659916800,0.5276,0.5495,0.523,0.5371,104039658.2,55902794.6,direct,
2022-08-09,1660003200,0.5371,0.5375,0.5055,0.5131,88115352.36,45824909.36,direct,
2022-08-10,1660089600,0.5131,0.5388,0.5023,0.5376,131805641.87,69050704.82,direct,
2022-08-11,1660176000,0.5376,0.5478,0.5288,0.5306,105019599.55,56648501.67,direct,
2022-08-12,1660262400,0.5306,0.5423,0.5209,0.5407,59385875.95,31592672.38,direct,
2022-08-13,1660348800,0.5407,0.5682,0.5382,0.5597,118224188.81,65737154.3,direct,
2022-08-14,1660435200,0.5597,0.5948,0.5572,0.57,140791356.7,81587056.53,direct,
2022-08-15,1660521600,0.57,0.5819,0.5431,0.5501,119755304.21,67155835.83,direct,
2022-08-16,1660608000,0.5501,0.57,0.5476,0.5571,85675504.37,47958101.27,direct,
2022-08-17,1660694400,0.5571,0.5825,0.5289,0.5384,174462769.05,96274603.38,direct,
2022-08-18,1660780800,0.5384,0.544,0.5082,0.512,88342531.16,46830998.44,direct,
2022-08-19,1660867200,0.512,0.5122,0.4463,0.4503,282055189.79,133276704.01,direct,
2022-08-20,1660953600,0.4503,0.4632,0.435,0.4512,142108909.78,64346952.3,direct,
2022-08-21,1661040000,0.4512,0.4727,0.4469,0.4626,109625816.76,50427350.2,direct,
2022-08-22,1661126400,0.4626,0.4629,0.4374,0.4615,126406969.02,57037366.14,direct,
2022-08-23,1661212800,0.4615,0.4699,0.4458,0.4653,74469308.52,34228985.14,direct,
2022-08-24,1661299200,0.4653,0.4689,0.4535,0.4576,72216791.13,33251372.91,direct,
2022-08-25,1661385600,0.4576,0.474,0.4573,0.4643,86357158.73,40170702.21,direct,
2022-08-26,1661472000,0.4643,0.4822,0.4257,0.4317,208256533.24,95346921.37,direct,
2022-08-27,1661558400,0.4317,0.4514,0.4262,0.4499,122544638.81,53875011.99,direct,
2022-08-28,1661644800,0.4499,0.4545,0.4274,0.4291,84147019.2,37246401.81,direct,
2022-08-29,1661731200,0.4291,0.4529,0.4241,0.4505,90563925.67,39703013.79,direct,
2022-08-30,1661817600,0.4505,0.463,0.4386,0.4529,102420959.94,46113578.01,direct,
2022-08-31,1661904000,0.4529,0.4632,0.4439,0.446,86733378.11,39511542.43,direct,
2022-09-01,1661990400,0.446,0.4621,0.441,0.4575,76210420.83,34303279.49,direct,
2022-09-02,1662076800,0.4575,0.4665,0.449,0.4544,73849539.31,33798269.19,direct,
2022-09-03,1662163200,0.4544,0.4859,0.4535,0.4803,111656210.18,52940913.67,direct,
2022-09-04,1662249600,0.4803,0.5094,0.4758,0.5035,110515309.29,54842220.23,direct,
2022-09-05,1662336000,0.5035,0.5073,0.4825,0.4987,63535274.84,31312034.37,direct,
2022-09-06,1662422400,0.4987,0.5118,0.4603,0.4625,149478419.65,72531256.44,direct,
2022-09-07,1662508800,0.4625,0.482,0.454,0.4787,102091099.74,47630241.92,direct,
2022-09-08,1662595200,0.4787,0.4832,0.4626,0.4791,72193819.36,34188454.66,direct,
2022-09-09,1662681600,0.4791,0.5047,0.4784,0.5024,105242988.41,51935296.63,direct,
2022-09-10,1662768000,0.5024,0.5242,0.4948,0.5123,131183675.32,67403016.7,direct,
2022-09-11,1662854400,0.5123,0.5202,0.5002,0.5101,91414694.47,46827715.04,direct,
2022-09-12,1662940800,0.5101,0.5202,0.496,0.5015,119342217.8,60710423.09,direct,
2022-09-13,1663027200,0.5015,0.5091,0.4615,0.4636,138876614.62,66764879.55,direct,
2022-09-14,1663113600,0.4636,0.4871,0.4622,0.4811,85177667.72,40504163.48,direct,
2022-09-15,1663200000,0.4811,0.482,0.4621,0.4661,80646315.27,37979632.01,direct,
2022-09-16,1663286400,0.4661,0.4747,0.4543,0.4747,55665932.22,25771124.17,direct,
2022-09-17,1663372800,0.4747,0.4883,0.4725,0.4862,41765664.74,20050171.78,direct,
2022-09-18,1663459200,0.4862,0.4901,0.4422,0.4477,80589360.45,37574067.57,direct,
2022-09-19,1663545600,0.4477,0.4569,0.433,0.4526,92516904.45,40992702.29,direct,
2022-09-20,1663632000,0.4526,0.4544,0.4376,0.4422,69441988.69,30822850.52,direct,
2022-09-21,1663718400,0.4422,0.4638,0.4293,0.439,179781308.67,80470361.23,direct,
2022-09-22,1663804800,0.439,0.4665,0.4346,0.458,94519698.62,42710278.08,direct,
2022-09-23,1663891200,0.458,0.4822,0.4461,0.4618,119313420.24,54832440.75,direct,
2022-09-24,1663977600,0.4618,0.4684,0.4503,0.4511,60943095.74,28066243.02,direct,
2022-09-25,1664064000,0.4511,0.4626,0.4386,0.4464,60858736.02,27488392.69,direct,
2022-09-26,1664150400,0.4464,0.4508,0.4368,0.4471,80127471.14,35608219.45,direct,
2022-09-27,1664236800,0.4471,0.4631,0.4374,0.4413,91097532.77,41083156.8,direct,
2022-09-28,1664323200,0.4413,0.443,0.4253,0.4362,84788763.23,36790782.48,direct,
2022-09-29,1664409600,0.4362,0.4391,0.4278,0.4381,66044811.92,28643774.37,direct,
2022-09-30,1664496000,0.4381,0.4413,0.4294,0.4348,72169121.58,31375491.32,direct,
2022-10-01,1664582400,0.4348,0.4364,0.4278,0.4301,33636423.29,14525071.51,direct,
2022-10-02,1664668800,0.4301,0.4327,0.418,0.4195,49772309.91,21154098.28,direct,
2022-10-03,1664755200,0.4195,0.429,0.4162,0.4276,62542702.71,26533992.13,direct,
2022-10-04,1664841600,0.4276,0.4378,0.4254,0.4356,66537926.19,28754310.44,direct,
2022-10-05,1664928000,0.4356,0.4367,0.4236,0.431,65681790.95,28256346.27,direct,
2022-10-06,1665014400,0.431,0.4371,0.4258,0.4288,65176126.87,28113226.45,direct,
2022-10-07,1665100800,0.4288,0.4305,0.4217,0.4241,57359486.21,24396398.5,direct,
2022-10-08,1665187200,0.4241,0.427,0.4194,0.4221,33163263.99,14065417.12,direct,
2022-10-09,1665273600,0.4221,0.4242,0.4192,0.423,32271570.22,13624327.99,direct,
2022-10-10,1665360000,0.423,0.4268,0.3996,0.4011,85707687.64,35415309.3,direct,
2022-10-11,1665446400,0.4011,0.4014,0.384,0.3906,126490884.34,49939647.08,direct,
2022-10-12,1665532800,0.3906,0.3955,0.3761,0.3813,73758221.61,28628938.02,direct,
2022-10-13,1665619200,0.3813,0.3823,0.3501,0.377,234044548.55,86144568.06,direct,
2022-10-14,1665705600,0.377,0.3889,0.3608,0.3668,102382383.19,38574742.66,direct,
2022-10-15,1665792000,0.3668,0.37,0.3613,0.3642,62779745.52,22982821.31,direct,
2022-10-16,1665878400,0.3642,0.3749,0.3638,0.3704,45827874.67,16849069.39,direct,
2022-10-17,1665964800,0.3704,0.3759,0.3661,0.3726,47734613.59,17696124.72,direct,
2022-10-18,1666051200,0.3726,0.3743,0.3572,0.3623,67510900.26,24692352.28,direct,
2022-10-19,1666137600,0.3623,0.3624,0.3474,0.3497,72441528.41,25772851.55,direct,
2022-10-20,1666224000,0.3497,0.3558,0.3365,0.34,124438396.16,43092561.35,direct,
2022-10-21,1666310400,0.34,0.3499,0.3301,0.3492,93190915.41,31651975.58,direct,
2022-10-22,1666396800,0.3492,0.3545,0.3431,0.3514,56053350.64,19604549.31,direct,
2022-10-23,1666483200,0.3514,0.3637,0.3461,0.3622,69905199.32,24708776.31,direct,
2022-10-24,1666569600,0.3622,0.3651,0.3534,0.3573,67676838.55,24321112.09,direct,
2022-10-25,1666656000,0.3573,0.4245,0.357,0.4,266598093.22,105202471.06,direct,
2022-10-26,1666742400,0.4,0.412,0.3948,0.4031,118465878.44,47770502.33,direct,
2022-10-27,1666828800,0.4031,0.4186,0.3864,0.3883,137595348.43,55411786.78,direct,
2022-10-28,1666915200,0.3883,0.4114,0.3782,0.4045,127490692.69,50104067.25,direct,
2022-10-29,1667001600,0.4045,0.4399,0.4012,0.4205,152438534.46,63606135.43,direct,
2022-10-30,1667088000,0.4205,0.4216,0.3984,0.4058,105363619.78,43256516.9,direct,
2022-10-31,1667174400,0.4058,0.4163,0.3977,0.4056,117210690.81,47525636.73,direct,
2022-11-01,1667260800,0.4056,0.415,0.3985,0.4012,86193910.45,35006368.07,direct,
2022-11-02,1667347200,0.4012,0.4098,0.3801,0.3857,171511669.32,67727478.51,direct,
2022-11-03,1667433600,0.3857,0.399,0.3843,0.3894,87354301.48,34366580.85,direct,
2022-11-04,1667520000,0.3894,0.4263,0.3881,0.4216,207580984.02,85203690.74,direct,
2022-11-05,1667606400,0.4216,0.4376,0.4202,0.4265,125956181.2,53916199.35,direct,
2022-11-06,1667692800,0.4265,0.431,0.4017,0.4021,97159175.84,40806461.37,direct,
2022-11-07,1667779200,0.4021,0.4162,0.3977,0.4041,115486028.14,46980464.64,direct,
2022-11-08,1667865600,0.4041,0.4152,0.3474,0.3723,336526362.74,128826995.12,direct,
2022-11-09,1667952000,0.3723,0.3762,0.3101,0.3171,352203269.52,122662271.81,direct,
2022-11-10,1668038400,0.3171,0.3772,0.3117,0.3678,309288510.85,109439432.15,direct,
2022-11-11,1668124800,0.3678,0.3731,0.3416,0.3545,140853455.69,49980916.78,direct,
2022-11-12,1668211200,0.3545,0.3558,0.3356,0.3392,97200511.44,33372811.7,direct,
2022-11-13,1668297600,0.3392,0.345,0.325,0.3294,107922936.43,36042010.78,direct,
2022-11-14,1668384000,0.3294,0.3413,0.3139,0.3317,131329583.56,42877013.96,direct,
2022-11-15,1668470400,0.3317,0.3443,0.3288,0.3369,101649093.87,34250717.57,direct,
2022-11-16,1668556800,0.3369,0.344,0.3236,0.3317,85508115.6,28499714.4,direct,
2022-11-17,1668643200,0.3317,0.3341,0.3184,0.3248,75727718.32,24654764.49,direct,
2022-11-18,1668729600,0.3248,0.3322,0.3204,0.3256,63614409.01,20805291.21,direct,
2022-11-19,1668816000,0.3256,0.332,0.3213,0.3278,42611295.46,13880793.97,direct,
2022-11-20,1668902400,0.3278,0.3309,0.3095,0.3118,67890094.95,21657504.44,direct,
2022-11-21,1668988800,0.3118,0.313,0.2953,0.3043,133058790.28,40500654.15,direct,
2022-11-22,1669075200,0.3043,0.3164,0.2979,0.3122,97895583.07,30096304.73,direct,
2022-11-23,1669161600,0.3122,0.3199,0.3089,0.3182,71082745.81,22390611.64,direct,
2022-11-24,1669248000,0.3182,0.3209,0.3113,0.316,49829903.42,15749048.1,direct,
2022-11-25,1669334400,0.316,0.317,0.3074,0.3145,46280517.24,14481505.28,direct,
2022-11-26,1669420800,0.3145,0.3225,0.3109,0.3134,43583255.9,13834713.64,direct,
2022-11-27,1669507200,0.3134,0.3194,0.3116,0.3123,37032509.29,11704312.74,direct,
2022-11-28,1669593600,0.3123,0.3138,0.3,0.3064,72527223.65,22155882.21,direct,
2022-11-29,1669680000,0.3064,0.3125,0.3042,0.309,58570036.67,18063120.01,direct,
2022-11-30,1669766400,0.309,0.3209,0.3084,0.3189,109741457.73,34575019.44,direct,
2022-12-01,1669852800,0.3189,0.3199,0.3126,0.3144,56911712.78,17979994.67,direct,
2022-12-02,1669939200,0.3144,0.32,0.3107,0.3192,47849398.19,15107166.33,direct,
2022-12-03,1670025600,0.3192,0.3263,0.3164,0.3197,54530528.19,17531529.5,direct,
2022-12-04,1670112000,0.3197,0.3241,0.3183,0.3225,41992743.38,13508176.13,direct,
2022-12-05,1670198400,0.3225,0.329,0.3164,0.3195,53122909.71,17164270.81,direct,
2022-12-06,1670284800,0.3195,0.321,0.3139,0.3182,39034127.83,12375617.97,direct,
2022-12-07,1670371200,0.3182,0.3198,0.3071,0.3103,63084237.46,19626982.58,direct,
2022-12-08,1670457600,0.3103,0.3158,0.3073,0.3144,50425467.38,15686733.72,direct,
2022-12-09,1670544000,0.3144,0.3166,0.3084,0.3118,65252818.86,20336548.93,direct,
2022-12-10,1670630400,0.3118,0.3148,0.3108,0.3126,23229904.22,7258106.16,direct,
2022-12-11,1670716800,0.3126,0.315,0.3055,0.3075,35173440.82,10942300.52,direct,
2022-12-12,1670803200,0.3075,0.308,0.3008,0.307,56475397.84,17209533.85,direct,
2022-12-13,1670889600,0.307,0.3188,0.2995,0.314,99183229.6,30644327.6,direct,
2022-12-14,1670976000,0.314,0.3155,0.3057,0.308,89927363.73,27918781.18,direct,
2022-12-15,1671062400,0.308,0.3086,0.297,0.3003,63713622.64,19229750.13,direct,
2022-12-16,1671148800,0.3003,0.3013,0.2597,0.2634,147957226.65,41676487.42,direct,
2022-12-17,1671235200,0.2634,0.2679,0.259,0.2675,130308829.22,34366466.57,direct,
2022-12-18,1671321600,0.2675,0.2718,0.263,0.2661,71302363.29,19042291.83,direct,
2022-12-19,1671408000,0.2661,0.2695,0.2498,0.2529,97454168.86,25220709.08,direct,
2022-12-20,1671494400,0.2529,0.2621,0.2514,0.2588,70212802.38,18078909.47,direct,
2022-12-21,1671580800,0.2588,0.2592,0.248,0.2534,89112140.12,22520452.15,direct,
2022-12-22,1671667200,0.2534,0.2569,0.2469,0.2566,68913513.04,17388794.0,direct,
2022-12-23,1671753600,0.2566,0.264,0.2555,0.2595,80488081.98,20854256.58,direct,
2022-12-24,1671840000,0.2595,0.2604,0.2567,0.2592,37389211.42,9668282.63,direct,
2022-12-25,1671926400,0.2592,0.2599,0.2547,0.2592,48602326.42,12524115.38,direct,
2022-12-26,1672012800,0.2592,0.2656,0.2576,0.2652,68969479.02,18034625.14,direct,
2022-12-27,1672099200,0.2652,0.2664,0.2563,0.2603,63012328.93,16474715.32,direct,
2022-12-28,1672185600,0.2603,0.2609,0.2468,0.2483,105561644.63,26627198.97,direct,
2022-12-29,1672272000,0.2483,0.2483,0.2404,0.244,111290283.81,27199986.4,direct,
2022-12-30,1672358400,0.244,0.246,0.2393,0.2455,101459206.87,24660835.55,direct,
2022-12-31,1672444800,0.2455,0.2519,0.244,0.2456,87849437.22,21727568.23,direct,
2023-01-01,1672531200,0.2456,0.2499,0.2436,0.2499,73997929.45,18188932.82,direct,
2023-01-02,1672617600,0.2499,0.2562,0.2465,0.2537,71036708.31,17965066.16,direct,
2023-01-03,1672704000,0.2537,0.2553,0.2502,0.2527,58864446.33,14883175.67,direct,
2023-01-04,1672790400,0.2527,0.2703,0.2519,0.268,118940055.88,31425751.5,direct,
2023-01-05,1672876800,0.268,0.2711,0.2633,0.2692,53078439.09,14169819.22,direct,
2023-01-06,1672963200,0.2692,0.2798,0.2672,0.2786,118071111.53,32207501.42,direct,
2023-01-07,1673049600,0.2786,0.2805,0.2724,0.2768,53695960.15,14825958.49,direct,
2023-01-08,1673136000,0.2768,0.2984,0.2746,0.2973,136022594.55,39003610.5,direct,
2023-01-09,1673222400,0.2973,0.3453,0.2959,0.3167,298375424.7,95818898.5,direct,
2023-01-10,1673308800,0.3167,0.325,0.3068,0.3223,150534034.42,47798744.15,direct,
2023-01-11,1673395200,0.3223,0.3234,0.3076,0.3231,104844129.13,33060738.94,direct,
2023-01-12,1673481600,0.3231,0.3346,0.3163,0.3295,162317904.85,52975610.58,direct,
2023-01-13,1673568000,0.3295,0.3507,0.3237,0.3458,117128324.96,39171277.22,direct,
2023-01-14,1673654400,0.3458,0.3698,0.3346,0.3526,195396021.14,69054967.16,direct,
2023-01-15,1673740800,0.3526,0.354,0.3388,0.3507,89078144.57,30911746.67,direct,
2023-01-16,1673827200,0.3507,0.3639,0.3384,0.3504,108831093.74,38301290.84,direct,
2023-01-17,1673913600,0.3504,0.3574,0.3433,0.3455,67447752.15,23656415.69,direct,
2023-01-18,1674000000,0.3455,0.3554,0.3244,0.3266,139180231.63,47245773.56,direct,
2023-01-19,1674086400,0.3266,0.3432,0.3259,0.3381,59732734.31,19948604.1,direct,
2023-01-20,1674172800,0.3381,0.3656,0.3337,0.3652,101955267.65,35603181.18,direct,
2023-01-21,1674259200,0.3652,0.3807,0.3576,0.3687,140108861.51,51642731.41,direct,
2023-01-22,1674345600,0.3687,0.3869,0.3633,0.3765,122713044.67,46358151.81,direct,
2023-01-23,1674432000,0.3765,0.3836,0.3688,0.375,98463180.74,36993605.85,direct,
2023-01-24,1674518400,0.375,0.3829,0.3554,0.3589,78856117.71,29439993.07,direct,
2023-01-25,1674604800,0.3589,0.3797,0.3475,0.3733,91627636.3,32924974.46,direct,
2023-01-26,1674691200,0.3733,0.3888,0.3713,0.3798,108048954.29,40985150.49,direct,
2023-01-27,1674777600,0.3798,0.3909,0.368,0.3899,81843243.93,31107191.65,direct,
2023-01-28,1674864000,0.3899,0.3982,0.3778,0.382,89696189.69,34788660.98,direct,
2023-01-29,1674950400,0.382,0.3991,0.377,0.3975,79181109.57,30928426.74,direct,
2023-01-30,1675036800,0.3975,0.3982,0.366,0.3727,101647327.76,38725680.56,direct,
2023-01-31,1675123200,0.3727,0.3999,0.3685,0.3902,95754277.95,36745057.59,direct,
2023-02-01,1675209600,0.3902,0.4017,0.3715,0.3968,107159073.67,41318188.7,direct,
2023-02-02,1675296000,0.3968,0.4137,0.3927,0.3981,128226624.3,51783663.78,direct,
2023-02-03,1675382400,0.3981,0.4072,0.3946,0.4037,81180629.71,32611323.16,direct,
2023-02-04,1675468800,0.4037,0.4055,0.3976,0.3993,46780119.29,18807004.43,direct,
2023-02-05,1675555200,0.3993,0.402,0.3822,0.3925,70761292.68,27746792.54,direct,
2023-02-06,1675641600,0.3925,0.4035,0.3796,0.3822,75038223.2,29374641.38,direct,
2023-02-07,1675728000,0.3822,0.3998,0.3815,0.3992,71686103.03,27912554.83,direct,
2023-02-08,1675814400,0.3992,0.4038,0.3856,0.3944,67849381.27,26895224.13,direct,
2023-02-09,1675900800,0.3944,0.3957,0.3544,0.3622,126196556.18,47500686.35,direct,
2023-02-10,1675987200,0.3622,0.3656,0.354,0.3584,92292335.22,33289200.43,direct,
2023-02-11,1676073600,0.3584,0.3703,0.357,0.3686,58047639.77,20990580.87,direct,
2023-02-12,1676160000,0.3686,0.3738,0.3597,0.3641,57149998.94,21051793.31,direct,
2023-02-13,1676246400,0.3641,0.3657,0.3454,0.3596,93390219.66,33114474.1,direct,
2023-02-14,1676332800,0.3596,0.3934,0.3548,0.3868,127118789.85,47685803.49,direct,
2023-02-15,1676419200,0.3868,0.4205,0.3821,0.4198,121291112.09,48264363.45,direct,
2023-02-16,1676505600,0.4198,0.4218,0.3864,0.3872,119064768.45,48226285.33,direct,
2023-02-17,1676592000,0.3872,0.4098,0.3858,0.4037,73520966.42,29345685.1,direct,
2023-02-18,1676678400,0.4037,0.4181,0.3979,0.4061,50804750.03,20607652.77,direct,
2023-02-19,1676764800,0.4061,0.4125,0.3973,0.3998,68693547.91,27806564.9,direct,
2023-02-20,1676851200,0.3998,0.4096,0.3895,0.4036,72585364.54,29307971.73,direct,
2023-02-21,1676937600,0.4036,0.4059,0.3855,0.3925,82964895.8,32820586.17,direct,
2023-02-22,1677024000,0.3925,0.3929,0.377,0.3889,98357348.52,37770434.32,direct,
2023-02-23,1677110400,0.3889,0.3949,0.3796,0.3823,59272039.63,22934069.44,direct,
2023-02-24,1677196800,0.3823,0.3854,0.3586,0.3657,91324857.07,33993565.49,direct,
2023-02-25,1677283200,0.3657,0.3676,0.3519,0.362,62732191.25,22621021.24,direct,
2023-02-26,1677369600,0.362,0.3702,0.3578,0.3691,48978778.0,17794746.39,direct,
2023-02-27,1677456000,0.3691,0.3702,0.3577,0.3646,50368141.45,18337839.32,direct,
2023-02-28,1677542400,0.3646,0.368,0.3488,0.3518,47431320.43,17005686.23,direct,
2023-03-01,1677628800,0.3518,0.3643,0.3494,0.3602,65222845.1,23437234.1,direct,
2023-03-02,1677715200,0.3602,0.3613,0.3446,0.3505,63416325.12,22274300.54,direct,
2023-03-03,1677801600,0.3505,0.3508,0.3227,0.3431,115499874.08,38740590.05,direct,
2023-03-04,1677888000,0.3431,0.3447,0.3308,0.3367,24988526.08,8458531.9,direct,
2023-03-05,1677974400,0.3367,0.3429,0.3348,0.3369,32434367.09,10975490.36,direct,
2023-03-06,1678060800,0.3369,0.3386,0.3294,0.3306,61102592.61,20344699.76,direct,
2023-03-07,1678147200,0.3306,0.3348,0.3211,0.3305,73359342.04,24121221.46,direct,
2023-03-08,1678233600,0.3305,0.3326,0.3138,0.3175,78313623.4,25276198.18,direct,
2023-03-09,1678320000,0.3175,0.322,0.3031,0.3104,131598612.63,41018233.95,direct,
2023-03-10,1678406400,0.3104,0.3188,0.2978,0.3159,150803442.31,46443287.23,direct,
2023-03-11,1678492800,0.3159,0.3266,0.3034,0.3072,115348620.0,36158674.76,direct,
2023-03-12,1678579200,0.3072,0.3329,0.3037,0.3322,92116454.16,29048634.05,direct,
2023-03-13,1678665600,0.3322,0.353,0.3282,0.3449,140458585.49,47976692.93,direct,
2023-03-14,1678752000,0.3449,0.3691,0.3378,0.3444,165352295.5,58565850.9,direct,
2023-03-15,1678838400,0.3444,0.3483,0.3168,0.3254,125944516.16,41873885.08,direct,
2023-03-16,1678924800,0.3254,0.3298,0.3186,0.3254,92482676.08,30040158.88,direct,
2023-03-17,1679011200,0.3254,0.351,0.322,0.3502,95794599.52,32353603.3,direct,
2023-03-18,1679097600,0.3502,0.357,0.3363,0.3379,71531016.36,24871139.46,direct,
2023-03-19,1679184000,0.3379,0.3534,0.3376,0.3456,52273969.12,18121755.34,direct,
2023-03-20,1679270400,0.3456,0.3469,0.3316,0.3333,68063065.98,23154516.01,direct,
2023-03-21,1679356800,0.3333,0.3865,0.3306,0.3708,119156795.13,42712325.5,direct,
2023-03-22,1679443200,0.3708,0.3879,0.3502,0.3604,153197206.26,56856154.2,direct,
2023-03-23,1679529600,0.3604,0.3858,0.3544,0.3723,82323210.35,30567608.32,direct,
2023-03-24,1679616000,0.3723,0.3732,0.3558,0.3601,69424554.0,25175109.39,direct,
2023-03-25,1679702400,0.3601,0.3632,0.3493,0.3518,29344377.38,10452996.32,direct,
2023-03-26,1679788800,0.3518,0.3615,0.349,0.3562,34853268.91,12387167.33,direct,
2023-03-27,1679875200,0.3562,0.3574,0.3373,0.3458,53511032.9,18564404.35,direct,
2023-03-28,1679961600,0.3458,0.3701,0.3392,0.3683,50009172.86,17804295.17,direct,
2023-03-29,1680048000,0.3683,0.3898,0.3668,0.3812,95631775.58,36559354.93,direct,
2023-03-30,1680134400,0.3812,0.3882,0.3698,0.3762,69130593.15,26096427.24,direct,
2023-03-31,1680220800,0.3762,0.4087,0.3743,0.3987,98293710.04,38922180.97,direct,
2023-04-01,1680307200,0.3987,0.4024,0.3887,0.3921,41798125.71,16463568.75,direct,
2023-04-02,1680393600,0.3921,0.393,0.3764,0.3818,39520179.58,15152948.47,direct,
2023-04-03,1680480000,0.3818,0.4048,0.3716,0.387,102724224.44,39984266.9,direct,
2023-04-04,1680566400,0.387,0.3999,0.3847,0.3897,59304239.63,23268953.17,direct,
2023-04-05,1680652800,0.3897,0.4001,0.3871,0.3922,44533396.04,17541459.77,direct,
2023-04-06,1680739200,0.3922,0.3922,0.3767,0.383,46784553.93,17950959.41,direct,
2023-04-07,1680825600,0.383,0.3846,0.376,0.3825,31332100.67,11928395.58,direct,
2023-04-08,1680912000,0.3825,0.3902,0.3799,0.3855,27681882.94,10705916.6,direct,
2023-04-09,1680998400,0.3855,0.3931,0.3846,0.3896,28302682.15,11001191.94,direct,
2023-04-10,1681084800,0.3896,0.3979,0.385,0.3971,44917854.4,17548250.37,direct,
2023-04-11,1681171200,0.3971,0.4129,0.396,0.4018,86572795.49,34982233.2,direct,
2023-04-12,1681257600,0.4018,0.4069,0.389,0.405,71841575.48,28695935.46,direct,
2023-04-13,1681344000,0.405,0.4291,0.4005,0.4256,99675046.18,41387126.82,direct,
2023-04-14,1681430400,0.4256,0.4444,0.4237,0.4385,143796692.96,62597540.74,direct,
2023-04-15,1681516800,0.4385,0.4614,0.4315,0.4528,110869025.4,49986775.47,direct,
2023-04-16,1681603200,0.4528,0.4579,0.4427,0.4516,59123315.15,26608531.72,direct,
2023-04-17,1681689600,0.4516,0.4519,0.4319,0.4345,81706508.6,35963335.22,direct,
2023-04-18,1681776000,0.4345,0.4481,0.4283,0.4436,69422646.03,30605621.8,direct,
2023-04-19,1681862400,0.4436,0.4436,0.4082,0.4165,134697112.7,56865839.15,direct,
2023-04-20,1681948800,0.4165,0.4222,0.3959,0.4006,91584324.29,37517766.36,direct,
2023-04-21,1682035200,0.4006,0.407,0.3792,0.3825,97576492.53,38353551.12,direct,
2023-04-22,1682121600,0.3825,0.399,0.3812,0.3959,36077493.07,14144984.74,direct,
2023-04-23,1682208000,0.3959,0.3959,0.3804,0.3889,29402906.51,11421184.02,direct,
2023-04-24,1682294400,0.3889,0.3973,0.3798,0.3838,30834784.08,11945605.05,direct,
2023-04-25,1682380800,0.3838,0.3953,0.3768,0.3948,42269822.84,16225701.59,direct,
2023-04-26,1682467200,0.3948,0.417,0.3788,0.4015,85180836.93,34088998.93,direct,
2023-04-27,1682553600,0.4015,0.4182,0.4011,0.4101,55768410.22,22883092.33,direct,
2023-04-28,1682640000,0.4101,0.411,0.3974,0.4048,32675461.93,13213522.76,direct,
2023-04-29,1682726400,0.4048,0.4079,0.4004,0.4026,17457509.1,7052086.84,direct,
2023-04-30,1682812800,0.4026,0.4151,0.3954,0.3959,30398295.84,12265957.27,direct,
2023-05-01,1682899200,0.3959,0.3981,0.3807,0.3869,46585997.5,18056939.7,direct,
2023-05-02,1682985600,0.3869,0.395,0.3821,0.392,34618344.98,13455984.48,direct,
2023-05-03,1683072000,0.392,0.3965,0.3787,0.3942,47041818.16,18157074.76,direct,
2023-05-04,1683158400,0.3942,0.3964,0.3852,0.3876,25507875.27,9965268.75,direct,
2023-05-05,1683244800,0.3876,0.3973,0.3835,0.3946,36432232.62,14269009.73,direct,
2023-05-06,1683331200,0.3946,0.3971,0.3749,0.38,38033615.04,14596155.56,direct,
2023-05-07,1683417600,0.38,0.3839,0.3753,0.3772,25899527.51,9856882.09,direct,
2023-05-08,1683504000,0.3772,0.3808,0.3551,0.3662,64828870.62,23850133.91,direct,
2023-05-09,1683590400,0.3662,0.3711,0.3607,0.3637,34774511.92,12680862.62,direct,
2023-05-10,1683676800,0.3637,0.3734,0.3548,0.3697,79540952.57,29152146.21,direct,
2023-05-11,1683763200,0.3697,0.3701,0.3499,0.3602,56105910.66,20082372.25,direct,
2023-05-12,1683849600,0.3602,0.371,0.3538,0.3706,55880334.45,20224889.06,direct,
2023-05-13,1683936000,0.3706,0.3711,0.3627,0.3648,20372786.48,7457069.18,direct,
2023-05-14,1684022400,0.3648,0.3731,0.363,0.371,21241653.96,7826636.86,direct,
2023-05-15,1684108800,0.371,0.3758,0.3661,0.367,32703359.83,12133233.76,direct,
2023-05-16,1684195200,0.367,0.3706,0.3617,0.3683,42552345.61,15602837.37,direct,
2023-05-17,1684281600,0.3683,0.3805,0.3647,0.3756,58394554.78,21723073.3,direct,
2023-05-18,1684368000,0.3756,0.3802,0.3658,0.3713,48297552.37,18069083.25,direct,
2023-05-19,1684454400,0.3713,0.3729,0.3662,0.3683,24297623.4,8975975.97,direct,
2023-05-20,1684540800,0.3683,0.3684,0.3637,0.3665,18534090.09,6772474.17,direct,
2023-05-21,1684627200,0.3665,0.3676,0.3576,0.3604,20905610.4,7567804.74,direct,
2023-05-22,1684713600,0.3604,0.3739,0.3567,0.3678,34320353.16,12591143.83,direct,
2023-05-23,1684800000,0.3678,0.3754,0.366,0.3703,29138655.72,10795210.36,direct,
2023-05-24,1684886400,0.3703,0.3706,0.3605,0.364,37206610.4,13560941.31,direct,
2023-05-25,1684972800,0.364,0.3647,0.3552,0.3582,37211542.44,13327420.18,direct,
2023-05-26,1685059200,0.3582,0.367,0.3539,0.3629,39232004.08,14127663.05,direct,
2023-05-27,1685145600,0.3629,0.3675,0.3612,0.3669,16749219.26,6102131.57,direct,
2023-05-28,1685232000,0.3669,0.3842,0.3663,0.3828,43112485.88,16200579.67,direct,
2023-05-29,1685318400,0.3828,0.3863,0.3757,0.3788,38382258.76,14586935.31,direct,
2023-05-30,1685404800,0.3788,0.3834,0.3749,0.378,30678903.92,11625054.5,direct,
2023-05-31,1685491200,0.378,0.3808,0.3702,0.3744,40317017.58,15114855.86,direct,
2023-06-01,1685577600,0.3744,0.3758,0.361,0.3645,47279580.68,17303472.54,direct,
2023-06-02,1685664000,0.3645,0.3794,0.3622,0.3783,35762778.44,13380576.15,direct,
2023-06-03,1685750400,0.3783,0.3783,0.3733,0.3762,12774606.87,4801441.3,direct,
2023-06-04,1685836800,0.3762,0.3819,0.3749,0.3774,19445076.21,7389144.51,direct,
2023-06-05,1685923200,0.3774,0.3792,0.3471,0.3517,69807171.22,24937084.98,direct,
2023-06-06,1686009600,0.3517,0.3568,0.3367,0.3534,66356747.3,23191808.59,direct,
2023-06-07,1686096000,0.3534,0.3534,0.3184,0.3222,109040691.07,36166935.65,direct,
2023-06-08,1686182400,0.3222,0.3307,0.3201,0.3229,35803254.86,11626789.1,direct,
2023-06-09,1686268800,0.3229,0.3238,0.2903,0.2951,113941753.5,34974846.21,direct,
2023-06-10,1686355200,0.2951,0.2951,0.2265,0.2752,275842252.07,70717471.73,direct,
2023-06-11,1686441600,0.2752,0.28,0.2593,0.2724,80622024.38,21653593.0,direct,
2023-06-12,1686528000,0.2724,0.2865,0.2656,0.2748,58227943.76,16132048.96,direct,
2023-06-13,1686614400,0.2748,0.2893,0.2685,0.2752,56529963.5,15670603.21,direct,
2023-06-14,1686700800,0.2752,0.2773,0.2567,0.2633,48815977.93,13139568.02,direct,
2023-06-15,1686787200,0.2633,0.2656,0.2523,0.2618,49889849.38,12898624.13,direct,
2023-06-16,1686873600,0.2618,0.2672,0.2538,0.2631,36396064.65,9500706.21,direct,
2023-06-17,1686960000,0.2631,0.2734,0.2606,0.2667,24915959.56,6654573.45,direct,
2023-06-18,1687046400,0.2667,0.269,0.2592,0.2609,19549785.24,5177923.55,direct,
2023-06-19,1687132800,0.2609,0.2635,0.2571,0.2633,24133850.24,6285944.32,direct,
2023-06-20,1687219200,0.2633,0.2707,0.2524,0.2706,50423213.87,13198758.51,direct,
2023-06-21,1687305600,0.2706,0.289,0.2689,0.2864,76176283.27,21420465.81,direct,
2023-06-22,1687392000,0.2864,0.3049,0.2858,0.2901,62435332.48,18442006.7,direct,
2023-06-23,1687478400,0.2901,0.3027,0.2872,0.2967,44349875.47,13131368.43,direct,
2023-06-24,1687564800,0.2967,0.2977,0.2846,0.2896,28634170.05,8357113.13,direct,
2023-06-25,1687651200,0.2896,0.3048,0.2887,0.2923,29040771.77,8585071.61,direct,
2023-06-26,1687737600,0.2923,0.2923,0.2771,0.2806,39630501.78,11283454.7,direct,
2023-06-27,1687824000,0.2806,0.2895,0.2788,0.2868,34334659.05,9739499.97,direct,
2023-06-28,1687910400,0.2868,0.2871,0.2608,0.2669,56546488.48,15453747.96,direct,
2023-06-29,1687996800,0.2669,0.2781,0.2665,0.2751,28871783.84,7906539.64,direct,
2023-06-30,1688083200,0.2751,0.2996,0.2676,0.2868,72170304.59,20601684.06,direct,
2023-07-01,1688169600,0.2868,0.2934,0.2812,0.2924,28228699.32,8135071.16,direct,
2023-07-02,1688256000,0.2924,0.2938,0.2856,0.2918,21254220.87,6158782.96,direct,
2023-07-03,1688342400,0.2918,0.2995,0.2905,0.2966,31267725.16,9205790.96,direct,
2023-07-04,1688428800,0.2966,0.3017,0.2894,0.2924,29019996.5,8573076.18,direct,
2023-07-05,1688515200,0.2924,0.2963,0.2802,0.284,33399829.89,9584658.12,direct,
2023-07-06,1688601600,0.284,0.2937,0.2765,0.2786,44469947.87,12645092.26,direct,
2023-07-07,1688688000,0.2786,0.2853,0.276,0.2846,29894577.9,8437437.5,direct,
2023-07-08,1688774400,0.2846,0.2931,0.2818,0.2907,31190523.1,8960733.74,direct,
2023-07-09,1688860800,0.2907,0.2917,0.2832,0.2846,22698170.19,6515137.24,direct,
2023-07-10,1688947200,0.2846,0.2927,0.2782,0.2878,43044505.15,12312576.47,direct,
2023-07-11,1689033600,0.2878,0.2939,0.2877,0.2927,30717364.28,8933555.34,direct,
2023-07-12,1689120000,0.2927,0.2951,0.2851,0.289,32769715.18,9553738.65,direct,
2023-07-13,1689206400,0.289,0.3669,0.2858,0.3567,163520182.98,53584099.97,direct,
2023-07-14,1689292800,0.3567,0.3792,0.317,0.328,122590239.77,42583906.37,direct,
2023-07-15,1689379200,0.328,0.3377,0.3243,0.3262,25780408.21,8511617.6,direct,
2023-07-16,1689465600,0.3262,0.3279,0.3125,0.3147,40664995.45,13027913.81,direct,
2023-07-17,1689552000,0.3147,0.3198,0.3057,0.312,39119892.67,12222405.64,direct,
2023-07-18,1689638400,0.312,0.3141,0.3001,0.3093,35038004.46,10730287.59,direct,
2023-07-19,1689724800,0.3093,0.326,0.307,0.3228,47448047.6,15090628.97,direct,
2023-07-20,1689811200,0.3228,0.3324,0.3123,0.3161,61952891.12,19934453.15,direct,
2023-07-21,1689897600,0.3161,0.3184,0.3106,0.3131,27565838.09,8657551.51,direct,
2023-07-22,1689984000,0.3131,0.315,0.3067,0.3101,18730342.45,5837393.64,direct,
2023-07-23,1690070400,0.3101,0.319,0.3075,0.3172,17342083.85,5464571.13,direct,
2023-07-24,1690156800,0.3172,0.319,0.3,0.3054,35683625.76,10943843.74,direct,
2023-07-25,1690243200,0.3054,0.3077,0.3016,0.3037,21860532.5,6648146.29,direct,
2023-07-26,1690329600,0.3037,0.3106,0.3003,0.3069,24669244.36,7522921.89,direct,
2023-07-27,1690416000,0.3069,0.3134,0.3054,0.3078,24507036.59,7573410.01,direct,
2023-07-28,1690502400,0.3078,0.313,0.3061,0.31,18170561.53,5639703.81,direct,
2023-07-29,1690588800,0.31,0.3144,0.3088,0.3129,16493777.73,5144149.98,direct,
2023-07-30,1690675200,0.3129,0.3182,0.3056,0.3157,21619749.75,6776309.41,direct,
2023-07-31,1690761600,0.3157,0.3186,0.3064,0.3071,21730771.43,6770336.06,direct,
2023-08-01,1690848000,0.3071,0.3104,0.2951,0.3102,35624398.41,10832844.63,direct,
2023-08-02,1690934400,0.3102,0.3119,0.2981,0.2992,27675064.58,8398658.49,direct,
2023-08-03,1691020800,0.2992,0.3012,0.2891,0.2923,26749315.14,7905635.15,direct,
2023-08-04,1691107200,0.2923,0.297,0.2902,0.2933,19784813.72,5810685.56,direct,
2023-08-05,1691193600,0.2933,0.2939,0.29,0.2936,11691283.42,3412593.75,direct,
2023-08-06,1691280000,0.2936,0.2955,0.2903,0.2918,10288796.3,3014689.39,direct,
2023-08-07,1691366400,0.2918,0.2955,0.2822,0.2907,25890322.46,7488222.58,direct,
2023-08-08,1691452800,0.2907,0.3024,0.2894,0.2973,49003789.6,14565598.89,direct,
2023-08-09,1691539200,0.2973,0.3021,0.2959,0.3011,19715300.72,5893406.57,direct,
2023-08-10,1691625600,0.3011,0.3015,0.2956,0.296,21059170.68,6282797.87,direct,
2023-08-11,1691712000,0.296,0.2972,0.2918,0.2931,28525504.72,8392859.77,direct,
2023-08-12,1691798400,0.2931,0.2944,0.2905,0.2919,20112594.43,5881379.75,direct,
2023-08-13,1691884800,0.2919,0.2933,0.2868,0.2892,23197514.53,6738994.56,direct,
2023-08-14,1691971200,0.2892,0.2923,0.2869,0.2904,23926407.16,6940066.16,direct,
2023-08-15,1692057600,0.2904,0.2908,0.2757,0.2819,32202744.2,9152640.8,direct,
2023-08-16,1692144000,0.2819,0.2826,0.2656,0.2745,60059051.22,16510642.06,direct,
2023-08-17,1692230400,0.2745,0.2781,0.2473,0.2559,91985834.63,24280803.35,direct,
2023-08-18,1692316800,0.2559,0.2673,0.2553,0.264,71518800.54,18738994.69,direct,
2023-08-19,1692403200,0.264,0.2698,0.2604,0.2688,20757526.15,5505456.33,direct,
2023-08-20,1692489600,0.2688,0.273,0.2648,0.2704,16694704.65,4489904.91,direct,
2023-08-21,1692576000,0.2704,0.2724,0.2588,0.2628,23991349.47,6367550.66,direct,
2023-08-22,1692662400,0.2628,0.2633,0.2503,0.2586,34314743.85,8810393.34,direct,
2023-08-23,1692748800,0.2586,0.2697,0.258,0.268,25468159.39,6705132.06,direct,
2023-08-24,1692835200,0.268,0.2713,0.2623,0.2658,19652278.23,5233997.74,direct,
2023-08-25,1692921600,0.2658,0.2705,0.2591,0.2611,30032215.23,7891535.35,direct,
2023-08-26,1693008000,0.2611,0.2618,0.2579,0.261,12585301.73,3272131.58,direct,
2023-08-27,1693094400,0.261,0.2652,0.26,0.2633,12793922.2,3358924.36,direct,
2023-08-28,1693180800,0.2633,0.2677,0.2577,0.2675,21757659.74,5729617.62,direct,
2023-08-29,1693267200,0.2675,0.2797,0.2601,0.2727,47466393.61,12926375.35,direct,
2023-08-30,1693353600,0.2727,0.2729,0.2607,0.2655,27175786.68,7202698.97,direct,
2023-08-31,1693440000,0.2655,0.2665,0.25,0.2553,38801467.34,10034789.4,direct,
2023-09-01,1693526400,0.2553,0.2587,0.2514,0.2552,31213452.7,7972191.66,direct,
2023-09-02,1693612800,0.2552,0.2574,0.2537,0.2562,12574458.64,3212405.15,direct,
2023-09-03,1693699200,0.2562,0.2568,0.2532,0.2559,13016567.28,3319575.01,direct,
2023-09-04,1693785600,0.2559,0.2599,0.2534,0.2561,16398986.38,4201508.26,direct,
2023-09-05,1693872000,0.2561,0.2585,0.2539,0.2577,20652932.15,5300163.51,direct,
2023-09-06,1693958400,0.2577,0.2605,0.2522,0.2576,20968886.41,5382671.03,direct,
2023-09-07,1694044800,0.2576,0.2595,0.2531,0.258,22294441.89,5708221.13,direct,
2023-09-08,1694131200,0.258,0.2594,0.2526,0.2542,19307726.55,4926779.71,direct,
2023-09-09,1694217600,0.2542,0.2558,0.2531,0.2532,10906548.57,2772462.31,direct,
2023-09-10,1694304000,0.2532,0.2533,0.2445,0.2491,32732541.58,8137529.24,direct,
2023-09-11,1694390400,0.2491,0.2495,0.2369,0.2421,38279589.53,9270697.06,direct,
2023-09-12,1694476800,0.2421,0.2524,0.2408,0.2456,27461111.89,6786954.79,direct,
2023-09-13,1694563200,0.2456,0.2499,0.2435,0.2487,23703456.94,5868586.23,direct,
2023-09-14,1694649600,0.2487,0.2526,0.2466,0.2514,30295056.14,7569097.97,direct,
2023-09-15,1694736000,0.2514,0.2552,0.2452,0.2506,27443081.31,6853836.66,direct,
2023-09-16,1694822400,0.2506,0.2539,0.2483,0.2504,15533659.47,3896013.42,direct,
2023-09-17,1694908800,0.2504,0.2512,0.2447,0.2472,14949510.21,3712251.48,direct,
2023-09-18,1694995200,0.2472,0.256,0.2445,0.2516,23428036.71,5907291.15,direct,
2023-09-19,1695081600,0.2516,0.2578,0.2509,0.2549,24052762.52,6135594.99,direct,
2023-09-20,1695168000,0.2549,0.2565,0.2503,0.2517,25108783.45,6359204.73,direct,
2023-09-21,1695254400,0.2517,0.2532,0.2449,0.245,27967063.66,6941978.87,direct,
2023-09-22,1695340800,0.245,0.2465,0.2428,0.245,22686140.86,5551322.55,direct,
2023-09-23,1695427200,0.245,0.2468,0.2437,0.2462,11523431.83,2827609.7,direct,
2023-09-24,1695513600,0.2462,0.2463,0.2418,0.2428,11598344.59,2840392.72,direct,
2023-09-25,1695600000,0.2428,0.2461,0.2406,0.2459,19600751.36,4792159.98,direct,
2023-09-26,1695686400,0.2459,0.2477,0.2432,0.2453,17941778.0,4404615.75,direct,
2023-09-27,1695772800,0.2453,0.2481,0.2425,0.2445,18737297.68,4590053.75,direct,
2023-09-28,1695859200,0.2445,0.2505,0.2432,0.249,30630913.28,7568898.0,direct,
2023-09-29,1695945600,0.249,0.2557,0.2477,0.2494,28563140.05,7185584.91,direct,
2023-09-30,1696032000,0.2494,0.2549,0.249,0.254,20270678.17,5104462.43,direct,
2023-10-01,1696118400,0.254,0.2678,0.2537,0.266,39787874.13,10367959.72,direct,
2023-10-02,1696204800,0.266,0.2708,0.2578,0.2593,46522520.58,12326877.31,direct,
2023-10-03,1696291200,0.2593,0.2645,0.2575,0.261,27432876.24,7170285.15,direct,
2023-10-04,1696377600,0.261,0.2612,0.2528,0.2589,28211380.49,7236567.76,direct,
2023-10-05,1696464000,0.2589,0.264,0.2565,0.2603,23446654.44,6108208.48,direct,
2023-10-06,1696550400,0.2603,0.267,0.2603,0.2648,18900647.93,4987548.72,direct,
2023-10-07,1696636800,0.2648,0.2658,0.2568,0.2588,16038018.44,4172959.59,direct,
2023-10-08,1696723200,0.2588,0.2592,0.2556,0.2566,9802416.68,2520973.3,direct,
2023-10-09,1696809600,0.2566,0.2588,0.2489,0.2513,26657607.83,6726460.33,direct,
2023-10-10,1696896000,0.2513,0.2533,0.2468,0.2491,25749992.89,6420454.46,direct,
2023-10-11,1696982400,0.2491,0.2495,0.245,0.2478,20279545.91,5009183.71,direct,
2023-10-12,1697068800,0.2478,0.2481,0.2424,0.2459,19606175.08,4802143.85,direct,
2023-10-13,1697155200,0.2459,0.2495,0.2449,0.2458,12633205.78,3116333.65,direct,
2023-10-14,1697241600,0.2458,0.2477,0.2449,0.2471,8479958.82,2091182.23,direct,
2023-10-15,1697328000,0.2471,0.2484,0.2454,0.2474,10067283.0,2486890.32,direct,
2023-10-16,1697414400,0.2474,0.2599,0.2472,0.2514,28071329.54,7087108.19,direct,
2023-10-17,1697500800,0.2514,0.2519,0.2451,0.2465,17401176.21,4324412.59,direct,
2023-10-18,1697587200,0.2465,0.2483,0.2423,0.243,15981004.34,3919791.94,direct,
2023-10-19,1697673600,0.243,0.2471,0.2398,0.2471,20433513.25,4970434.33,direct,
2023-10-20,1697760000,0.2471,0.2534,0.2455,0.2514,24644586.33,6159863.26,direct,
2023-10-21,1697846400,0.2514,0.2628,0.2497,0.2588,28459213.04,7333951.02,direct,
2023-10-22,1697932800,0.2588,0.2644,0.2558,0.2641,22555594.4,5861937.83,direct,
2023-10-23,1698019200,0.2641,0.2814,0.2617,0.2809,64626001.16,17439338.31,direct,
2023-10-24,1698105600,0.2809,0.2939,0.2736,0.2791,73018017.81,20617454.9,direct,
2023-10-25,1698192000,0.2791,0.2899,0.2765,0.2809,37608049.11,10623448.54,direct,
2023-10-26,1698278400,0.2809,0.2974,0.2803,0.2872,70323451.08,20300572.16,direct,
2023-10-27,1698364800,0.2872,0.2926,0.2808,0.2895,30038387.95,8627367.23,direct,
2023-10-28,1698451200,0.2895,0.2976,0.2889,0.2911,23265843.37,6822315.32,direct,
2023-10-29,1698537600,0.2911,0.2988,0.2885,0.2955,25400943.9,7509610.5,direct,
2023-10-30,1698624000,0.2955,0.3032,0.2923,0.3031,45984598.76,13764107.45,direct,
2023-10-31,1698710400,0.3031,0.3048,0.285,0.2931,46950301.01,13882809.8,direct,
2023-11-01,1698796800,0.2931,0.3089,0.2844,0.3074,55307787.72,16345414.42,direct,
2023-11-02,1698883200,0.3074,0.3295,0.2986,0.3231,81190521.38,25511539.02,direct,
2023-11-03,1698969600,0.3231,0.3296,0.3116,0.3293,69169937.22,22161669.7,direct,
2023-11-04,1699056000,0.3293,0.3306,0.3211,0.3281,29757596.46,9701603.86,direct,
2023-11-05,1699142400,0.3281,0.3503,0.3264,0.3421,52351778.87,17800545.53,direct,
2023-11-06,1699228800,0.3421,0.3757,0.3382,0.3626,74503370.83,26577667.25,direct,
2023-11-07,1699315200,0.3626,0.3656,0.3336,0.3513,83900180.84,29340999.37,direct,
2023-11-08,1699401600,0.3513,0.3606,0.3489,0.358,51713699.11,18390556.19,direct,
2023-11-09,1699488000,0.358,0.3866,0.3509,0.3685,109316199.49,40189401.12,direct,
2023-11-10,1699574400,0.3685,0.3885,0.3638,0.3862,93136561.3,34862499.11,direct,
2023-11-11,1699660800,0.3862,0.3953,0.3701,0.3844,82350702.5,31608683.98,direct,
2023-11-12,1699747200,0.3844,0.3913,0.3712,0.3835,52534257.37,20091449.26,direct,
2023-11-13,1699833600,0.3835,0.3888,0.3532,0.3569,78527085.63,29043897.35,direct,
2023-11-14,1699920000,0.3569,0.3719,0.3409,0.3579,76959377.17,27565573.02,direct,
2023-11-15,1700006400,0.3579,0.3796,0.3537,0.3789,67602554.92,24941844.54,direct,
2023-11-16,1700092800,0.3789,0.4095,0.3593,0.3708,144426504.15,55493770.91,direct,
2023-11-17,1700179200,0.3708,0.3778,0.3531,0.3673,58400055.44,21435918.14,direct,
2023-11-18,1700265600,0.3673,0.3779,0.3498,0.3776,47480942.32,17355154.92,direct,
2023-11-19,1700352000,0.3776,0.3855,0.369,0.3842,35021186.06,13239221.07,direct,
2023-11-20,1700438400,0.3842,0.4004,0.3785,0.3805,97598069.88,37986843.92,direct,
2023-11-21,1700524800,0.3805,0.39,0.3558,0.3569,71180347.92,26610520.69,direct,
2023-11-22,1700611200,0.3569,0.3876,0.3558,0.3804,50624409.91,18912960.62,direct,
2023-11-23,1700697600,0.3804,0.3874,0.3764,0.3873,36933698.83,14114904.91,direct,
2023-11-24,1700784000,0.3873,0.3977,0.3841,0.3862,53561973.38,20921412.33,direct,
2023-11-25,1700870400,0.3862,0.3962,0.3849,0.3944,28104627.33,11023895.6,direct,
2023-11-26,1700956800,0.3944,0.3959,0.3788,0.3877,35084717.71,13630940.49,direct,
2023-11-27,1701043200,0.3877,0.3921,0.3712,0.3778,40074576.78,15164266.44,direct,
2023-11-28,1701129600,0.3778,0.3884,0.3695,0.3858,32695007.5,12429571.87,direct,
2023-11-29,1701216000,0.3858,0.3892,0.3778,0.3816,34665659.6,13309323.64,direct,
2023-11-30,1701302400,0.3816,0.3828,0.372,0.376,36950065.53,13887799.7,direct,
2023-12-01,1701388800,0.376,0.3857,0.3738,0.3843,42358818.44,16166992.58,direct,
2023-12-02,1701475200,0.3843,0.3981,0.383,0.3979,34936720.96,13643162.2,direct,
2023-12-03,1701561600,0.3979,0.4031,0.3881,0.395,36598254.77,14460506.61,direct,
2023-12-04,1701648000,0.395,0.415,0.3925,0.4068,90484935.12,36475053.95,direct,
2023-12-05,1701734400,0.4068,0.426,0.397,0.4259,76027890.8,31326986.94,direct,
2023-12-06,1701820800,0.4259,0.455,0.4168,0.4428,101914287.62,44587297.07,direct,
2023-12-07,1701907200,0.4428,0.4594,0.4315,0.4558,82697075.53,37009371.6,direct,
2023-12-08,1701993600,0.4558,0.5885,0.4524,0.5457,192436255.38,100649263.52,direct,
2023-12-09,1702080000,0.5457,0.6475,0.544,0.5791,213107825.3,127776041.13,direct,
2023-12-10,1702166400,0.5791,0.6144,0.57,0.5948,106277305.02,63105304.36,direct,
2023-12-11,1702252800,0.5948,0.5984,0.5132,0.5506,161128222.06,88506725.04,direct,
2023-12-12,1702339200,0.5506,0.6063,0.5506,0.5783,119618129.37,69140733.09,direct,
2023-12-13,1702425600,0.5783,0.6809,0.5424,0.6674,167125918.93,103041993.48,direct,
2023-12-14,1702512000,0.6674,0.6904,0.6118,0.6436,129743960.24,84172536.92,direct,
2023-12-15,1702598400,0.6436,0.6541,0.6001,0.6005,81919484.81,51328248.67,direct,
2023-12-16,1702684800,0.6005,0.6254,0.5866,0.6076,51692446.52,31500439.37,direct,
2023-12-17,1702771200,0.6076,0.6177,0.5767,0.5799,46207274.76,27518947.96,direct,
2023-12-18,1702857600,0.5799,0.6031,0.5436,0.6023,69066701.27,39546975.44,direct,
2023-12-19,1702944000,0.6023,0.6167,0.5661,0.5761,61011316.73,36183847.11,direct,
2023-12-20,1703030400,0.5761,0.6099,0.5687,0.5897,61278295.79,36324237.14,direct,
2023-12-21,1703116800,0.5897,0.6394,0.582,0.6352,77022823.72,47124211.64,direct,
2023-12-22,1703203200,0.6352,0.6513,0.6064,0.6232,73427507.25,46090038.3,direct,
2023-12-23,1703289600,0.6232,0.6235,0.5974,0.6132,39253047.6,23815067.24,direct,
2023-12-24,1703376000,0.6132,0.6285,0.5876,0.5923,75188473.01,46031678.74,direct,
2023-12-25,1703462400,0.5923,0.635,0.5898,0.6243,45146955.68,27705749.97,direct,
2023-12-26,1703548800,0.6243,0.6277,0.5649,0.6088,75928975.21,45715384.13,direct,
2023-12-27,1703635200,0.6088,0.6434,0.5842,0.6338,77405391.99,48072312.38,direct,
2023-12-28,1703721600,0.6338,0.6777,0.6103,0.6162,116811798.83,75028590.44,direct,
2023-12-29,1703808000,0.6162,0.6259,0.5919,0.6084,59032492.98,36034830.2,direct,
2023-12-30,1703894400,0.6084,0.6132,0.5934,0.601,31706130.61,19182083.27,direct,
2023-12-31,1703980800,0.601,0.6098,0.5801,0.5938,31047697.53,18624274.57,direct,
2024-01-01,1704067200,0.5938,0.6242,0.5905,0.6234,31509456.86,19115404.63,direct,
2024-01-02,1704153600,0.6234,0.6372,0.6022,0.6052,47749263.22,29680628.54,direct,
2024-01-03,1704240000,0.6052,0.6187,0.5346,0.5572,95001767.13,53874007.8,direct,
2024-01-04,1704326400,0.5572,0.579,0.5499,0.5704,48328182.52,27363954.9,direct,
2024-01-05,1704412800,0.5704,0.5731,0.5226,0.5419,58615432.44,31754702.64,direct,
2024-01-06,1704499200,0.5419,0.5433,0.5075,0.5231,38500615.98,20137921.97,direct,
2024-01-07,1704585600,0.5231,0.5303,0.4883,0.4946,39611669.25,20255458.38,direct,
2024-01-08,1704672000,0.4946,0.5448,0.465,0.5416,84873706.74,42975948.45,direct,
2024-01-09,1704758400,0.5416,0.5438,0.4966,0.5123,59203032.83,30498183.66,direct,
2024-01-10,1704844800,0.5123,0.5897,0.4879,0.5662,91723926.82,48877074.88,direct,
2024-01-11,1704931200,0.5662,0.619,0.5608,0.5821,94083540.62,55068404.21,direct,
2024-01-12,1705017600,0.5821,0.5887,0.5267,0.5476,59226490.67,33456394.83,direct,
2024-01-13,1705104000,0.5476,0.5535,0.5311,0.5489,27030000.49,14777224.52,direct,
2024-01-14,1705190400,0.5489,0.5499,0.5235,0.5248,24535333.75,13237631.33,direct,
2024-01-15,1705276800,0.5248,0.5442,0.5215,0.5274,24380922.1,12984389.91,direct,
2024-01-16,1705363200,0.5274,0.548,0.5252,0.5354,23486757.54,12633783.05,direct,
2024-01-17,1705449600,0.5354,0.5394,0.5208,0.5278,22489217.95,11914369.9,direct,
2024-01-18,1705536000,0.5278,0.5278,0.4954,0.5019,43180670.29,22031418.99,direct,
2024-01-19,1705622400,0.5019,0.5048,0.4709,0.5041,49237409.29,24225478.61,direct,
2024-01-20,1705708800,0.5041,0.5174,0.4984,0.5157,25997822.04,13288154.41,direct,
2024-01-21,1705795200,0.5157,0.5199,0.5021,0.5027,22103342.24,11359638.31,direct,
2024-01-22,1705881600,0.5027,0.5057,0.4751,0.4781,41404112.86,20281474.79,direct,
2024-01-23,1705968000,0.4781,0.4857,0.4474,0.477,57242447.79,26662218.68,direct,
2024-01-24,1706054400,0.477,0.4799,0.464,0.4762,42541471.48,20082829.73,direct,
2024-01-25,1706140800,0.4762,0.4836,0.4585,0.4663,31328915.29,14768929.71,direct,
2024-01-26,1706227200,0.4663,0.4901,0.463,0.4848,23977400.51,11513892.57,direct,
2024-01-27,1706313600,0.4848,0.4899,0.4754,0.4861,14288165.23,6933551.69,direct,
2024-01-28,1706400000,0.4861,0.5004,0.4834,0.4902,21462322.96,10575957.61,direct,
2024-01-29,1706486400,0.4902,0.5279,0.4839,0.5259,36376618.54,18477688.23,direct,
2024-01-30,1706572800,0.5259,0.5369,0.5124,0.5137,43981120.26,23122590.66,direct,
2024-01-31,1706659200,0.5137,0.5202,0.4933,0.4974,41594565.62,21079363.79,direct,
2024-02-01,1706745600,0.4974,0.5082,0.4855,0.5075,25169288.54,12455185.4,direct,
2024-02-02,1706832000,0.5075,0.524,0.5039,0.5143,32958312.12,16882425.72,direct,
2024-02-03,1706918400,0.5143,0.5254,0.5116,0.5123,18306490.35,9503845.18,direct,
2024-02-04,1707004800,0.5123,0.5124,0.4931,0.4932,16022763.18,8066129.31,direct,
2024-02-05,1707091200,0.4932,0.5056,0.4868,0.4938,21097007.56,10446283.8,direct,
2024-02-06,1707177600,0.4938,0.5039,0.4886,0.4982,21953473.2,10887482.75,direct,
2024-02-07,1707264000,0.4982,0.5022,0.4738,0.5021,63909666.94,31068478.52,direct,
2024-02-08,1707350400,0.5021,0.5364,0.502,0.5303,70079475.25,36560769.7,direct,
2024-02-09,1707436800,0.5303,0.5487,0.528,0.5409,53132014.97,28636357.69,direct,
2024-02-10,1707523200,0.5409,0.5582,0.5285,0.5517,38463922.21,20890922.35,direct,
2024-02-11,1707609600,0.5517,0.5655,0.5357,0.5418,48932791.38,27082649.55,direct,
2024-02-12,1707696000,0.5418,0.5672,0.531,0.5596,46913468.15,25875264.95,direct,
2024-02-13,1707782400,0.5596,0.5646,0.5342,0.5452,40424362.31,22200877.84,direct,
2024-02-14,1707868800,0.5452,0.5831,0.5401,0.5775,48954380.9,27855547.34,direct,
2024-02-15,1707955200,0.5775,0.6122,0.5714,0.6094,65321970.35,38883958.02,direct,
2024-02-16,1708041600,0.6094,0.6141,0.5825,0.5992,54537790.22,32636788.35,direct,
2024-02-17,1708128000,0.5992,0.6107,0.5692,0.6097,35630646.8,20984714.93,direct,
2024-02-18,1708214400,0.6097,0.6389,0.6095,0.6195,56260828.53,35079474.24,direct,
2024-02-19,1708300800,0.6195,0.6386,0.6152,0.6308,37433019.59,23421033.36,direct,
2024-02-20,1708387200,0.6308,0.6413,0.5958,0.622,55462430.08,34450175.29,direct,
2024-02-21,1708473600,0.622,0.6236,0.5749,0.5988,44637489.6,26466276.25,direct,
2024-02-22,1708560000,0.5988,0.6078,0.5807,0.5855,33299797.13,19783372.49,direct,
2024-02-23,1708646400,0.5855,0.5948,0.5684,0.5823,32458194.63,18943958.84,direct,
2024-02-24,1708732800,0.5823,0.5998,0.5695,0.5969,35460697.16,20690381.2,direct,
2024-02-25,1708819200,0.5969,0.6004,0.5805,0.5913,24211898.08,14265686.56,direct,
2024-02-26,1708905600,0.5913,0.6227,0.5735,0.6197,50964890.39,30702184.79,direct,
2024-02-27,1708992000,0.6197,0.6309,0.608,0.6242,66352195.44,41300094.28,direct,
2024-02-28,1709078400,0.6242,0.6614,0.5982,0.6294,98546927.44,62125659.39,direct,
2024-02-29,1709164800,0.6294,0.7086,0.6235,0.6551,132798137.36,89406441.93,direct,
2024-03-01,1709251200,0.6551,0.7207,0.6536,0.7201,67402029.42,46184177.87,direct,
2024-03-02,1709337600,0.7201,0.7643,0.7179,0.7419,87959145.84,65350264.16,direct,
2024-03-03,1709424000,0.7419,0.7424,0.6896,0.7284,44675525.14,32353465.95,direct,
2024-03-04,1709510400,0.7284,0.7991,0.7239,0.7711,112415213.91,86606052.32,direct,
2024-03-05,1709596800,0.7711,0.7831,0.5806,0.6935,158028037.0,112630724.48,direct,
2024-03-06,1709683200,0.6935,0.7568,0.6658,0.7353,79471076.48,56867244.45,direct,
2024-03-07,1709769600,0.7353,0.7559,0.7191,0.7439,56783540.96,42106532.96,direct,
2024-03-08,1709856000,0.7439,0.7554,0.7001,0.7243,65100872.28,47476851.77,direct,
2024-03-09,1709942400,0.7243,0.7471,0.722,0.7431,35784712.02,26309412.9,direct,
2024-03-10,1710028800,0.7431,0.7455,0.7013,0.7173,37895347.14,27523259.72,direct,
2024-03-11,1710115200,0.7173,0.7882,0.6873,0.7751,98170572.48,73580867.58,direct,
2024-03-12,1710201600,0.7751,0.776,0.7051,0.7483,68158951.92,50770033.43,direct,
2024-03-13,1710288000,0.7483,0.7735,0.7374,0.7646,57172133.16,43132252.59,direct,
2024-03-14,1710374400,0.7646,0.81,0.7134,0.7505,116301806.53,89071610.07,direct,
2024-03-15,1710460800,0.7505,0.7638,0.671,0.7273,82737727.23,59106882.5,direct,
2024-03-16,1710547200,0.7273,0.7346,0.6504,0.6586,53903293.83,37163429.78,direct,
2024-03-17,1710633600,0.6586,0.6947,0.6288,0.6808,56267457.77,37728922.38,direct,
2024-03-18,1710720000,0.6808,0.6985,0.6422,0.6603,52892834.17,35240932.97,direct,
2024-03-19,1710806400,0.6603,0.6657,0.58,0.5862,89675475.47,55076485.86,direct,
2024-03-20,1710892800,0.5862,0.6445,0.5691,0.6398,71829809.04,43691865.34,direct,
2024-03-21,1710979200,0.6398,0.6481,0.6178,0.6316,41362550.23,26239068.02,direct,
2024-03-22,1711065600,0.6316,0.6425,0.5991,0.6148,38878319.84,24001658.74,direct,
2024-03-23,1711152000,0.6148,0.6393,0.6105,0.6231,20408277.31,12814566.44,direct,
2024-03-24,1711238400,0.6231,0.6481,0.6226,0.6466,22921306.85,14588416.08,direct,
2024-03-25,1711324800,0.6466,0.6682,0.6384,0.6566,43241022.31,28326253.44,direct,
2024-03-26,1711411200,0.6566,0.6837,0.6517,0.665,42759334.91,28488681.21,direct,
2024-03-27,1711497600,0.665,0.6709,0.6301,0.6476,69353140.65,44999624.86,direct,
2024-03-28,1711584000,0.6476,0.6581,0.635,0.651,32227380.04,20927960.89,direct,
2024-03-29,1711670400,0.651,0.6677,0.6353,0.6645,41375259.63,27010427.68,direct,
2024-03-30,1711756800,0.6645,0.6696,0.642,0.6439,25405305.9,16615097.59,direct,
2024-03-31,1711843200,0.6439,0.6536,0.6421,0.65,19912284.8,12889187.95,direct,
2024-04-01,1711929600,0.65,0.6515,0.6054,0.6217,42039815.31,26248114.69,direct,
2024-04-02,1712016000,0.6217,0.6217,0.5738,0.5808,49955564.11,29423169.49,direct,
2024-04-03,1712102400,0.5808,0.5949,0.563,0.5693,31346551.53,18198047.09,direct,
2024-04-04,1712188800,0.5693,0.5971,0.5593,0.5833,34647675.25,20085026.68,direct,
2024-04-05,1712275200,0.5833,0.5851,0.5599,0.5742,27275105.8,15612986.65,direct,
2024-04-06,1712361600,0.5742,0.5895,0.5716,0.5837,14859383.53,8638250.48,direct,
2024-04-07,1712448000,0.5837,0.5971,0.5819,0.5889,19380457.72,11435707.32,direct,
2024-04-08,1712534400,0.5889,0.6167,0.5794,0.6139,30416320.26,18400640.7,direct,
2024-04-09,1712620800,0.6139,0.6239,0.59,0.5911,32693272.45,19803704.35,direct,
2024-04-10,1712707200,0.5911,0.5938,0.5582,0.5862,36551688.07,21109860.86,direct,
2024-04-11,1712793600,0.5862,0.5944,0.5755,0.5858,20403038.03,11932152.71,direct,
2024-04-12,1712880000,0.5858,0.5924,0.4642,0.503,120025183.78,62499258.66,direct,
2024-04-13,1712966400,0.503,0.5165,0.403,0.4457,120161567.14,55377663.5,direct,
2024-04-14,1713052800,0.4457,0.4782,0.4335,0.4682,81212237.65,37117375.03,direct,
2024-04-15,1713139200,0.4682,0.4955,0.4396,0.4611,72057484.52,33718496.96,direct,
2024-04-16,1713225600,0.4611,0.4783,0.4397,0.4586,49608283.01,22673656.86,direct,
2024-04-17,1713312000,0.4586,0.4648,0.4277,0.4442,37648548.62,16792290.46,direct,
2024-04-18,1713398400,0.4442,0.4612,0.4346,0.4583,32360309.78,14558783.2,direct,
2024-04-19,1713484800,0.4583,0.476,0.4233,0.4683,54252769.29,24898686.99,direct,
2024-04-20,1713571200,0.4683,0.5085,0.4649,0.5073,47603350.49,23320575.83,direct,
2024-04-21,1713657600,0.5073,0.5125,0.4879,0.4992,32940782.44,16538750.91,direct,
2024-04-22,1713744000,0.4992,0.5226,0.4952,0.517,41608169.62,21325826.01,direct,
2024-04-23,1713830400,0.517,0.5215,0.4972,0.5,49685065.64,25340474.37,direct,
2024-04-24,1713916800,0.5,0.5106,0.469,0.4746,39380831.49,19273464.75,direct,
2024-04-25,1714003200,0.4746,0.4796,0.4623,0.4705,30642331.55,14453155.09,direct,
2024-04-26,1714089600,0.4705,0.4788,0.4607,0.4628,21111998.23,9894250.51,direct,
2024-04-27,1714176000,0.4628,0.4696,0.446,0.4671,21396006.1,9804290.54,direct,
2024-04-28,1714262400,0.4671,0.4779,0.4582,0.4597,17771690.72,8335011.12,direct,
2024-04-29,1714348800,0.4597,0.4634,0.4466,0.457,25828172.88,11744204.36,direct,
2024-04-30,1714435200,0.457,0.4629,0.4257,0.4409,44748185.44,19662451.73,direct,
2024-05-01,1714521600,0.4409,0.4572,0.4181,0.4495,48436745.84,21246052.86,direct,
2024-05-02,1714608000,0.4495,0.4621,0.4386,0.4578,42924089.12,19410611.39,direct,
2024-05-03,1714694400,0.4578,0.4736,0.4465,0.4675,35373202.78,16253604.98,direct,
2024-05-04,1714780800,0.4675,0.4766,0.4625,0.4632,23604735.38,11054282.78,direct,
2024-05-05,1714867200,0.4632,0.466,0.452,0.4581,18870049.01,8660992.77,direct,
2024-05-06,1714953600,0.4581,0.475,0.4516,0.454,32287145.7,14915742.44,direct,
2024-05-07,1715040000,0.454,0.4562,0.4408,0.4415,34423272.76,15504354.74,direct,
2024-05-08,1715126400,0.4415,0.4685,0.4366,0.4516,41992547.12,18969254.55,direct,
2024-05-09,1715212800,0.4516,0.4644,0.447,0.4635,22961603.11,10487993.15,direct,
2024-05-10,1715299200,0.4635,0.4684,0.4433,0.4478,25327180.56,11541804.99,direct,
2024-05-11,1715385600,0.4478,0.4509,0.4378,0.4386,20808804.6,9199754.1,direct,
2024-05-12,1715472000,0.4386,0.443,0.4332,0.4377,10261906.23,4506748.7,direct,
2024-05-13,1715558400,0.4377,0.4528,0.4252,0.4366,31809552.04,14003168.84,direct,
2024-05-14,1715644800,0.4366,0.4382,0.4261,0.4281,18390245.73,7956484.16,direct,
2024-05-15,1715731200,0.4281,0.4551,0.4262,0.4527,35392736.0,15642750.22,direct,
2024-05-16,1715817600,0.4527,0.4629,0.4487,0.4598,38213331.29,17443824.88,direct,
2024-05-17,1715904000,0.4598,0.4907,0.4553,0.4823,46816048.36,22239457.3,direct,
2024-05-18,1715990400,0.4823,0.4859,0.4758,0.4823,17986572.35,8665910.56,direct,
2024-05-19,1716076800,0.4823,0.4837,0.4637,0.4672,24651513.61,11644380.02,direct,
2024-05-20,1716163200,0.4672,0.503,0.4609,0.502,61079800.59,29106249.24,direct,
2024-05-21,1716249600,0.502,0.5101,0.4907,0.4945,35798886.03,17917443.58,direct,
2024-05-22,1716336000,0.4945,0.4951,0.475,0.4832,28015344.47,13550840.4,direct,
2024-05-23,1716422400,0.4832,0.4883,0.4449,0.4656,43910246.68,20546404.9,direct,
2024-05-24,1716508800,0.4656,0.4695,0.4542,0.46,22773900.58,10499500.84,direct,
2024-05-25,1716595200,0.46,0.4645,0.4572,0.462,12541840.6,5777034.8,direct,
2024-05-26,1716681600,0.462,0.4627,0.4549,0.458,13336965.93,6126901.21,direct,
2024-05-27,1716768000,0.458,0.4747,0.4564,0.4681,19110938.15,8892201.58,direct,
2024-05-28,1716854400,0.4681,0.4689,0.4517,0.4572,18549630.54,8496602.1,direct,
2024-05-29,1716940800,0.4572,0.4639,0.4503,0.4507,19731662.28,9021749.12,direct,
2024-05-30,1717027200,0.4507,0.461,0.4431,0.4464,26807272.26,12055257.65,direct,
2024-05-31,1717113600,0.4464,0.4555,0.4434,0.4466,18327742.88,8226478.98,direct,
2024-06-01,1717200000,0.4466,0.4529,0.4446,0.4495,8635551.95,3873910.19,direct,
2024-06-02,1717286400,0.4495,0.4537,0.4403,0.4462,11957160.39,5359837.54,direct,
2024-06-03,1717372800,0.4462,0.4632,0.4433,0.4573,18692077.48,8493740.7,direct,
2024-06-04,1717459200,0.4573,0.4659,0.4526,0.4616,23700460.82,10893596.59,direct,
2024-06-05,1717545600,0.4616,0.4672,0.4572,0.4614,18981447.11,8762000.2,direct,
2024-06-06,1717632000,0.4614,0.4621,0.4496,0.4581,23794807.82,10891842.84,direct,
2024-06-07,1717718400,0.4581,0.4898,0.4294,0.4492,67889674.38,31490330.36,direct,
2024-06-08,1717804800,0.4492,0.4492,0.4323,0.4368,22276288.55,9783395.57,direct,
2024-06-09,1717891200,0.4368,0.4461,0.4318,0.444,11995761.47,5279850.26,direct,
2024-06-10,1717977600,0.444,0.451,0.435,0.4404,26618643.59,11800435.86,direct,
2024-06-11,1718064000,0.4404,0.4414,0.4129,0.4219,41379600.32,17632761.79,direct,
2024-06-12,1718150400,0.4219,0.4441,0.4146,0.4377,30652664.56,13284605.87,direct,
2024-06-13,1718236800,0.4377,0.4388,0.4191,0.4209,22015689.98,9410336.71,direct,
2024-06-14,1718323200,0.4209,0.4244,0.4001,0.4119,31981641.79,13167153.66,direct,
2024-06-15,1718409600,0.4119,0.4154,0.408,0.4137,12334695.77,5076926.04,direct,
2024-06-16,1718496000,0.4137,0.4188,0.409,0.4165,9863349.04,4090915.0,direct,
2024-06-17,1718582400,0.4165,0.4205,0.3909,0.4011,33644572.13,13666297.54,direct,
2024-06-18,1718668800,0.4011,0.4024,0.3655,0.3834,75522055.16,28395693.03,direct,
2024-06-19,1718755200,0.3834,0.3978,0.3802,0.3843,37951623.97,14730931.09,direct,
2024-06-20,1718841600,0.3843,0.3974,0.3771,0.3841,37877684.47,14684442.34,direct,
2024-06-21,1718928000,0.3841,0.3907,0.3735,0.3759,31265331.99,11960569.72,direct,
2024-06-22,1719014400,0.3759,0.3906,0.3713,0.3845,28863497.16,11024748.33,direct,
2024-06-23,1719100800,0.3845,0.3928,0.3789,0.3799,16056397.83,6199798.62,direct,
2024-06-24,1719187200,0.3799,0.3814,0.3639,0.3776,48787801.48,18192360.34,direct,
2024-06-25,1719273600,0.3776,0.3972,0.377,0.3917,25744570.14,10037158.7,direct,
2024-06-26,1719360000,0.3917,0.3962,0.3829,0.3847,26076824.09,10158500.71,direct,
2024-06-27,1719446400,0.3847,0.3937,0.3776,0.3907,25521155.31,9877357.71,direct,
2024-06-28,1719532800,0.3907,0.3962,0.3848,0.3852,28222171.25,11015083.15,direct,
2024-06-29,1719619200,0.3852,0.4032,0.3829,0.3836,17844993.81,7011962.82,direct,
2024-06-30,1719705600,0.3836,0.3938,0.3782,0.3919,16356339.4,6306506.14,direct,
2024-07-01,1719792000,0.3919,0.4081,0.3911,0.4028,23493572.46,9418483.95,direct,
2024-07-02,1719878400,0.4028,0.4191,0.4025,0.4179,21422952.17,8841478.24,direct,
2024-07-03,1719964800,0.4179,0.4228,0.3999,0.4066,30766182.43,12631711.63,direct,
2024-07-04,1720051200,0.4066,0.4134,0.3615,0.362,38362308.29,14768512.0,direct,
2024-07-05,1720137600,0.362,0.3622,0.3182,0.3499,97636968.25,33220903.92,direct,
2024-07-06,1720224000,0.3499,0.38,0.3468,0.3708,32853377.32,11828908.92,direct,
2024-07-07,1720310400,0.3708,0.3713,0.3448,0.3467,21949563.0,7907286.4,direct,
2024-07-08,1720396800,0.3467,0.3799,0.3309,0.3692,47666331.42,17161733.19,direct,
2024-07-09,1720483200,0.3692,0.3806,0.3628,0.3754,23959479.64,8943281.01,direct,
2024-07-10,1720569600,0.3754,0.39,0.372,0.3887,22950699.99,8800562.47,direct,
2024-07-11,1720656000,0.3887,0.405,0.3847,0.3961,31728893.4,12557400.48,direct,
2024-07-12,1720742400,0.3961,0.418,0.3934,0.4166,35231380.42,14308790.36,direct,
2024-07-13,1720828800,0.4166,0.4466,0.4119,0.4419,36327560.99,15587403.35,direct,
2024-07-14,1720915200,0.4419,0.4453,0.4249,0.432,24103477.67,10438752.68,direct,
2024-07-15,1721001600,0.432,0.4459,0.4313,0.4453,40745268.01,17837371.66,direct,
2024-07-16,1721088000,0.4453,0.4528,0.427,0.4383,33652962.56,14829937.98,direct,
2024-07-17,1721174400,0.4383,0.4567,0.4357,0.4361,29423075.5,13111513.87,direct,
2024-07-18,1721260800,0.4361,0.4497,0.42,0.4234,20853480.83,9021815.21,direct,
2024-07-19,1721347200,0.4234,0.4432,0.4147,0.4392,22326929.59,9577286.24,direct,
2024-07-20,1721433600,0.4392,0.442,0.4279,0.4376,13615805.35,5930255.7,direct,
2024-07-21,1721520000,0.4376,0.4488,0.4172,0.4469,18408960.45,7970278.52,direct,
2024-07-22,1721606400,0.4469,0.4502,0.424,0.4264,27855574.4,12104675.2,direct,
2024-07-23,1721692800,0.4264,0.4296,0.4034,0.4102,26353075.43,10994852.43,direct,
2024-07-24,1721779200,0.4102,0.4214,0.4039,0.4064,35147271.49,14503431.33,direct,
2024-07-25,1721865600,0.4064,0.4083,0.3817,0.3947,35840203.09,14094175.96,direct,
2024-07-26,1721952000,0.3947,0.4199,0.3945,0.4173,23407087.59,9634519.92,direct,
2024-07-27,1722038400,0.4173,0.4292,0.4132,0.4175,25076536.41,10536580.29,direct,
2024-07-28,1722124800,0.4175,0.4206,0.4047,0.4073,9657591.1,3967154.03,direct,
2024-07-29,1722211200,0.4073,0.427,0.4032,0.4032,22897043.22,9492828.24,direct,
2024-07-30,1722297600,0.4032,0.4075,0.3942,0.4013,18910603.23,7603817.55,direct,
2024-07-31,1722384000,0.4013,0.4077,0.3872,0.3881,24067102.35,9618220.21,direct,
2024-08-01,1722470400,0.3881,0.3955,0.3682,0.3925,34614404.96,13197202.68,direct,
2024-08-02,1722556800,0.3925,0.3949,0.3586,0.3633,41582758.13,15553412.53,direct,
2024-08-03,1722643200,0.3633,0.3726,0.3491,0.3645,27991072.28,10045067.25,direct,
2024-08-04,1722729600,0.3645,0.3675,0.3339,0.344,36504139.61,12738829.22,direct,
2024-08-05,1722816000,0.344,0.3456,0.2771,0.312,150864372.49,46121236.24,direct,
2024-08-06,1722902400,0.312,0.337,0.3116,0.3312,35218512.51,11584088.3,direct,
2024-08-07,1722988800,0.3312,0.341,0.3158,0.324,35034655.01,11474835.64,direct,
2024-08-08,1723075200,0.324,0.3535,0.3189,0.3518,28779441.06,9731220.64,direct,
2024-08-09,1723161600,0.3518,0.3546,0.3368,0.3485,27202667.29,9422220.83,direct,
2024-08-10,1723248000,0.3485,0.3523,0.3445,0.3458,10156328.47,3525820.49,direct,
2024-08-11,1723334400,0.3458,0.3565,0.3272,0.3277,16568968.65,5649905.55,direct,
2024-08-12,1723420800,0.3277,0.3445,0.3267,0.3391,17577203.9,5914529.42,direct,
2024-08-13,1723507200,0.3391,0.3451,0.331,0.34,16412497.56,5565866.22,direct,
2024-08-14,1723593600,0.34,0.3457,0.3313,0.3354,18725629.84,6327077.65,direct,
2024-08-15,1723680000,0.3354,0.3418,0.3207,0.3249,25120194.15,8286446.11,direct,
2024-08-16,1723766400,0.3249,0.3453,0.3205,0.3303,25528224.04,8445187.02,direct,
2024-08-17,1723852800,0.3303,0.3388,0.3276,0.3373,12844509.7,4284599.71,direct,
2024-08-18,1723939200,0.3373,0.3399,0.333,0.3343,12945739.92,4367037.47,direct,
2024-08-19,1724025600,0.3343,0.3377,0.328,0.3368,14688493.68,4898492.06,direct,
2024-08-20,1724112000,0.3368,0.3512,0.3357,0.3436,26438770.28,9073582.46,direct,
2024-08-21,1724198400,0.3436,0.3774,0.3429,0.369,48441352.27,17443838.37,direct,
2024-08-22,1724284800,0.369,0.3776,0.3645,0.3764,26854218.1,9985507.62,direct,
2024-08-23,1724371200,0.3764,0.3927,0.374,0.3916,44109928.14,16871531.73,direct,
2024-08-24,1724457600,0.3916,0.4015,0.3881,0.3939,26443758.68,10427782.03,direct,
2024-08-25,1724544000,0.3939,0.3942,0.3779,0.385,22347973.64,8617153.11,direct,
2024-08-26,1724630400,0.385,0.388,0.3662,0.3662,29639746.16,11089520.18,direct,
2024-08-27,1724716800,0.3662,0.3728,0.3425,0.3505,32940572.67,11911555.41,direct,
2024-08-28,1724803200,0.3505,0.3605,0.3408,0.3501,31536697.41,11073613.3,direct,
2024-08-29,1724889600,0.3501,0.3676,0.3472,0.3579,29378916.19,10499230.02,direct,
2024-08-30,1724976000,0.3579,0.3621,0.3378,0.3471,33187671.92,11615332.83,direct,
2024-08-31,1725062400,0.3471,0.3504,0.3446,0.345,12232078.21,4247252.87,direct,
2024-09-01,1725148800,0.345,0.3457,0.3274,0.3315,28586088.69,9668217.29,direct,
2024-09-02,1725235200,0.3315,0.3373,0.3251,0.3363,23185825.43,7681038.2,direct,
2024-09-03,1725321600,0.3363,0.3396,0.3175,0.3185,27764954.38,9058080.92,direct,
2024-09-04,1725408000,0.3185,0.3293,0.3054,0.3234,50284662.39,16001754.94,direct,
2024-09-05,1725494400,0.3234,0.3399,0.3197,0.3251,30662891.8,10027609.4,direct,
2024-09-06,1725580800,0.3251,0.3317,0.3035,0.3148,31479777.06,10021874.72,direct,
2024-09-07,1725667200,0.3148,0.3279,0.3147,0.3254,13863762.6,4475470.51,direct,
2024-09-08,1725753600,0.3254,0.3409,0.3239,0.3391,15617341.83,5227834.7,direct,
2024-09-09,1725840000,0.3391,0.3489,0.3376,0.3434,25336483.64,8688534.06,direct,
2024-09-10,1725926400,0.3434,0.3457,0.3374,0.3431,12969283.83,4436276.42,direct,
2024-09-11,1726012800,0.3431,0.3572,0.3301,0.3532,27383504.41,9369747.93,direct,
2024-09-12,1726099200,0.3532,0.3615,0.3522,0.3563,24421099.12,8707456.73,direct,
2024-09-13,1726185600,0.3563,0.3649,0.3504,0.3609,20825838.36,7464965.36,direct,
2024-09-14,1726272000,0.3609,0.362,0.3515,0.3544,13981614.74,4981503.8,direct,
2024-09-15,1726358400,0.3544,0.3563,0.3343,0.3386,17680224.57,6125881.34,direct,
2024-09-16,1726444800,0.3386,0.3386,0.3264,0.3303,19734336.48,6548479.21,direct,
2024-09-17,1726531200,0.3303,0.3431,0.3285,0.3338,21485628.43,7197402.13,direct,
2024-09-18,1726617600,0.3338,0.3443,0.3273,0.3442,19113047.23,6375329.17,direct,
2024-09-19,1726704000,0.3442,0.3565,0.3442,0.351,33934850.28,11905803.1,direct,
2024-09-20,1726790400,0.351,0.3612,0.349,0.3523,23956834.74,8520103.15,direct,
2024-09-21,1726876800,0.3523,0.3598,0.3506,0.3585,16614333.31,5911909.16,direct,
2024-09-22,1726963200,0.3585,0.3593,0.3431,0.3517,16499215.57,5797310.97,direct,
2024-09-23,1727049600,0.3517,0.3657,0.3457,0.3638,32146435.71,11498007.52,direct,
2024-09-24,1727136000,0.3638,0.3916,0.3586,0.3877,47858347.75,18041130.86,direct,
2024-09-25,1727222400,0.3877,0.3938,0.379,0.381,39631313.49,15262280.64,direct,
2024-09-26,1727308800,0.381,0.404,0.3781,0.4018,44006353.33,17374188.83,direct,
2024-09-27,1727395200,0.4018,0.4157,0.3996,0.4019,36603112.36,14853068.09,direct,
2024-09-28,1727481600,0.4019,0.4061,0.3924,0.4006,18042981.88,7232909.64,direct,
2024-09-29,1727568000,0.4006,0.4043,0.3929,0.3978,13756948.0,5492713.08,direct,
2024-09-30,1727654400,0.3978,0.3978,0.3708,0.3733,29921308.15,11490486.7,direct,
2024-10-01,1727740800,0.3733,0.3881,0.3427,0.3522,58792745.53,21356780.96,direct,
2024-10-02,1727827200,0.3522,0.3626,0.3358,0.3433,39168595.98,13707449.78,direct,
2024-10-03,1727913600,0.3433,0.3495,0.332,0.3454,36684379.19,12514101.94,direct,
2024-10-04,1728000000,0.3454,0.3561,0.3429,0.3516,22722620.11,7965842.96,direct,
2024-10-05,1728086400,0.3516,0.3557,0.3455,0.3509,10961157.33,3853780.56,direct,
2024-10-06,1728172800,0.3509,0.3585,0.3478,0.3573,14009863.57,4947444.78,direct,
2024-10-07,1728259200,0.3573,0.3683,0.3504,0.3514,28576146.6,10266895.44,direct,
2024-10-08,1728345600,0.3514,0.3579,0.3409,0.3445,25381327.59,8839044.16,direct,
2024-10-09,1728432000,0.3445,0.3477,0.3339,0.3392,18422049.89,6273514.52,direct,
2024-10-10,1728518400,0.3392,0.3415,0.3313,0.3394,16422707.05,5529710.32,direct,
2024-10-11,1728604800,0.3394,0.3549,0.338,0.3515,17631667.94,6118303.55,direct,
2024-10-12,1728691200,0.3515,0.3566,0.3509,0.353,12819619.64,4531788.15,direct,
2024-10-13,1728777600,0.353,0.3595,0.3444,0.3486,15750025.92,5523423.03,direct,
2024-10-14,1728864000,0.3486,0.3653,0.3422,0.3643,36064697.17,12903783.48,direct,
2024-10-15,1728950400,0.3643,0.371,0.348,0.359,33696323.78,12104509.49,direct,
2024-10-16,1729036800,0.359,0.3609,0.3511,0.352,28629676.19,10182010.9,direct,
2024-10-17,1729123200,0.352,0.3587,0.3394,0.3432,30741219.52,10690651.02,direct,
2024-10-18,1729209600,0.3432,0.3529,0.3425,0.3505,22876518.12,7966143.37,direct,
2024-10-19,1729296000,0.3505,0.357,0.3492,0.3514,12874571.53,4532711.76,direct,
2024-10-20,1729382400,0.3514,0.3656,0.3482,0.3649,20035391.91,7164669.93,direct,
2024-10-21,1729468800,0.3649,0.3724,0.3531,0.3607,34002870.77,12335633.7,direct,
2024-10-22,1729555200,0.3607,0.3678,0.3549,0.3641,28778454.51,10435947.33,direct,
2024-10-23,1729641600,0.3641,0.3688,0.3421,0.3494,31892806.73,11296124.64,direct,
2024-10-24,1729728000,0.3494,0.3546,0.3395,0.3463,32292796.35,11153440.32,direct,
2024-10-25,1729814400,0.3463,0.3469,0.3171,0.3258,49955546.41,16839395.63,direct,
2024-10-26,1729900800,0.3258,0.3345,0.3205,0.3334,24860549.96,8175654.33,direct,
2024-10-27,1729987200,0.3334,0.3419,0.3305,0.3395,12647411.81,4260079.1,direct,
2024-10-28,1730073600,0.3395,0.3478,0.3301,0.3435,25389462.49,8588803.74,direct,
2024-10-29,1730160000,0.3435,0.3569,0.3426,0.3561,35147315.33,12300473.91,direct,
2024-10-30,1730246400,0.3561,0.3637,0.3507,0.3551,32225116.48,11509363.26,direct,
2024-10-31,1730332800,0.3551,0.3611,0.3402,0.3413,26712345.02,9346598.98,direct,
2024-11-01,1730419200,0.3413,0.3616,0.3338,0.3574,35347912.03,12407938.91,direct,
2024-11-02,1730505600,0.3574,0.3636,0.3452,0.348,19636880.22,6983573.56,direct,
2024-11-03,1730592000,0.348,0.3481,0.3276,0.334,24094912.63,8083461.91,direct,
2024-11-04,1730678400,0.334,0.3366,0.3202,0.3262,25851232.28,8498419.39,direct,
2024-11-05,1730764800,0.3262,0.3382,0.326,0.3335,25090111.32,8352336.77,direct,
2024-11-06,1730851200,0.3335,0.3659,0.3335,0.3633,71718372.88,25617547.92,direct,
2024-11-07,1730937600,0.3633,0.407,0.3617,0.4069,88510556.78,34047646.62,direct,
2024-11-08,1731024000,0.4069,0.459,0.4044,0.4449,147653151.75,64003007.37,direct,
2024-11-09,1731110400,0.4449,0.4983,0.4277,0.4967,70108034.63,31555306.88,direct,
2024-11-10,1731196800,0.4967,0.6795,0.4883,0.5903,357356876.02,208491217.15,direct,
2024-11-11,1731283200,0.5903,0.6248,0.5651,0.6137,195394514.15,116874186.3,direct,
2024-11-12,1731369600,0.6137,0.6544,0.5557,0.5716,199357369.11,117957438.58,direct,
2024-11-13,1731456000,0.5716,0.6105,0.5198,0.579,169982703.45,96083782.09,direct,
2024-11-14,1731542400,0.579,0.6,0.542,0.579,119051869.81,67851911.64,direct,
2024-11-15,1731628800,0.579,0.7073,0.575,0.7071,285041118.05,184856949.4,direct,
2024-11-16,1731715200,0.7071,0.8191,0.7028,0.742,288004774.9,216449200.37,direct,
2024-11-17,1731801600,0.742,0.7737,0.6908,0.7027,123224480.99,88952501.91,direct,
2024-11-18,1731888000,0.7027,0.7834,0.701,0.7332,155887113.25,116477987.64,direct,
2024-11-19,1731974400,0.7332,0.7653,0.7213,0.7396,96032052.89,71186353.27,direct,
2024-11-20,1732060800,0.7396,0.8487,0.7394,0.8008,208255679.16,168312244.18,direct,
2024-11-21,1732147200,0.8008,0.8245,0.7678,0.8227,140309840.74,111270515.23,direct,
2024-11-22,1732233600,0.8227,1.046,0.8136,1.019,366383463.0,341470924.41,direct,
2024-11-23,1732320000,1.019,1.154,1.017,1.067,316776123.56,344280160.53,direct,
2024-11-24,1732406400,1.067,1.099,0.9406,1.024,208604171.98,211511243.93,direct,
2024-11-25,1732492800,1.024,1.079,0.9274,0.9435,173067770.7,174020023.84,direct,
2024-11-26,1732579200,0.9435,0.9905,0.8728,0.9603,158608630.49,147572168.98,direct,
2024-11-27,1732665600,0.9603,1.042,0.9315,1.013,130507213.57,130318298.19,direct,
2024-11-28,1732752000,1.013,1.049,0.9707,1.032,67613467.95,68057155.6,direct,
2024-11-29,1732838400,1.032,1.1,1.028,1.076,122136685.17,129576048.1,direct,
2024-11-30,1732924800,1.076,1.15,1.051,1.079,116749946.8,127646386.55,direct,
2024-12-01,1733011200,1.079,1.164,1.038,1.15,134224858.03,147508970.29,direct,
2024-12-02,1733097600,1.15,1.243,1.057,1.202,311197925.56,363258807.83,direct,
2024-12-03,1733184000,1.202,1.327,1.141,1.192,284426549.72,353300766.69,direct,
2024-12-04,1733270400,1.192,1.242,1.141,1.189,150882819.58,180327312.32,direct,
2024-12-05,1733356800,1.189,1.246,1.117,1.161,182185641.28,217645502.76,direct,
2024-12-06,1733443200,1.161,1.239,1.136,1.229,122211936.49,145923511.38,direct,
2024-12-07,1733529600,1.229,1.238,1.19,1.211,70165972.07,85011850.92,direct,
2024-12-08,1733616000,1.211,1.225,1.174,1.195,86184646.41,103026613.12,direct,
2024-12-09,1733702400,1.195,1.195,0.9062,1.005,249841968.41,265682294.73,direct,
2024-12-10,1733788800,1.005,1.041,0.9102,1.022,258104158.05,254860247.65,direct,
2024-12-11,1733875200,1.022,1.116,0.9722,1.087,137254576.25,144797075.09,direct,
2024-12-12,1733961600,1.087,1.182,1.073,1.123,132947026.16,151169611.92,direct,
2024-12-13,1734048000,1.123,1.131,1.077,1.121,75862052.02,83759424.56,direct,
2024-12-14,1734134400,1.121,1.133,1.043,1.061,60036883.32,65137195.6,direct,
2024-12-15,1734220800,1.061,1.112,1.039,1.099,50191162.13,54165256.61,direct,
2024-12-16,1734307200,1.099,1.121,1.047,1.078,85672096.2,93375775.75,direct,
2024-12-17,1734393600,1.078,1.111,1.042,1.052,75235994.49,81064333.51,direct,
2024-12-18,1734480000,1.052,1.061,0.9637,0.9682,108688109.92,110095662.18,direct,
2024-12-19,1734566400,0.9682,0.9884,0.8464,0.8801,175287262.92,161372608.97,direct,
2024-12-20,1734652800,0.8801,0.9589,0.761,0.9496,224162181.39,192123357.45,direct,
2024-12-21,1734739200,0.9496,0.9975,0.8861,0.9046,96704190.89,90428338.73,direct,
2024-12-22,1734825600,0.9046,0.9241,0.8581,0.8825,61515536.93,54843101.41,direct,
2024-12-23,1734912000,0.8825,0.9412,0.8614,0.9253,90544884.46,81135361.41,direct,
2024-12-24,1734998400,0.9253,0.9496,0.8907,0.9353,59551902.78,54995221.65,direct,
2024-12-25,1735084800,0.9353,0.9392,0.8992,0.9169,34177652.25,31403247.78,direct,
2024-12-26,1735171200,0.9169,0.9273,0.8502,0.8602,44084951.45,38617604.74,direct,
2024-12-27,1735257600,0.8602,0.9133,0.8545,0.8758,49752232.54,43823907.63,direct,
2024-12-28,1735344000,0.8758,0.8981,0.8652,0.8881,23937166.62,21047927.86,direct,
2024-12-29,1735430400,0.8881,0.9106,0.8501,0.8574,39177172.88,34334089.75,direct,
2024-12-30,1735516800,0.8574,0.9028,0.8284,0.86,74273120.89,64030535.2,direct,
2024-12-31,1735603200,0.86,0.8775,0.8387,0.8435,44889676.07,38365582.99,direct,
2025-01-01,1735689600,0.8435,0.9332,0.8368,0.9204,62008685.34,55060638.45,direct,
2025-01-02,1735776000,0.9204,0.9811,0.9202,0.9604,62547218.17,59590556.49,direct,
2025-01-03,1735862400,0.9604,1.118,0.9563,1.089,141331270.37,150576215.21,direct,
2025-01-04,1735948800,1.089,1.114,1.056,1.07,56532530.01,60960673.7,direct,
2025-01-05,1736035200,1.07,1.112,1.052,1.091,69772802.67,75667491.61,direct,
2025-01-06,1736121600,1.091,1.116,1.063,1.094,76911428.55,84000522.52,direct,
2025-01-07,1736208000,1.094,1.151,0.9878,0.9892,131821213.26,141150551.13,direct,
2025-01-08,1736294400,0.9892,1.024,0.9098,0.9468,116316022.05,111701035.45,direct,
2025-01-09,1736380800,0.9468,0.9618,0.8803,0.9045,99254278.44,90861875.1,direct,
2025-01-10,1736467200,0.9045,0.9739,0.9042,0.9303,66986909.74,62746307.51,direct,
2025-01-11,1736553600,0.9303,1.016,0.9135,0.9948,54467588.38,52285351.6,direct,
2025-01-12,1736640000,0.9948,1.036,0.961,0.9672,63729448.7,63781370.85,direct,
2025-01-13,1736726400,0.9672,0.9931,0.8774,0.9441,111731320.73,103340415.03,direct,
2025-01-14,1736812800,0.9441,1.01,0.9381,0.9968,78330080.73,76407554.31,direct,
2025-01-15,1736899200,0.9968,1.089,0.9832,1.076,123278843.83,128457012.77,direct,
2025-01-16,1736985600,1.076,1.145,1.027,1.089,130167094.12,142017463.8,direct,
2025-01-17,1737072000,1.089,1.167,1.086,1.134,106192256.96,119793757.8,direct,
2025-01-18,1737158400,1.134,1.147,1.05,1.103,92607172.61,100045607.6,direct,
2025-01-19,1737244800,1.103,1.151,0.9625,0.9919,187413207.23,197018954.14,direct,
2025-01-20,1737331200,0.9919,1.1,0.9602,1.008,171057175.35,176354521.38,direct,
2025-01-21,1737417600,1.008,1.029,0.9505,1.006,100608969.79,99794092.41,direct,
2025-01-22,1737504000,1.006,1.02,0.9758,0.9821,62426165.37,62221207.54,direct,
2025-01-23,1737590400,0.9821,1.012,0.951,0.9865,88546917.4,86491144.4,direct,
2025-01-24,1737676800,0.9865,1.009,0.9638,0.9715,61313131.94,60618614.52,direct,
2025-01-25,1737763200,0.9715,0.9915,0.9644,0.9764,30907821.34,30263857.73,direct,
2025-01-26,1737849600,0.9764,1.0,0.9517,0.9528,40644834.61,39914917.86,direct,
2025-01-27,1737936000,0.9528,0.9583,0.8566,0.9343,121868199.52,110653490.87,direct,
2025-01-28,1738022400,0.9343,0.9682,0.9028,0.9164,57577061.39,54338195.44,direct,
2025-01-29,1738108800,0.9164,0.9764,0.9021,0.9399,71727029.17,66948610.67,direct,
2025-01-30,1738195200,0.9399,0.9882,0.9367,0.9596,44810364.25,43249476.11,direct,
2025-01-31,1738281600,0.9596,0.9834,0.9348,0.9423,51043594.23,48807656.32,direct,
2025-02-01,1738368000,0.9423,0.957,0.8877,0.8946,41217341.29,37964475.06,direct,
2025-02-02,1738454400,0.8946,0.9112,0.7524,0.8043,172420376.7,143149531.11,direct,
2025-02-03,1738540800,0.8043,0.8266,0.5455,0.8129,419694804.42,298302763.81,direct,
2025-02-04,1738627200,0.8129,0.8206,0.7156,0.744,158006136.17,120141526.2,direct,
2025-02-05,1738713600,0.744,0.7763,0.7252,0.7324,81437706.97,61198403.02,direct,
2025-02-06,1738800000,0.7324,0.7658,0.6987,0.7053,71432676.55,51895805.86,direct,
2025-02-07,1738886400,0.7053,0.7533,0.6906,0.7076,80366755.04,58031953.25,direct,
2025-02-08,1738972800,0.7076,0.7171,0.6817,0.7008,41845484.83,29173499.03,direct,
2025-02-09,1739059200,0.7008,0.7159,0.6503,0.6819,70549764.91,48306942.4,direct,
2025-02-10,1739145600,0.6819,0.7243,0.6637,0.7121,56897497.69,39688306.35,direct,
2025-02-11,1739232000,0.7121,0.8224,0.7106,0.7782,182223442.95,141666402.39,direct,
2025-02-12,1739318400,0.7782,0.8077,0.747,0.7999,101920559.43,79169555.83,direct,
2025-02-13,1739404800,0.7999,0.8307,0.7698,0.8107,71776627.15,56987426.16,direct,
2025-02-14,1739491200,0.8107,0.8289,0.7901,0.8,60054401.23,48596640.25,direct,
2025-02-15,1739577600,0.8,0.8139,0.7749,0.7811,38100833.21,30193006.09,direct,
2025-02-16,1739664000,0.7811,0.789,0.7621,0.7714,32131865.99,24934022.84,direct,
2025-02-17,1739750400,0.7714,0.8288,0.7709,0.809,96680020.37,77772253.59,direct,
2025-02-18,1739836800,0.809,0.8138,0.7352,0.7536,80773193.43,62015968.22,direct,
2025-02-19,1739923200,0.7536,0.776,0.7322,0.7738,58249436.72,44231981.81,direct,
2025-02-20,1740009600,0.7738,0.8112,0.7705,0.8038,50978642.9,40348797.52,direct,
2025-02-21,1740096000,0.8038,0.8188,0.7502,0.7617,73233342.03,57505497.38,direct,
2025-02-22,1740182400,0.7617,0.7842,0.7571,0.7737,30398542.54,23472727.74,direct,
2025-02-23,1740268800,0.7737,0.7882,0.76,0.7696,31142403.3,23979182.14,direct,
2025-02-24,1740355200,0.7696,0.7774,0.6701,0.6814,96187205.95,69031655.38,direct,
2025-02-25,1740441600,0.6814,0.6944,0.6304,0.6825,150198473.78,99593593.12,direct,
2025-02-26,1740528000,0.6825,0.6945,0.6307,0.6463,92905858.53,61708234.21,direct,
2025-02-27,1740614400,0.6463,0.6791,0.625,0.645,57173730.78,37420188.21,direct,
2025-02-28,1740700800,0.645,0.6462,0.5797,0.6327,106582507.86,65169623.9,direct,
2025-03-01,1740787200,0.6327,0.6765,0.6251,0.659,44413950.98,28713435.63,direct,
2025-03-02,1740873600,0.659,1.168,0.6448,1.136,629279544.06,620855871.11,direct,
2025-03-03,1740960000,1.136,1.172,0.824,0.8571,542666735.11,525963422.64,direct,
2025-03-04,1741046400,0.8571,0.9558,0.7577,0.9408,539289865.41,460494427.45,direct,
2025-03-05,1741132800,0.9408,1.027,0.9139,0.9742,334347266.78,322115073.11,direct,
2025-03-06,1741219200,0.9742,0.9884,0.8854,0.9065,230274045.23,214960807.91,direct,
2025-03-07,1741305600,0.9065,0.9205,0.8066,0.8181,292466202.16,248800876.92,direct,
2025-03-08,1741392000,0.8181,0.8387,0.7932,0.8049,95789483.22,78054905.24,direct,
2025-03-09,1741478400,0.8049,0.8172,0.7089,0.721,168966472.87,128196649.74,direct,
2025-03-10,1741564800,0.721,0.7783,0.6579,0.6705,216773624.8,154255817.29,direct,
2025-03-11,1741651200,0.6705,0.7448,0.6476,0.7238,223199419.56,158365823.71,direct,
2025-03-12,1741737600,0.7238,0.7684,0.711,0.7357,151467961.72,111246886.57,direct,
2025-03-13,1741824000,0.7357,0.7401,0.6888,0.7026,157385822.86,112546821.64,direct,
2025-03-14,1741910400,0.7026,0.7512,0.6963,0.7372,103347186.88,75014914.91,direct,
2025-03-15,1741996800,0.7372,0.7594,0.7311,0.7467,59202350.26,44231065.24,direct,
2025-03-16,1742083200,0.7467,0.7471,0.6949,0.7048,83000708.61,59101893.32,direct,
2025-03-17,1742169600,0.7048,0.7301,0.7025,0.7177,74469476.57,53628485.22,direct,
2025-03-18,1742256000,0.7177,0.7183,0.6817,0.7016,63244806.89,44093630.23,direct,
2025-03-19,1742342400,0.7016,0.7474,0.7003,0.7439,115985565.45,84664139.35,direct,
2025-03-20,1742428800,0.7439,0.755,0.7119,0.7175,75062248.83,54823491.58,direct,
2025-03-21,1742515200,0.7175,0.7274,0.7003,0.7047,67852751.66,48212398.44,direct,
2025-03-22,1742601600,0.7047,0.7157,0.6972,0.7012,35421665.31,24987447.46,direct,
2025-03-23,1742688000,0.7012,0.7157,0.6918,0.7104,42592206.98,30061667.51,direct,
2025-03-24,1742774400,0.7104,0.7459,0.7057,0.732,99616855.58,72861912.79,direct,
2025-03-25,1742860800,0.732,0.7663,0.7211,0.7448,113277677.86,84590208.01,direct,
2025-03-26,1742947200,0.7448,0.7744,0.7196,0.7289,84444258.21,63016834.67,direct,
2025-03-27,1743033600,0.7289,0.7441,0.721,0.7379,44063837.33,32413535.24,direct,
2025-03-28,1743120000,0.7379,0.746,0.6894,0.7058,72067252.94,50912959.92,direct,
2025-03-29,1743206400,0.7058,0.7117,0.6588,0.6729,56695894.65,38406172.14,direct,
2025-03-30,1743292800,0.6729,0.6872,0.6513,0.661,38265518.49,25636571.3,direct,
2025-03-31,1743379200,0.661,0.6653,0.6297,0.6616,79472112.11,51766441.66,direct,
2025-04-01,1743465600,0.6616,0.6941,0.6578,0.6772,59571081.72,40279627.5,direct,
2025-04-02,1743552000,0.6772,0.7091,0.6347,0.6398,88146038.22,59341991.63,direct,
2025-04-03,1743638400,0.6398,0.6573,0.6129,0.6504,85431064.55,54303108.87,direct,
2025-04-04,1743724800,0.6504,0.6712,0.6273,0.6601,75974915.91,49447220.03,direct,
2025-04-05,1743811200,0.6601,0.6672,0.6447,0.6546,26304751.09,17190598.79,direct,
2025-04-06,1743897600,0.6546,0.6549,0.5597,0.5732,124113949.17,74094592.71,direct,
2025-04-07,1743984000,0.5732,0.6042,0.5108,0.586,256341160.83,143847050.22,direct,
2025-04-08,1744070400,0.586,0.6198,0.5524,0.5579,137787166.39,81172887.02,direct,
2025-04-09,1744156800,0.5579,0.6459,0.5357,0.6312,203145457.61,119983239.66,direct,
2025-04-10,1744243200,0.6312,0.6333,0.5855,0.6092,107527713.95,65627307.39,direct,
2025-04-11,1744329600,0.6092,0.6445,0.6056,0.6238,84651974.3,52965418.82,direct,
2025-04-12,1744416000,0.6238,0.6669,0.617,0.6593,70334394.85,45597968.15,direct,
2025-04-13,1744502400,0.6593,0.6685,0.6299,0.6377,70026113.27,45511522.36,direct,
2025-04-14,1744588800,0.6377,0.657,0.628,0.6351,61932571.86,39832806.77,direct,
2025-04-15,1744675200,0.6351,0.6482,0.6071,0.6092,60030613.67,37817840.43,direct,
2025-04-16,1744761600,0.6092,0.6243,0.5951,0.6107,48288561.73,29408146.71,direct,
2025-04-17,1744848000,0.6107,0.6296,0.609,0.6167,30141545.07,18676908.25,direct,
2025-04-18,1744934400,0.6167,0.6318,0.6104,0.6273,23207511.24,14393404.57,direct,
2025-04-19,1745020800,0.6273,0.6349,0.619,0.628,21736969.94,13641426.62,direct,
2025-04-20,1745107200,0.628,0.6346,0.61,0.62,20819972.93,12942401.06,direct,
2025-04-21,1745193600,0.62,0.6505,0.6161,0.6242,44952948.55,28525200.8,direct,
2025-04-22,1745280000,0.6242,0.6847,0.6158,0.6794,70142458.42,45850962.19,direct,
2025-04-23,1745366400,0.6794,0.7179,0.6777,0.6979,71793167.92,50209696.47,direct,
2025-04-24,1745452800,0.6979,0.7459,0.6703,0.7221,75579924.22,53941106.7,direct,
2025-04-25,1745539200,0.7221,0.7332,0.7025,0.714,73889135.34,53040954.14,direct,
2025-04-26,1745625600,0.714,0.7345,0.7003,0.7073,38322714.16,27339060.42,direct,
2025-04-27,1745712000,0.7073,0.7176,0.6909,0.7035,40018965.62,28093656.87,direct,
2025-04-28,1745798400,0.7035,0.729,0.6826,0.7057,71535733.08,50274206.15,direct,
2025-04-29,1745884800,0.7057,0.7183,0.6893,0.6961,40360664.11,28503587.31,direct,
2025-04-30,1745971200,0.6961,0.7036,0.6653,0.6818,54358313.1,37239287.39,direct,
2025-05-01,1746057600,0.6818,0.7146,0.6817,0.7053,51448308.3,36108480.49,direct,
2025-05-02,1746144000,0.7053,0.7255,0.6891,0.6985,58994825.32,41680094.12,direct,
2025-05-03,1746230400,0.6985,0.7297,0.6921,0.7,63009228.8,44840266.1,direct,
2025-05-04,1746316800,0.7,0.7144,0.6723,0.6766,45471111.73,31465577.78,direct,
2025-05-05,1746403200,0.6766,0.6916,0.6542,0.6625,48074042.52,32141615.52,direct,
2025-05-06,1746489600,0.6625,0.6805,0.6426,0.6787,48542384.86,31990950.01,direct,
2025-05-07,1746576000,0.6787,0.689,0.6553,0.6715,37513271.54,25252911.02,direct,
2025-05-08,1746662400,0.6715,0.7706,0.6702,0.7694,108019454.34,78541658.06,direct,
2025-05-09,1746748800,0.7694,0.8179,0.753,0.7774,101626072.74,79449714.43,direct,
2025-05-10,1746835200,0.7774,0.8437,0.7705,0.841,85999769.17,69624662.75,direct,
2025-05-11,1746921600,0.841,0.8465,0.7818,0.8052,72737276.79,58654486.66,direct,
2025-05-12,1747008000,0.8052,0.8641,0.7807,0.8172,141843612.61,117046599.01,direct,
2025-05-13,1747094400,0.8172,0.8419,0.7722,0.8302,77005222.91,62296875.3,direct,
2025-05-14,1747180800,0.8302,0.8333,0.7887,0.7988,78202430.67,63553499.44,direct,
2025-05-15,1747267200,0.7988,0.8103,0.7448,0.7624,110626879.55,85336471.84,direct,
2025-05-16,1747353600,0.7624,0.786,0.751,0.759,52082190.79,40269493.81,direct,
2025-05-17,1747440000,0.759,0.7813,0.7274,0.7431,79939700.19,60093127.89,direct,
2025-05-18,1747526400,0.7431,0.7766,0.7184,0.76,76462345.43,57503553.89,direct,
2025-05-19,1747612800,0.76,0.7649,0.7107,0.7427,52489187.65,38469750.04,direct,
2025-05-20,1747699200,0.7427,0.7537,0.723,0.7461,46293998.36,34190077.19,direct,
2025-05-21,1747785600,0.7461,0.7843,0.7373,0.7694,80483776.47,61132840.27,direct,
2025-05-22,1747872000,0.7694,0.8104,0.7691,0.8092,69259283.65,55143320.51,direct,
2025-05-23,1747958400,0.8092,0.8413,0.7434,0.7474,106627901.92,84654376.42,direct,
2025-05-24,1748044800,0.7474,0.7668,0.7413,0.747,27922791.59,21083669.26,direct,
2025-05-25,1748131200,0.747,0.7606,0.7284,0.7602,38008597.62,28255662.97,direct,
2025-05-26,1748217600,0.7602,0.7773,0.7515,0.7603,32189673.92,24565504.29,direct,
2025-05-27,1748304000,0.7603,0.7756,0.7438,0.7586,44700209.32,34178002.1,direct,
2025-05-28,1748390400,0.7586,0.7611,0.7324,0.7478,40443330.65,30286910.6,direct,
2025-05-29,1748476800,0.7478,0.7652,0.7202,0.7222,48849896.27,36250767.85,direct,
2025-05-30,1748563200,0.7222,0.7279,0.6828,0.6893,76933772.02,54085295.33,direct,
2025-05-31,1748649600,0.6893,0.6953,0.6569,0.6862,54746542.46,37004631.25,direct,
2025-06-01,1748736000,0.6862,0.6881,0.6552,0.6856,50962447.21,34293930.03,direct,
2025-06-02,1748822400,0.6856,0.6922,0.6642,0.69,38262783.32,25900764.83,direct,
2025-06-03,1748908800,0.69,0.7075,0.6746,0.6842,40324902.56,27887815.81,direct,
2025-06-04,1748995200,0.6842,0.7028,0.6624,0.6657,35467952.85,24325777.57,direct,
2025-06-05,1749081600,0.6657,0.69,0.6193,0.6261,79615916.9,51844923.28,direct,
2025-06-06,1749168000,0.6261,0.6726,0.6217,0.6559,51416877.82,33462159.0,direct,
2025-06-07,1749254400,0.6559,0.6711,0.6502,0.6649,24473171.19,16255895.25,direct,
2025-06-08,1749340800,0.6649,0.6797,0.6523,0.6702,36499782.59,24416002.18,direct,
2025-06-09,1749427200,0.6702,0.708,0.657,0.7051,45105565.87,30852276.49,direct,
2025-06-10,1749513600,0.7051,0.7204,0.6867,0.7167,53781988.87,37896859.44,direct,
2025-06-11,1749600000,0.7167,0.7314,0.6912,0.6982,54519224.32,39010041.57,direct,
2025-06-12,1749686400,0.6982,0.7001,0.6573,0.6618,44974925.05,30528242.33,direct,
2025-06-13,1749772800,0.6618,0.6619,0.618,0.6424,79313468.49,50300706.59,direct,
2025-06-14,1749859200,0.6424,0.6429,0.6136,0.6251,25405964.25,15966431.15,direct,
2025-06-15,1749945600,0.6251,0.636,0.6211,0.6334,19303812.32,12147169.16,direct,
2025-06-16,1750032000,0.6334,0.6577,0.625,0.6303,43492013.94,28103540.68,direct,
2025-06-17,1750118400,0.6303,0.6425,0.6,0.609,50008112.07,30968307.86,direct,
2025-06-18,1750204800,0.609,0.6216,0.5885,0.6042,50558765.91,30360939.99,direct,
2025-06-19,1750291200,0.6042,0.6116,0.5901,0.6021,35961001.14,21594924.54,direct,
2025-06-20,1750377600,0.6021,0.6069,0.5615,0.5776,46443335.97,27141822.73,direct,
2025-06-21,1750464000,0.5776,0.5883,0.5447,0.5565,41885295.1,23751658.83,direct,
2025-06-22,1750550400,0.5565,0.5641,0.5102,0.542,92956946.81,49631202.5,direct,
2025-06-23,1750636800,0.542,0.5867,0.5291,0.5827,84105134.38,46680245.52,direct,
2025-06-24,1750723200,0.5827,0.5939,0.5768,0.5877,47284368.47,27649772.77,direct,
2025-06-25,1750809600,0.5877,0.5909,0.5635,0.5673,47872935.13,27635158.17,direct,
2025-06-26,1750896000,0.5673,0.5818,0.5502,0.5546,40164106.17,22593849.82,direct,
2025-06-27,1750982400,0.5546,0.563,0.5454,0.5589,33981228.26,18851448.72,direct,
2025-06-28,1751068800,0.5589,0.5688,0.5557,0.5658,21296183.06,11966558.04,direct,
2025-06-29,1751155200,0.5658,0.5856,0.5553,0.5775,39282544.84,22332617.53,direct,
2025-06-30,1751241600,0.5775,0.5905,0.5564,0.5725,66196725.85,37840311.63,direct,
2025-07-01,1751328000,0.5725,0.5765,0.5369,0.5422,51799321.18,28760855.13,direct,
2025-07-02,1751414400,0.5422,0.5997,0.539,0.5841,75871883.99,43872104.0,direct,
2025-07-03,1751500800,0.5841,0.6113,0.5829,0.5994,58858125.89,35182828.99,direct,
2025-07-04,1751587200,0.5994,0.6036,0.5632,0.5726,57439150.09,33089784.21,direct,
2025-07-05,1751673600,0.5726,0.5834,0.5692,0.5756,32221824.35,18537931.51,direct,
2025-07-06,1751760000,0.5756,0.5929,0.5711,0.5859,29156419.3,16968569.25,direct,
2025-07-07,1751846400,0.5859,0.5946,0.574,0.5805,82855383.32,48546955.06,direct,
2025-07-08,1751932800,0.5805,0.592,0.5723,0.5885,46458193.71,27097258.23,direct,
2025-07-09,1752019200,0.5885,0.6276,0.5842,0.6229,109164398.08,66118750.42,direct,
2025-07-10,1752105600,0.6229,0.6802,0.6177,0.6775,89129743.75,57580751.36,direct,
2025-07-11,1752192000,0.6775,0.7769,0.6682,0.7094,239906203.31,174639262.32,direct,
2025-07-12,1752278400,0.7094,0.737,0.6885,0.7091,85228056.88,60891819.75,direct,
2025-07-13,1752364800,0.7091,0.7563,0.7053,0.737,104916047.26,77279126.5,direct,
2025-07-14,1752451200,0.737,0.7683,0.7214,0.7354,129682772.2,97289375.72,direct,
2025-07-15,1752537600,0.7354,0.7542,0.7107,0.7469,110097118.28,80265738.63,direct,
2025-07-16,1752624000,0.7469,0.7849,0.7331,0.7648,98310578.5,74581987.3,direct,
2025-07-17,1752710400,0.7648,0.8391,0.7404,0.8224,163732534.77,130714661.02,direct,
2025-07-18,1752796800,0.8224,0.8959,0.7964,0.8165,191393288.38,161876641.9,direct,
2025-07-19,1752883200,0.8165,0.8378,0.8026,0.8303,53247698.05,43913702.8,direct,
2025-07-20,1752969600,0.8303,0.8787,0.8238,0.8585,104691357.36,89497648.39,direct,
2025-07-21,1753056000,0.8585,0.9342,0.8418,0.8897,168466520.36,150868291.53,direct,
2025-07-22,1753142400,0.8897,0.91,0.853,0.9039,113037273.43,99603301.41,direct,
2025-07-23,1753228800,0.9039,0.9042,0.7861,0.8164,122976049.19,102374360.24,direct,
2025-07-24,1753315200,0.8164,0.8389,0.7623,0.8061,144567541.8,116952534.81,direct,
2025-07-25,1753401600,0.8061,0.8184,0.775,0.816,95707569.13,76373315.84,direct,
2025-07-26,1753488000,0.816,0.8388,0.8123,0.82,42086546.19,34749591.39,direct,
2025-07-27,1753574400,0.82,0.8395,0.8147,0.8323,45256146.36,37433935.12,direct,
2025-07-28,1753660800,0.8323,0.8559,0.7858,0.7931,80851103.45,66232412.4,direct,
2025-07-29,1753747200,0.7931,0.8098,0.7691,0.7828,63104857.41,49680113.44,direct,
2025-07-30,1753833600,0.7828,0.7895,0.7307,0.7633,66068052.9,50412007.9,direct,
2025-07-31,1753920000,0.7633,0.7893,0.736,0.739,50219170.12,38429485.33,direct,
2025-08-01,1754006400,0.739,0.7409,0.6961,0.7143,126316694.54,91573575.85,direct,
2025-08-02,1754092800,0.7143,0.7273,0.6843,0.6973,54673694.52,38414395.25,direct,
2025-08-03,1754179200,0.6973,0.7309,0.687,0.7271,45553935.71,32664947.37,direct,
2025-08-04,1754265600,0.7271,0.7591,0.7252,0.7547,56445819.83,41983026.4,direct,
2025-08-05,1754352000,0.7547,0.7598,0.713,0.7257,56691742.31,41540765.82,direct,
2025-08-06,1754438400,0.7257,0.7481,0.7107,0.7415,46296892.36,33688781.56,direct,
2025-08-07,1754524800,0.7415,0.7887,0.7334,0.7877,57029689.25,43445662.58,direct,
2025-08-08,1754611200,0.7877,0.807,0.7761,0.7912,108465281.02,85893058.04,direct,
2025-08-09,1754697600,0.7912,0.8211,0.7902,0.803,53101697.62,42963461.45,direct,
2025-08-10,1754784000,0.803,0.8342,0.7845,0.8017,54207311.7,43692044.67,direct,
2025-08-11,1754870400,0.8017,0.8334,0.7665,0.7734,89021034.99,71367115.37,direct,
2025-08-12,1754956800,0.7734,0.8575,0.7658,0.8411,106602219.72,87217765.7,direct,
2025-08-13,1755043200,0.8411,0.9223,0.8331,0.9044,114923351.22,100623690.06,direct,
2025-08-14,1755129600,0.9044,1.019,0.8788,0.9264,359605147.46,340935005.84,direct,
2025-08-15,1755216000,0.9264,0.9652,0.9111,0.9461,196607182.43,184474321.34,direct,
2025-08-16,1755302400,0.9461,0.9782,0.9019,0.9217,118401971.07,111033433.86,direct,
2025-08-17,1755388800,0.9217,0.9875,0.9052,0.9613,110824644.69,106093496.38,direct,
2025-08-18,1755475200,0.9613,0.9684,0.892,0.9238,124044973.22,114298524.73,direct,
2025-08-19,1755561600,0.9238,0.9538,0.8436,0.8463,182951018.38,163950776.22,direct,
2025-08-20,1755648000,0.8463,0.8927,0.8376,0.8811,124318566.21,107374222.72,direct,
2025-08-21,1755734400,0.8811,0.8924,0.8465,0.8516,63905916.87,55462369.37,direct,
2025-08-22,1755820800,0.8516,0.9414,0.8217,0.9309,163822475.95,146895265.52,direct,
2025-08-23,1755907200,0.9309,0.9382,0.8908,0.9136,73744372.7,67475643.49,direct,
2025-08-24,1755993600,0.9136,0.9638,0.8884,0.9086,124594123.46,114572444.61,direct,
2025-08-25,1756080000,0.9086,0.9331,0.8301,0.8371,135708985.08,118673417.42,direct,
2025-08-26,1756166400,0.8371,0.8747,0.8274,0.8665,83671104.75,71095460.98,direct,
2025-08-27,1756252800,0.8665,0.8782,0.8469,0.8507,78723087.46,67999995.95,direct,
2025-08-28,1756339200,0.8507,0.8796,0.8417,0.8578,67999473.43,58526571.49,direct,
2025-08-29,1756425600,0.8578,0.866,0.8102,0.8266,102482261.63,85051849.8,direct,
2025-08-30,1756512000,0.8266,0.8442,0.806,0.8222,38354932.73,31578915.44,direct,
2025-08-31,1756598400,0.8222,0.8378,0.8097,0.8114,31711786.68,26180244.95,direct,
2025-09-01,1756684800,0.8114,0.8449,0.7821,0.8015,82547295.83,66940264.76,direct,
2025-09-02,1756771200,0.8015,0.8356,0.7981,0.8349,61775320.88,50492818.7,direct,
2025-09-03,1756857600,0.8349,0.8439,0.826,0.8368,42382135.5,35438335.86,direct,
2025-09-04,1756944000,0.8368,0.842,0.803,0.8093,44564674.43,36445015.81,direct,
2025-09-05,1757030400,0.8093,0.8489,0.8051,0.8304,60039610.11,49833437.47,direct,
2025-09-06,1757116800,0.8304,0.8358,0.8145,0.8184,21532533.92,17734303.28,direct,
2025-09-07,1757203200,0.8184,0.8416,0.8183,0.8351,25848275.41,21458979.99,direct,
2025-09-08,1757289600,0.8351,0.8689,0.8299,0.8651,66713110.13,57018845.16,direct,
2025-09-09,1757376000,0.8651,0.8945,0.8525,0.8651,68504313.83,59859796.76,direct,
2025-09-10,1757462400,0.8651,0.8965,0.8596,0.8852,68073559.1,60143750.95,direct,
2025-09-11,1757548800,0.8852,0.8968,0.8678,0.8941,77933794.61,68921134.98,direct,
2025-09-12,1757635200,0.8941,0.9183,0.8829,0.9176,83071655.69,74853392.7,direct,
2025-09-13,1757721600,0.9176,0.9542,0.915,0.9299,95584722.83,89182598.8,direct,
2025-09-14,1757808000,0.9299,0.9313,0.8797,0.8885,59672281.62,53783611.96,direct,
2025-09-15,1757894400,0.8885,0.9028,0.8534,0.8637,71307078.53,62001681.54,direct,
2025-09-16,1757980800,0.8637,0.8842,0.8537,0.8805,43351023.34,37693445.97,direct,
2025-09-17,1758067200,0.8805,0.9197,0.8619,0.9136,81135567.07,71588604.14,direct,
2025-09-18,1758153600,0.9136,0.9388,0.8998,0.9248,81994897.13,75418595.05,direct,
2025-09-19,1758240000,0.9248,0.9374,0.8858,0.8909,70367182.51,63739607.2,direct,
2025-09-20,1758326400,0.8909,0.9067,0.8878,0.8936,26761761.06,23976706.5,direct,
2025-09-21,1758412800,0.8936,0.9029,0.876,0.8845,37795426.94,33552552.51,direct,
2025-09-22,1758499200,0.8845,0.8879,0.7967,0.8262,118805685.49,98835004.11,direct,
2025-09-23,1758585600,0.8262,0.8297,0.8039,0.8063,59056340.36,48352428.93,direct,
2025-09-24,1758672000,0.8063,0.8305,0.7907,0.8129,48819707.38,39758409.68,direct,
2025-09-25,1758758400,0.8129,0.8147,0.755,0.7638,123551667.88,96695333.22,direct,
2025-09-26,1758844800,0.7638,0.7969,0.7581,0.7924,70448134.97,54811365.35,direct,
2025-09-27,1758931200,0.7924,0.7944,0.777,0.7813,22371115.21,17554305.1,direct,
2025-09-28,1759017600,0.7813,0.8119,0.7651,0.8088,36835471.39,28969029.0,direct,
2025-09-29,1759104000,0.8088,0.8164,0.7884,0.8063,50865331.48,40873653.4,direct,
2025-09-30,1759190400,0.8063,0.8129,0.7783,0.8073,55459359.37,44131660.09,direct,
2025-10-01,1759276800,0.8073,0.8514,0.7968,0.8511,83459670.77,69276850.94,direct,
2025-10-02,1759363200,0.8511,0.8783,0.8367,0.8712,84043509.06,72189750.7,direct,
2025-10-03,1759449600,0.8712,0.8928,0.8498,0.8659,75256575.28,65229785.2,direct,
2025-10-04,1759536000,0.8659,0.8692,0.8336,0.8397,48979230.06,41464445.05,direct,
2025-10-05,1759622400,0.8397,0.8828,0.8276,0.8375,71590428.88,61244967.99,direct,
2025-10-06,1759708800,0.8375,0.8811,0.8326,0.8717,74786826.62,64570157.85,direct,
2025-10-07,1759795200,0.8717,0.8781,0.8181,0.8204,82077061.97,69291796.97,direct,
2025-10-08,1759881600,0.8204,0.8516,0.8086,0.839,67388202.38,55789086.0,direct,
2025-10-09,1759968000,0.839,0.8397,0.7949,0.8157,63334782.96,51410593.4,direct,
2025-10-10,1760054400,0.8157,0.8244,0.5514,0.655,250912134.44,175843494.06,direct,
2025-10-11,1760140800,0.655,0.6836,0.6102,0.6324,199537858.14,129215800.02,direct,
2025-10-12,1760227200,0.6324,0.7098,0.6185,0.701,132549457.8,89093323.47,direct,
2025-10-13,1760313600,0.701,0.7363,0.6937,0.7292,119442813.03,85401361.4,direct,
2025-10-14,1760400000,0.7292,0.7338,0.6629,0.6992,135807309.44,94122932.16,direct,
2025-10-15,1760486400,0.6992,0.7161,0.658,0.6688,85231733.16,58223573.39,direct,
2025-10-16,1760572800,0.6688,0.6848,0.6334,0.6453,104371914.18,68878392.89,direct,
2025-10-17,1760659200,0.6453,0.6558,0.5925,0.6247,170001462.99,105025491.65,direct,
2025-10-18,1760745600,0.6247,0.6411,0.6233,0.6345,33362686.34,21118541.71,direct,
2025-10-19,1760832000,0.6345,0.6654,0.6226,0.653,69785475.02,45280057.62,direct,
2025-10-20,1760918400,0.653,0.6761,0.6396,0.6628,62679807.32,41547591.54,direct,
2025-10-21,1761004800,0.6628,0.6856,0.6371,0.643,102942352.38,68027478.72,direct,
2025-10-22,1761091200,0.643,0.6468,0.6087,0.6239,83871909.24,52952543.32,direct,
2025-10-23,1761177600,0.6239,0.6542,0.623,0.643,55623696.19,35545360.27,direct,
2025-10-24,1761264000,0.643,0.6627,0.6391,0.6562,52247259.95,34000488.38,direct,
2025-10-25,1761350400,0.6562,0.6593,0.6483,0.6543,18852431.65,12344585.47,direct,
2025-10-26,1761436800,0.6543,0.6868,0.6469,0.6813,43966875.34,29494440.58,direct,
2025-10-27,1761523200,0.6813,0.6936,0.6639,0.6671,59836654.7,40591430.67,direct,
2025-10-28,1761609600,0.6671,0.6755,0.6369,0.6462,61022199.63,40209301.49,direct,
2025-10-29,1761696000,0.6462,0.66,0.628,0.6402,61601534.28,39792453.72,direct,
2025-10-30,1761782400,0.6402,0.6485,0.5866,0.6017,96052407.99,58755083.74,direct,
2025-10-31,1761868800,0.6017,0.6197,0.5977,0.6091,67363684.64,41083815.48,direct,
2025-11-01,1761955200,0.6091,0.6173,0.6032,0.6126,22421313.64,13693557.13,direct,
2025-11-02,1762041600,0.6126,0.6186,0.5925,0.6106,35229359.02,21333262.41,direct,
2025-11-03,1762128000,0.6106,0.6121,0.5324,0.5526,150988210.71,85432051.49,direct,
2025-11-04,1762214400,0.5526,0.5631,0.4905,0.5207,234516551.03,123323966.03,direct,
2025-11-05,1762300800,0.5207,0.5502,0.4949,0.5452,141963003.53,75636309.62,direct,
2025-11-06,1762387200,0.5452,0.5454,0.5167,0.5315,88931535.63,47329241.45,direct,
2025-11-07,1762473600,0.5315,0.586,0.5194,0.5761,126437083.67,70126190.06,direct,
2025-11-08,1762560000,0.5761,0.5927,0.5539,0.5687,63657523.3,36516156.69,direct,
2025-11-09,1762646400,0.5687,0.5844,0.5481,0.5788,62818636.2,35686826.07,direct,
2025-11-10,1762732800,0.5788,0.6027,0.5739,0.5927,73401050.89,43255748.17,direct,
2025-11-11,1762819200,0.5927,0.6068,0.5534,0.5561,80102609.5,46450183.95,direct,
2025-11-12,1762905600,0.5561,0.5808,0.5393,0.5456,65247574.31,36456401.04,direct,
2025-11-13,1762992000,0.5456,0.5714,0.5143,0.5295,89319467.41,48396149.65,direct,
2025-11-14,1763078400,0.5295,0.5332,0.49,0.498,110332055.23,56561152.56,direct,
2025-11-15,1763164800,0.498,0.515,0.4977,0.5033,63471236.48,32156130.95,direct,
2025-11-16,1763251200,0.5033,0.5089,0.4734,0.4844,113517493.76,55276155.41,direct,
2025-11-17,1763337600,0.4844,0.4985,0.4572,0.4658,147472470.81,70527035.04,direct,
2025-11-18,1763424000,0.4658,0.4821,0.4557,0.4751,125610744.28,58844841.47,direct,
2025-11-19,1763510400,0.4751,0.4771,0.4377,0.4637,130168000.63,59327972.07,direct,
2025-11-20,1763596800,0.4637,0.4715,0.4289,0.4318,124560780.69,55904653.23,direct,
2025-11-21,1763683200,0.4318,0.4388,0.3871,0.4091,231362175.39,95048452.83,direct,
2025-11-22,1763769600,0.4091,0.413,0.3905,0.4045,57156571.75,22972086.49,direct,
2025-11-23,1763856000,0.4045,0.4184,0.4015,0.4086,77269293.32,31780284.49,direct,
2025-11-24,1763942400,0.4086,0.4343,0.402,0.4276,83809407.14,35082715.44,direct,
2025-11-25,1764028800,0.4276,0.4291,0.4047,0.4216,78347417.72,32728486.05,direct,
2025-11-26,1764115200,0.4216,0.4371,0.4103,0.4357,57412781.22,24347564.3,direct,
2025-11-27,1764201600,0.4357,0.439,0.4266,0.4332,44961381.35,19496891.44,direct,
2025-11-28,1764288000,0.4332,0.4367,0.415,0.4201,67068953.39,28589692.82,direct,
2025-11-29,1764374400,0.4201,0.422,0.4118,0.4148,32103444.4,13372255.31,direct,
2025-11-30,1764460800,0.4148,0.4274,0.4138,0.4145,30090057.43,12675215.29,direct,
2025-12-01,1764547200,0.4145,0.4156,0.3712,0.3856,140903616.61,54190390.76,direct,
2025-12-02,1764633600,0.3856,0.4388,0.385,0.4337,97517280.21,40593298.66,direct,
2025-12-03,1764720000,0.4337,0.454,0.4243,0.4501,126385573.16,55463791.83,direct,
2025-12-04,1764806400,0.4501,0.4557,0.4349,0.4395,63741406.48,28440873.11,direct,
2025-12-05,1764892800,0.4395,0.4428,0.4095,0.4158,61950830.25,26456325.63,direct,
2025-12-06,1764979200,0.4158,0.4214,0.4102,0.4138,26363063.16,10937358.07,direct,
2025-12-07,1765065600,0.4138,0.4349,0.4064,0.4175,88022030.33,36954257.02,direct,
2025-12-08,1765152000,0.4175,0.4413,0.4145,0.4329,56113563.32,24283727.58,direct,
2025-12-09,1765238400,0.4329,0.4839,0.4239,0.4698,149906466.66,68688995.96,direct,
2025-12-10,1765324800,0.4698,0.4758,0.4527,0.4536,99738120.58,46256133.12,direct,
2025-12-11,1765411200,0.4536,0.455,0.4097,0.4254,115909397.56,49098006.18,direct,
2025-12-12,1765497600,0.4254,0.4292,0.4037,0.4091,68099970.14,28436064.55,direct,
2025-12-13,1765584000,0.4091,0.4156,0.4064,0.4107,30286033.71,12442616.44,direct,
2025-12-14,1765670400,0.4107,0.4116,0.3922,0.3963,60376425.15,24203312.28,direct,
2025-12-15,1765756800,0.3963,0.4075,0.3772,0.3882,87974047.42,34271474.4,direct,
2025-12-16,1765843200,0.3882,0.3915,0.3778,0.386,63901537.22,24601660.11,direct,
2025-12-17,1765929600,0.386,0.4,0.3638,0.3671,92956950.89,35149931.95,direct,
2025-12-18,1766016000,0.3671,0.379,0.3465,0.3512,129792239.46,47009564.14,direct,
2025-12-19,1766102400,0.3512,0.3805,0.3465,0.3767,74524846.8,27318822.86,direct,
2025-12-20,1766188800,0.3767,0.3802,0.3721,0.3729,26280174.97,9880248.83,direct,
2025-12-21,1766275200,0.3729,0.3743,0.3578,0.366,51865639.64,18911494.14,direct,
2025-12-22,1766361600,0.366,0.382,0.3619,0.3709,68443453.53,25468914.44,direct,
2025-12-23,1766448000,0.3709,0.374,0.3552,0.3626,53357908.66,19378087.56,direct,
2025-12-24,1766534400,0.3626,0.3649,0.3522,0.3564,67658099.19,24185495.16,direct,
2025-12-25,1766620800,0.3564,0.3614,0.3405,0.3435,54488759.48,19234103.62,direct,
2025-12-26,1766707200,0.3435,0.358,0.3418,0.3494,61949147.0,21724441.08,direct,
2025-12-27,1766793600,0.3494,0.3706,0.3485,0.3696,44287631.33,15907691.95,direct,
2025-12-28,1766880000,0.3696,0.3766,0.3613,0.3684,55674074.02,20517091.47,direct,
2025-12-29,1766966400,0.3684,0.3842,0.3501,0.3529,160054885.67,58368271.08,direct,
2025-12-30,1767052800,0.3529,0.3562,0.3481,0.3511,69132233.04,24345168.35,direct,
2025-12-31,1767139200,0.3511,0.3534,0.3301,0.3331,126377151.35,42967852.15,direct,
2026-01-01,1767225600,0.3331,0.3601,0.3316,0.3562,96256197.21,33017570.16,direct,
2026-01-02,1767312000,0.3562,0.3961,0.3543,0.3947,137756495.86,51890397.51,direct,
2026-01-03,1767398400,0.3947,0.3989,0.3829,0.3895,60123960.88,23455272.91,direct,
2026-01-04,1767484800,0.3895,0.4056,0.3888,0.4007,84137178.51,33549384.93,direct,
2026-01-05,1767571200,0.4007,0.4251,0.3942,0.4214,128985967.29,52823292.91,direct,
2026-01-06,1767657600,0.4214,0.4375,0.4013,0.4195,130861224.7,54909367.48,direct,
2026-01-07,1767744000,0.4195,0.4224,0.3977,0.4022,81995136.6,33483642.1,direct,
2026-01-08,1767830400,0.4022,0.4044,0.3846,0.3955,90982305.89,35798620.88,direct,
2026-01-09,1767916800,0.3955,0.4048,0.3877,0.3911,84721826.27,33482964.06,direct,
2026-01-10,1768003200,0.3911,0.392,0.3843,0.3881,27784979.35,10799667.58,direct,
2026-01-11,1768089600,0.3881,0.3966,0.3838,0.3905,45915151.12,17958390.38,direct,
2026-01-12,1768176000,0.3905,0.403,0.3813,0.3859,81774931.5,31972840.53,direct,
2026-01-13,1768262400,0.3859,0.4264,0.3847,0.4216,98852928.81,40012068.82,direct,
2026-01-14,1768348800,0.4216,0.4269,0.4097,0.4143,116216512.32,48608112.65,direct,
2026-01-15,1768435200,0.4143,0.4143,0.3892,0.3936,89438424.12,35825568.93,direct,
2026-01-16,1768521600,0.3936,0.3984,0.3791,0.3954,52705755.89,20546587.23,direct,
2026-01-17,1768608000,0.3954,0.404,0.3934,0.3971,30340871.09,12068888.0,direct,
2026-01-18,1768694400,0.3971,0.3986,0.3748,0.3756,39348481.31,15344941.15,direct,
2026-01-19,1768780800,0.3756,0.3756,0.3479,0.3701,128812217.39,46987894.34,direct,
2026-01-20,1768867200,0.3701,0.3703,0.3466,0.3503,100552192.15,36057513.39,direct,
2026-01-21,1768953600,0.3503,0.3736,0.3465,0.3657,93294957.37,33575417.04,direct,
2026-01-22,1769040000,0.3657,0.3687,0.3555,0.359,55672000.84,20163705.73,direct,
2026-01-23,1769126400,0.359,0.3702,0.3522,0.3599,52522654.85,18952875.68,direct,
2026-01-24,1769212800,0.3599,0.362,0.356,0.3579,20124224.36,7222904.89,direct,
2026-01-25,1769299200,0.3579,0.3596,0.3327,0.3387,72280685.37,24868538.18,direct,
2026-01-26,1769385600,0.3387,0.358,0.3385,0.3518,66429506.69,23240940.99,direct,
2026-01-27,1769472000,0.3518,0.363,0.3474,0.3602,58650303.92,20785397.89,direct,
2026-01-28,1769558400,0.3602,0.3646,0.3543,0.3579,75129532.93,26921936.93,direct,
2026-01-29,1769644800,0.3579,0.3586,0.3268,0.3341,108898467.81,36918431.07,direct,
2026-01-30,1769731200,0.3341,0.3353,0.3158,0.3203,141787408.14,46081689.15,direct,
2026-01-31,1769817600,0.3203,0.3219,0.2709,0.2934,278305829.95,82251058.32,direct,
2026-02-01,1769904000,0.2934,0.2988,0.279,0.2856,179265897.05,52233119.01,direct,
2026-02-02,1769990400,0.2856,0.3034,0.2758,0.2991,232078489.03,67695290.61,direct,
2026-02-03,1770076800,0.2991,0.3046,0.2816,0.2914,169481129.45,50017434.59,direct,
2026-02-04,1770163200,0.2914,0.3022,0.2797,0.2858,159106182.85,46308474.09,direct,
2026-02-05,1770249600,0.2858,0.2891,0.2433,0.2451,335272998.71,88248938.55,direct,
2026-02-06,1770336000,0.2451,0.2842,0.2212,0.276,356747866.36,91305475.32,direct,
2026-02-07,1770422400,0.276,0.2792,0.2656,0.2721,132109862.73,36067581.58,direct,
2026-02-08,1770508800,0.2721,0.2764,0.267,0.27,63146071.59,17167083.08,direct,
2026-02-09,1770595200,0.27,0.2738,0.2594,0.2698,86105764.63,23061703.92,direct,
2026-02-10,1770681600,0.2698,0.2703,0.2598,0.2618,72502630.91,19126050.71,direct,
2026-02-11,1770768000,0.2618,0.2647,0.2504,0.2558,91582887.78,23496316.36,direct,
2026-02-12,1770854400,0.2558,0.2694,0.2558,0.2642,73053146.95,19175122.0,direct,
2026-02-13,1770940800,0.2642,0.2746,0.2582,0.2728,94025435.06,25121797.11,direct,
2026-02-14,1771027200,0.2728,0.3005,0.2726,0.295,98987266.39,28440281.92,direct,
2026-02-15,1771113600,0.295,0.3018,0.2774,0.2816,93991384.25,27156599.11,direct,
2026-02-16,1771200000,0.2816,0.289,0.2769,0.2858,67682101.17,19129236.5,direct,
2026-02-17,1771286400,0.2858,0.2896,0.2774,0.2809,72512656.09,20545435.0,direct,
2026-02-18,1771372800,0.2809,0.2873,0.2715,0.2735,57781356.28,16155224.3,direct,
2026-02-19,1771459200,0.2735,0.2772,0.2672,0.2728,61903116.2,16849161.68,direct,
2026-02-20,1771545600,0.2728,0.2936,0.2699,0.2848,100701613.94,28372516.29,direct,
2026-02-21,1771632000,0.2848,0.2864,0.2792,0.28,41965922.91,11835600.26,direct,
2026-02-22,1771718400,0.28,0.28,0.2688,0.2716,34403142.72,9414743.29,direct,
2026-02-23,1771804800,0.2716,0.2753,0.2574,0.2622,97363454.15,25779207.61,direct,
2026-02-24,1771891200,0.2622,0.2644,0.2537,0.2587,68512871.78,17737523.82,direct,
2026-02-25,1771977600,0.2587,0.3133,0.2579,0.2971,247999380.99,72381357.92,direct,
2026-02-26,1772064000,0.2971,0.3008,0.2824,0.287,116195664.99,33808957.97,direct,
2026-02-27,1772150400,0.287,0.2962,0.2727,0.2777,83568536.03,23670353.11,direct,
2026-02-28,1772236800,0.2777,0.2843,0.2595,0.2811,144727297.39,38977444.32,direct,
2026-03-01,1772323200,0.2811,0.2922,0.2692,0.2735,102640337.8,28699474.28,direct,
2026-03-02,1772409600,0.2735,0.2884,0.2687,0.277,102821203.23,28588972.36,direct,
2026-03-03,1772496000,0.277,0.2771,0.2606,0.2626,99512877.4,26559976.34,direct,
2026-03-04,1772582400,0.2626,0.2849,0.2585,0.2763,159946232.07,43718266.34,direct,
2026-03-05,1772668800,0.2763,0.278,0.2654,0.2692,88681110.99,24129608.16,direct,
2026-03-06,1772755200,0.2692,0.2719,0.2556,0.259,87293178.29,22869006.28,direct,
2026-03-07,1772841600,0.259,0.2609,0.252,0.2545,55230055.56,14143716.55,direct,
2026-03-08,1772928000,0.2545,0.2573,0.2459,0.2492,71217094.17,17891602.74,direct,
2026-03-09,1773014400,0.2492,0.2636,0.249,0.2552,99977047.6,25621160.85,direct,
2026-03-10,1773100800,0.2552,0.2739,0.2551,0.2621,101268929.93,26851144.99,direct,
2026-03-11,1773187200,0.2621,0.2678,0.2567,0.2625,69793051.09,18305751.49,direct,
2026-03-12,1773273600,0.2625,0.2657,0.258,0.2636,57506460.01,15058036.87,direct,
2026-03-13,1773360000,0.2636,0.2814,0.2632,0.2657,96971319.37,26443903.62,direct,
2026-03-14,1773446400,0.2657,0.2666,0.2587,0.2637,48375680.22,12665511.12,direct,
2026-03-15,1773532800,0.2637,0.2719,0.2615,0.2702,53867845.84,14319985.59,direct,
2026-03-16,1773619200,0.2702,0.2934,0.2689,0.2904,159184943.45,45392018.04,direct,
2026-03-17,1773705600,0.2904,0.2932,0.2821,0.289,84153522.17,24234299.75,direct,
2026-03-18,1773792000,0.289,0.2952,0.2697,0.2742,78172039.38,21906375.16,direct,
2026-03-19,1773878400,0.2742,0.2766,0.2626,0.2674,63150966.51,16922290.38,direct,
2026-03-20,1773964800,0.2674,0.273,0.2617,0.2661,50713138.48,13551875.69,direct,
2026-03-21,1774051200,0.2661,0.2673,0.2557,0.2575,41435698.95,10927978.85,direct,
2026-03-22,1774137600,0.2575,0.2601,0.2481,0.2507,74343592.27,18929358.23,direct,
2026-03-23,1774224000,0.2507,0.2669,0.2478,0.2616,98128450.53,25392350.03,direct,
2026-03-24,1774310400,0.2616,0.2683,0.2581,0.2662,58535034.9,15380913.1,direct,
2026-03-25,1774396800,0.2662,0.2767,0.2656,0.2703,70574887.07,19121268.02,direct,
2026-03-26,1774483200,0.2703,0.2705,0.2525,0.2546,60106234.46,15539769.26,direct,
2026-03-27,1774569600,0.2546,0.2561,0.2445,0.2459,79901339.93,19842944.31,direct,
2026-03-28,1774656000,0.2459,0.2527,0.244,0.2458,43723970.44,10853685.65,direct,
2026-03-29,1774742400,0.2458,0.247,0.233,0.2396,71739268.12,17340788.89,direct,
2026-03-30,1774828800,0.2396,0.2524,0.2393,0.2432,71541488.0,17661647.36,direct,
2026-03-31,1774915200,0.2432,0.249,0.2344,0.2416,89279561.72,21534863.33,direct,
2026-04-01,1775001600,0.2416,0.2544,0.2411,0.2483,93565119.92,23225726.05,direct,
2026-04-02,1775088000,0.2483,0.2507,0.2349,0.2394,119825253.07,28805148.53,direct,
2026-04-03,1775174400,0.2394,0.2511,0.2389,0.2462,78261315.5,19225174.79,direct,
2026-04-04,1775260800,0.2462,0.2498,0.2433,0.248,46729459.16,11501482.96,direct,
2026-04-05,1775347200,0.248,0.2509,0.2401,0.2507,62666019.93,15320549.08,direct,
2026-04-06,1775433600,0.2507,0.26,0.245,0.2461,106379230.77,27112078.8,direct,
2026-04-07,1775520000,0.2461,0.2662,0.2401,0.2627,112435027.06,28144174.99,direct,
2026-04-08,1775606400,0.2627,0.2643,0.25,0.2508,86679533.32,22355769.28,direct,
2026-04-09,1775692800,0.2508,0.261,0.2477,0.2541,53542744.92,13548018.78,direct,
2026-04-10,1775779200,0.2541,0.259,0.2499,0.2543,75217324.72,19081072.89,direct,
2026-04-11,1775865600,0.2543,0.2555,0.2468,0.2496,67791124.92,17032729.24,direct,
2026-04-12,1775952000,0.2496,0.2507,0.2356,0.2362,71365626.33,17196047.51,direct,
2026-04-13,1776038400,0.2362,0.2491,0.236,0.2487,85974453.09,20723592.69,direct,
2026-04-14,1776124800,0.2487,0.2496,0.2387,0.2397,68789805.07,16788821.72,direct,
2026-04-15,1776211200,0.2397,0.2504,0.2383,0.246,61655113.64,15044889.47,direct,
2026-04-16,1776297600,0.246,0.2615,0.2439,0.2593,96252404.06,24324513.83,direct,
2026-04-17,1776384000,0.2593,0.2681,0.2522,0.2588,94765706.53,24701750.55,direct,
2026-04-18,1776470400,0.2588,0.2596,0.2476,0.2491,45829242.39,11582851.86,direct,
2026-04-19,1776556800,0.2491,0.251,0.2411,0.2425,66303598.56,16343102.98,direct,
2026-04-20,1776643200,0.2425,0.2516,0.2422,0.248,53871740.7,13321175.62,direct,
2026-04-21,1776729600,0.248,0.2524,0.2443,0.2499,58905324.44,14624920.22,direct,
2026-04-22,1776816000,0.2499,0.2576,0.2482,0.2485,67385393.08,17104516.8,direct,
2026-04-23,1776902400,0.2485,0.2509,0.2448,0.2499,57130709.75,14144487.92,direct,
2026-04-24,1776988800,0.2499,0.2529,0.2474,0.2504,46389076.85,11624927.4,direct,
2026-04-25,1777075200,0.2504,0.2539,0.2483,0.2504,37184557.1,9337900.94,direct,
2026-04-26,1777161600,0.2504,0.2543,0.2486,0.2522,34019019.5,8566121.65,direct,
2026-04-27,1777248000,0.2522,0.2561,0.2432,0.2481,61167421.34,15224294.04,direct,
2026-04-28,1777334400,0.2481,0.2488,0.2443,0.2469,33241815.01,8199119.79,direct,
2026-04-29,1777420800,0.2469,0.2539,0.2385,0.2445,100934512.25,24846379.29,direct,
2026-04-30,1777507200,0.2445,0.2483,0.2445,0.2461,37385075.16,9206812.89,direct,
2026-05-01,1777593600,0.2461,0.251,0.2459,0.2483,46515555.18,11584176.73,direct,
2026-05-02,1777680000,0.2483,0.2527,0.247,0.2501,24382801.38,6085078.13,direct,
2026-05-03,1777766400,0.2501,0.2517,0.2474,0.2495,27057571.06,6757002.76,direct,
2026-05-04,1777852800,0.2495,0.2549,0.247,0.2498,73054403.64,18331662.55,direct,
2026-05-05,1777939200,0.2498,0.2657,0.2497,0.2621,88703462.94,22924104.36,direct,
2026-05-06,1778025600,0.2621,0.2737,0.2598,0.2669,88634994.82,23674808.84,direct,
2026-05-07,1778112000,0.2669,0.2703,0.2598,0.2627,70546768.86,18694866.26,direct,
2026-05-08,1778198400,0.2627,0.2783,0.2601,0.2735,48226289.54,13013756.98,direct,
2026-05-09,1778284800,0.2735,0.2784,0.2693,0.271,54267279.68,14839979.98,direct,
2026-05-10,1778371200,0.271,0.2886,0.2684,0.2824,96959693.88,27209340.32,direct,
2026-05-11,1778457600,0.2824,0.2833,0.274,0.2804,94294861.78,26365866.66,direct,
2026-05-12,1778544000,0.2804,0.2818,0.2673,0.271,69473648.09,18999491.7,direct,
2026-05-13,1778630400,0.271,0.2775,0.2613,0.2646,76523393.37,20524497.95,direct,
2026-05-14,1778716800,0.2646,0.2804,0.2623,0.2705,84032013.58,22745941.92,direct,
2026-05-15,1778803200,0.2705,0.2727,0.257,0.2583,48666562.0,12921582.24,direct,
